date,market,cat,seed,term,score,engines
2026-10-08,CN,it,DeepSeek-V4.1,deepseek v4正式版要来了,0.87,baidu
2026-10-08,CN,it,DeepSeek-V4.1,deepseek v4正式版上线,0.86,baidu
2026-10-08,CN,it,DeepSeek-V4.1,deepseekv4上线两大版本,0.86,baidu
2026-10-08,CN,it,DeepSeek-V4.1,deepseek到底更不更新v4正式版了,0.856,baidu
2026-10-08,CN,it,RISC-V,riscv架构与嵌入式开发快速入门pdf,0.856,baidu
2026-10-08,CN,it,DeepSeek-V4.1,2021年内乡一高录取多少学生,0.85,baidu
2026-10-08,CN,it,DeepSeek-V4.1,deepseek为什么用不了了,0.85,baidu
2026-10-08,CN,it,DeepSeek-V4.1,deepseek怎么用新手教程,0.85,baidu
2026-10-08,CN,it,TCP 拥塞控制,假如tcp拥塞窗口设为18kb,0.85,baidu
2026-10-08,CN,it,2026年新加坡大奖赛,新加坡大奖赛2026门票怎么买,0.85,baidu
2026-10-08,CN,it,2026年新加坡大奖赛,2025新加坡大奖赛正赛回放,0.84,baidu
2026-10-08,CN,it,DeepSeek-V4.1,deepseek v4 价格,0.84,baidu
2026-10-08,CN,it,Kubernetes 运维,k8s运维工程师一般工作时间,0.84,baidu
2026-10-08,CN,it,Kubernetes 运维,kubernetes api,0.84,baidu
2026-10-08,CN,it,Kubernetes 运维,kubernetes快速部署,0.84,baidu
2026-10-08,CN,it,RISC-V,riscv芯片是杂牌还是名牌,0.84,baidu
2026-10-08,CN,it,DeepSeek-V4.1,deepseek更新后越来越不好用了,0.836,baidu
2026-10-08,CN,it,2026年新加坡大奖赛,新加坡大奖赛2026日程表,0.83,baidu
2026-10-08,CN,it,Kubernetes 运维,kubernetes网络,0.82,baidu
2026-10-08,CN,it,Kubernetes 运维,kubernetes详解,0.82,baidu
2026-10-08,CN,it,2026年新加坡大奖赛,新加坡大奖赛在哪里可以看,0.82,baidu
2026-10-08,CN,it,Kubernetes 运维,k8s属于运维工程师工作强度大吗,0.816,baidu
2026-10-08,CN,it,TCP 拥塞控制,拥塞控制是哪一层的功能,0.81,baidu
2026-10-08,CN,science,黑胸鵪鶉,鹌鹑有的胸瘦刀片的原因,0.81,baidu
2026-10-08,CN,it,DeepSeek-V4.1,deepseek v4正式版本,0.806,baidu
2026-10-08,CN,it,Kubernetes 运维,kubernetescniplugin,0.801,baidu
2026-10-08,CN,it,DeepSeek-V4.1,deepseek教程,0.8,baidu
2026-10-08,CN,it,RISC-V,risc有多少条指令,0.8,baidu
2026-10-08,CN,science,中子星,中子星还能继续坍塌吗,0.8,baidu
2026-10-08,CN,it,微服务,微服务为什么需要网关,0.8,baidu
2026-10-08,CN,science,系外行星,系外行星发现最新进展,0.8,baidu
2026-10-08,CN,science,黑胸鵪鶉,非洲黑鹌鹑饲养和管理,0.8,baidu
2026-10-08,CN,it,DeepSeek-V4.1,deepseek v4 r1,0.796,baidu
2026-10-08,CN,it,DeepSeek-V4.1,deepseek实用操作指南,0.796,baidu
2026-10-08,CN,it,Kubernetes 运维,kubernetes管理界面,0.796,baidu
2026-10-08,CN,it,TCP 拥塞控制,tcp拥塞窗口大小与传输轮次,0.796,baidu
2026-10-08,CN,it,Kubernetes 运维,k8s运维是干嘛的,0.79,baidu
2026-10-08,CN,it,RISC-V,riscv中文手册,0.79,baidu
2026-10-08,CN,science,中子星,中子星为什么那么小,0.79,baidu
2026-10-08,CN,science,中子星,中子星是什么玩意儿,0.79,baidu
2026-10-08,CN,it,RISC-V,为什么叫riscv,0.79,baidu
2026-10-08,CN,it,TCP 拥塞控制,拥塞控制的四种算法,0.79,baidu
2026-10-08,CN,science,系外行星,系外行星发现了多少,0.79,baidu
2026-10-08,CN,it,DeepSeek-V4.1,deepseek新版本功能,0.786,baidu
2026-10-08,CN,it,DeepSeek-V4.1,deepseek正式版v4,0.786,baidu
2026-10-08,CN,it,TCP 拥塞控制,tcp如何判断网络出现拥塞,0.786,baidu
2026-10-08,CN,it,RISC-V,risc使用方法,0.78,baidu
2026-10-08,CN,science,中子星,中子星怎么画男版,0.78,baidu
2026-10-08,CN,it,微服务,微服务 服务发现,0.78,baidu
2026-10-08,CN,it,TCP 拥塞控制,拥塞控制四个阶段,0.78,baidu
2026-10-08,CN,it,2026年新加坡大奖赛,新加坡大奖赛赛道,0.78,baidu
2026-10-08,CN,science,系外行星,系外行星全部名单,0.78,baidu
2026-10-08,CN,science,系外行星,系外行星真实照片,0.78,baidu
2026-10-08,CN,it,Kubernetes 运维,k8s运维工程师说白了是干什么的,0.771,baidu
2026-10-08,CN,it,RISC-V,riscv指令,0.77,baidu
2026-10-08,CN,science,中子星,中子星个100,0.77,baidu
2026-10-08,CN,science,中子星,中子星是哪来的,0.77,baidu
2026-10-08,CN,science,系外行星,什么叫系外行星,0.77,baidu
2026-10-08,CN,it,TCP 拥塞控制,什么是拥塞控制,0.77,baidu
2026-10-08,CN,it,微服务,微服务从零到一,0.77,baidu
2026-10-08,CN,it,微服务,微服务怎么拆分,0.77,baidu
2026-10-08,CN,science,系外行星,系外行星大盘点,0.77,baidu
2026-10-08,CN,it,Kubernetes 运维,kubectl run,0.766,baidu
2026-10-08,CN,science,中子星,中子星为什么这么重动画,0.766,baidu
2026-10-08,CN,it,TCP 拥塞控制,拥塞控制control,0.766,baidu
2026-10-08,CN,it,DeepSeek-V4.1,deepseekv4api价格,0.761,baidu
2026-10-08,CN,it,DeepSeek-V4.1,deepseekv4正式版实测,0.761,baidu
2026-10-08,CN,science,黑胸鵪鶉,鹌鹑鸟能吃吗,0.76,baidu
2026-10-08,CN,it,RISC-V,riscv是什么意思,0.756,baidu
2026-10-08,CN,science,黑胸鵪鶉,小鹌鹑黑的就是公的吗,0.756,baidu
2026-10-08,CN,it,微服务,微服务入门实战与进阶,0.756,baidu
2026-10-08,CN,it,微服务,微服务怎么解决高并发,0.756,baidu
2026-10-08,CN,science,系外行星,系外行星实际大小数据,0.756,baidu
2026-10-08,CN,science,黑胸鵪鶉,非洲黑鹌鹑分公母视频,0.756,baidu
2026-10-08,CN,it,Kubernetes 运维,kubernetes入门指南,0.751,baidu
2026-10-08,CN,it,Kubernetes 运维,k8s运维,0.75,baidu
2026-10-08,CN,it,RISC-V,risc5,0.75,baidu
2026-10-08,CN,it,RISC-V,ris是啥,0.75,baidu
2026-10-08,CN,science,中子星,中子星百科,0.75,baidu
2026-10-08,CN,science,中子星,中子星资料,0.75,baidu
2026-10-08,CN,it,微服务,微服务是啥,0.75,baidu
2026-10-08,CN,it,微服务,微服务知乎,0.75,baidu
2026-10-08,CN,science,黑胸鵪鶉,鹌鹑179,0.75,baidu
2026-10-08,CN,it,DeepSeek-V4.1,deepseek v4p版本还能用吗,0.747,baidu
2026-10-08,CN,it,Kubernetes 运维,k8s运维管理平台,0.746,baidu
2026-10-08,CN,science,中子星,中子星怎么画简笔画,0.746,baidu
2026-10-08,CN,science,中子星,中子星能呑下地球吗,0.746,baidu
2026-10-08,CN,science,系外行星,系外行星大小排名表,0.746,baidu
2026-10-08,CN,science,系外行星,系外行星有几种类别,0.746,baidu
2026-10-08,CN,it,DeepSeek-V4.1,deepseek v4下载,0.741,baidu
2026-10-08,CN,it,DeepSeek-V4.1,deepseekr1用不了,0.741,baidu
2026-10-08,CN,it,TCP 拥塞控制,tcp拥塞窗口门限值怎么算,0.741,baidu
2026-10-08,CN,science,黑胸鵪鶉,鹌鹑胸口有黑色斑点是公的吗,0.741,baidu
2026-10-08,CN,it,微服务,微服务题,0.74,baidu
2026-10-08,CN,it,DeepSeek-V4.1,deepseekv4正式版在哪里用,0.737,baidu
2026-10-08,CN,it,RISC-V,riscvcpu,0.736,baidu
2026-10-08,CN,science,中子星,中子星存在的意义,0.736,baidu
2026-10-08,CN,it,微服务,微服务一般指什么,0.736,baidu
2026-10-08,CN,it,微服务,微服务是什么平台,0.736,baidu
2026-10-08,CN,it,DeepSeek-V4.1,deepseek4正式版,0.731,baidu
2026-10-08,CN,it,Kubernetes 运维,k8s运维部署,0.726,baidu
2026-10-08,CN,science,中子星,中子星是什么态,0.726,baidu
2026-10-08,CN,science,中子星,中子星科普视频,0.726,baidu
2026-10-08,CN,science,中子星,中子星资料详细,0.726,baidu
2026-10-08,CN,science,系外行星,系外行星app,0.726,baidu
2026-10-08,CN,science,系外行星,系外行星的定义,0.726,baidu
2026-10-08,CN,it,RISC-V,risug多少钱,0.723,baidu
2026-10-08,CN,it,RISC-V,riscv iommu,0.721,baidu
2026-10-08,CN,science,中子星,中子星为什么旋转那么快,0.721,baidu
2026-10-08,CN,science,中子星,中子星是什么元素构成的,0.721,baidu
2026-10-08,CN,it,RISC-V,riscv指令一览表,0.72,baidu
2026-10-08,CN,it,RISC-V,ris是什么,0.716,baidu
2026-10-08,CN,it,DeepSeek-V4.1,中学生的暗恋,0.716,baidu
2026-10-08,CN,it,微服务,微服务app,0.716,baidu
2026-10-08,CN,it,DeepSeek-V4.1,deepseek下载及新手使用教程分析,0.712,baidu
2026-10-08,CN,it,DeepSeek-V4.1,deepseek如何,0.711,baidu
2026-10-08,CN,it,RISC-V,risc是什么的简称,0.711,baidu
2026-10-08,CN,science,中子星,中子星能不能压碎太阳,0.711,baidu
2026-10-08,CN,it,微服务,微服务是什么时候出的,0.711,baidu
2026-10-08,CN,science,系外行星,系外行星大小对比合集,0.711,baidu
2026-10-08,CN,it,DeepSeek-V4.1,deepseek更新后难用了,0.707,baidu
2026-10-08,CN,it,TCP 拥塞控制,tcp拥塞控制中慢启动的过程,0.707,baidu
2026-10-08,CN,it,微服务,为什么需要微服务 infoq,0.707,baidu
2026-10-08,CN,science,中子星,中子星行星,0.706,baidu
2026-10-08,CN,science,中子星,中子星真实画法步骤,0.701,baidu
2026-10-08,CN,it,微服务,微服务怎么拆分模块,0.701,baidu
2026-10-08,CN,it,微服务,微服务的好处与弊端,0.701,baidu
2026-10-08,CN,other,多肉植物,购买多肉植物价格表,0.701,baidu
2026-10-08,CN,it,DeepSeek-V4.1,deepseekv4官方版,0.697,baidu
2026-10-08,CN,it,Kubernetes 运维,kubernete解决方案,0.697,baidu
2026-10-08,CN,science,中子星,中子星为什么会发射伽马射线,0.697,baidu
2026-10-08,CN,it,RISC-V,risc,0.696,baidu
2026-10-08,CN,science,中子星,中子星怎么画图片,0.691,baidu
2026-10-08,CN,it,2026年新加坡大奖赛,新加坡大奖赛票价,0.691,baidu
2026-10-08,CN,science,系外行星,系外行星分类大全,0.691,baidu
2026-10-08,CN,science,系外行星,系外行星名称大全,0.691,baidu
2026-10-08,CN,science,系外行星,系外行星地表图片,0.691,baidu
2026-10-08,CN,it,DeepSeek-V4.1,3岁的男孩子送什么礼物好,0.687,baidu
2026-10-08,CN,it,DeepSeek-V4.1,deepseek使用教程,0.687,baidu
2026-10-08,CN,it,DeepSeek-V4.1,deepseek教程下载,0.687,baidu
2026-10-08,CN,science,黑胸鵪鶉,鹌鹑吧,0.686,baidu
2026-10-08,CN,it,DeepSeek-V4.1,deepseek v4 最新评测,0.682,baidu
2026-10-08,CN,it,DeepSeek-V4.1,brian英文,0.681,baidu
2026-10-08,CN,it,RISC-V,risc是什么,0.681,baidu
2026-10-08,CN,science,中子星,中子星很危险吗,0.681,baidu
2026-10-08,CN,science,中子星,中子星有多厉害,0.681,baidu
2026-10-08,CN,it,微服务,微服务中的服务,0.681,baidu
2026-10-08,CN,it,微服务,微服务是干嘛的,0.681,baidu
2026-10-08,CN,science,系外行星,系外行星分布图,0.681,baidu
2026-10-08,CN,science,黑胸鵪鶉,非洲黑鹌鹑寿命,0.681,baidu
2026-10-08,CN,it,RISC-V,riscv芯片能用在什么地方,0.68,baidu
2026-10-08,CN,it,DeepSeek-V4.1,deepseek多少钱,0.677,baidu
2026-10-08,CN,it,Kubernetes 运维,k8s运维面试题与答案,0.677,baidu
2026-10-08,CN,it,DeepSeek-V4.1,deepseekv4版本怎么用,0.672,baidu
2026-10-08,CN,science,中子星,中子星存在吗,0.671,baidu
2026-10-08,CN,it,2026年新加坡大奖赛,2025新加坡大奖赛,0.667,baidu
2026-10-08,CN,science,中子星,中子星怎么画?要素描,0.667,baidu
2026-10-08,CN,it,DeepSeek-V4.1,deepseekv4使用教程,0.662,baidu
2026-10-08,CN,it,DeepSeek-V4.1,deepseek免费使用教程,0.662,baidu
2026-10-08,CN,it,DeepSeek-V4.1,deepseek最新版本v4,0.662,baidu
2026-10-08,CN,it,RISC-V,risc v,0.66,baidu
2026-10-08,CN,it,DeepSeek-V4.1,deepseek v4正式版太便宜了,0.658,baidu
2026-10-08,CN,it,DeepSeek-V4.1,为什么deepseek总是加载不出来,0.658,baidu
2026-10-08,CN,science,中子星,中子星到底有多可怕,0.657,baidu
2026-10-08,CN,science,黑胸鵪鶉,鹌鹑幼鸟有黑色的吗,0.657,baidu
2026-10-08,CN,it,DeepSeek-V4.1,deepseek已经是最新版本了但还是说不是,0.653,baidu
2026-10-08,CN,it,Kubernetes 运维,kubernetessvc,0.652,baidu
2026-10-08,CN,it,RISC-V,riscv架构是哪个国家的,0.652,baidu
2026-10-08,CN,science,系外行星,系外行星lhs 1140b,0.652,baidu
2026-10-08,CN,science,黑胸鵪鶉,黑羽鹌鹑,0.651,baidu
2026-10-08,CN,it,RISC-V,rivianr1t多少钱,0.649,baidu
2026-10-08,CN,it,DeepSeek-V4.1,deepseek正式版v4新增功能,0.648,baidu
2026-10-08,CN,science,中子星,中子星是什么星球,0.647,baidu
2026-10-08,CN,science,中子星,中子星能不能生存,0.647,baidu
2026-10-08,CN,it,微服务,微服务是什么语言,0.647,baidu
2026-10-08,CN,science,系外行星,系外行星有卫星吗,0.647,baidu
2026-10-08,CN,science,系外行星,系外行星有照片吗,0.647,baidu
2026-10-08,CN,it,RISC-V,rvw多少钱,0.646,baidu
2026-10-08,CN,it,DeepSeek-V4.1,2012男子单人十米跳台,0.642,baidu
2026-10-08,CN,it,Kubernetes 运维,kubectldebug,0.642,baidu
2026-10-08,CN,it,RISC-V,riscv指令对应的代码,0.642,baidu
2026-10-08,CN,it,TCP 拥塞控制,tcp的拥塞窗口cwnd,0.642,baidu
2026-10-08,CN,it,RISC-V,riscv官网,0.637,baidu
2026-10-08,CN,science,中子星,中子星百度百科,0.637,baidu
2026-10-08,CN,it,微服务,微服务开发官网,0.637,baidu
2026-10-08,CN,it,微服务,微服务怎么绑定,0.637,baidu
2026-10-08,CN,science,系外行星,系外行星的种类,0.637,baidu
2026-10-08,CN,science,中子星,中子星为什么温度那么高,0.632,baidu
2026-10-08,CN,it,微服务,微服务是什么意思大白话,0.632,baidu
2026-10-08,CN,it,DeepSeek-V4.1,deepseek v4版本发布,0.628,baidu
2026-10-08,CN,it,TCP 拥塞控制,tcp拥塞cubic与reno,0.628,baidu
2026-10-08,CN,it,TCP 拥塞控制,tcp拥塞算法westwood,0.628,baidu
2026-10-08,CN,it,RISC-V,risc产品,0.627,baidu
2026-10-08,CN,science,中子星,中子星zzx,0.627,baidu
2026-10-08,CN,it,RISC-V,riscv指令集手册,0.622,baidu
2026-10-08,CN,science,中子星,中子星能不能打爆黑洞,0.622,baidu
2026-10-08,CN,it,微服务,微服务国内为啥又不了,0.622,baidu
2026-10-08,CN,it,DeepSeek-V4.1,1993年鸡阴历6月29日生,0.618,baidu
2026-10-08,CN,science,中子星,中子星排名,0.617,baidu
2026-10-08,CN,it,微服务,微服务工具,0.617,baidu
2026-10-08,CN,it,RISC-V,riscv core v wally,0.613,baidu
2026-10-08,CN,science,中子星,中子星怎么画才好看,0.612,baidu
2026-10-08,CN,it,微服务,微服务是怎么部署的,0.612,baidu
2026-10-08,CN,it,微服务,用微服务的公司多吗,0.612,baidu
2026-10-08,CN,science,系外行星,系外行星太空大揭秘,0.612,baidu
2026-10-08,CN,it,RISC-V,rivian r1s 的价格,0.611,baidu
2026-10-08,CN,it,RISC-V,risv什么意思,0.602,baidu
2026-10-08,CN,science,中子星,中子星一般有多大,0.602,baidu
2026-10-08,CN,science,中子星,中子星的可怕之处,0.602,baidu
2026-10-08,CN,it,DeepSeek-V4.1,deepseek入门指南,0.598,baidu
2026-10-08,CN,science,系外行星,系外行星大小对比2022,0.598,baidu
2026-10-08,CN,it,RISC-V,riscv介绍,0.592,baidu
2026-10-08,CN,science,中子星,中子星是什么星,0.592,baidu
2026-10-08,CN,science,中子星,中子星有什么用,0.592,baidu
2026-10-08,CN,it,微服务,微服务怎么加入,0.592,baidu
2026-10-08,CN,it,Kubernetes 运维,kubelet状态维护,0.588,baidu
2026-10-08,CN,science,中子星,中子星为什么会高速旋转,0.588,baidu
2026-10-08,CN,it,微服务,微信服务为什么打不开了,0.588,baidu
2026-10-08,CN,it,DeepSeek-V4.1,deepseekv4正式版价格,0.583,baidu
2026-10-08,CN,it,DeepSeek-V4.1,如何使用deepseek v4,0.583,baidu
2026-10-08,CN,it,2026年新加坡大奖赛,新加坡大奖赛2026门票多少钱,0.583,baidu
2026-10-08,CN,it,微服务,微服务api,0.582,baidu
2026-10-08,CN,it,DeepSeek-V4.1,deepseek v4 api key,0.579,baidu
2026-10-08,CN,science,中子星,中子星怎么画图片简单,0.578,baidu
2026-10-08,CN,science,中子星,中子星能不能穿过黑洞,0.578,baidu
2026-10-08,CN,science,系外行星,系外行星大小2020,0.578,baidu
2026-10-08,CN,it,RISC-V,riscv是什么软件还是硬件,0.573,baidu
2026-10-08,CN,it,微服务,微服务是什么?怎么架构微服务,0.573,baidu
2026-10-08,CN,it,2026年新加坡大奖赛,2026年新加坡大奖赛 为什么不直播,0.569,baidu
2026-10-08,CN,it,DeepSeek-V4.1,deepseek正式版实测,0.563,baidu
2026-10-08,CN,science,中子星,中子星的存在已经被证实了吗,0.563,baidu
2026-10-08,CN,it,2026年新加坡大奖赛,2026年新加坡大奖赛 是什么赛事,0.559,baidu
2026-10-08,CN,it,DeepSeek-V4.1,deepseek一小时入门教程下载,0.559,baidu
2026-10-08,CN,science,中子星,中子星是什么颜色,0.558,baidu
2026-10-08,CN,it,微服务,微服务是什么架构,0.558,baidu
2026-10-08,CN,science,黑胸鵪鶉,黑鹌鹑怎么分公母,0.558,baidu
2026-10-08,CN,it,微服务,微服务为什么用多个数据库,0.553,baidu
2026-10-08,CN,it,Kubernetes 运维,运维k8s员工上班的感受,0.553,baidu
2026-10-08,CN,it,2026年新加坡大奖赛,2026年新加坡大奖赛 多少钱啊,0.549,baidu
2026-10-08,CN,it,DeepSeek-V4.1,deepseek为什么不能联网了,0.549,baidu
2026-10-08,CN,it,微服务,微服务为什么可以不配用户名和密码,0.549,baidu
2026-10-08,CN,it,微服务,微服务怎么部署,0.548,baidu
2026-10-08,CN,it,微服务,微服务架构原理,0.548,baidu
2026-10-08,CN,it,微服务,微服务那些事儿,0.548,baidu
2026-10-08,CN,science,系外行星,系外行星存在吗,0.548,baidu
2026-10-08,CN,it,DeepSeek-V4.1,ca722航班回国经过,0.543,baidu
2026-10-08,CN,it,Kubernetes 运维,k8s运维工程师做啥的,0.543,baidu
2026-10-08,CN,science,中子星,中子星排名前10有哪些,0.543,baidu
2026-10-08,CN,it,DeepSeek-V4.1,deepseek 最新版本怎样,0.539,baidu
2026-10-08,CN,science,中子星,中子星有多强,0.538,baidu
2026-10-08,CN,it,2026年新加坡大奖赛,2026年新加坡大奖赛 是什么时候开始,0.534,baidu
2026-10-08,CN,it,2026年新加坡大奖赛,2026年新加坡大奖赛 能不能重复参加,0.534,baidu
2026-10-08,CN,it,微服务,微服务为什么总是用户名不存在是什么意思,0.534,baidu
2026-10-08,CN,science,中子星,中子星为什么叫中子星,0.533,baidu
2026-10-08,CN,science,系外行星,系外行星是怎么发现的,0.533,baidu
2026-10-08,CN,it,Kubernetes 运维,运维k8s工作太难了,0.533,baidu
2026-10-08,CN,it,Kubernetes 运维,运维skills token,0.529,baidu
2026-10-08,CN,it,微服务,微服务技术,0.528,baidu
2026-10-08,CN,it,2026年新加坡大奖赛,2026年新加坡大奖赛 为什么没有了,0.524,baidu
2026-10-08,CN,it,RISC-V,risc-v龙头股,0.523,baidu
2026-10-08,CN,science,中子星,中子星有多可怕视频,0.523,baidu
2026-10-08,CN,science,中子星,中子星能不能站人?,0.523,baidu
2026-10-08,CN,science,黑胸鵪鶉,非洲黑鹌鹑能长多重,0.523,baidu
2026-10-08,CN,science,黑胸鵪鶉,黑的鹌鹑还是白的好,0.523,baidu
2026-10-08,CN,it,DeepSeek-V4.1,deepseek v4定价,0.519,baidu
2026-10-08,CN,it,2026年新加坡大奖赛,2026年新加坡大奖赛 多少钱一次,0.514,baidu
2026-10-08,CN,it,DeepSeek-V4.1,deepseek v4价格永久降价,0.514,baidu
2026-10-08,CN,it,TCP 拥塞控制,tcp的拥塞避免,0.513,baidu
2026-10-08,CN,science,中子星,中子星是什么物质,0.513,baidu
2026-10-08,CN,it,微服务,微服务怎么找出来,0.513,baidu
2026-10-08,CN,it,微服务,微服务架构有哪些,0.513,baidu
2026-10-08,CN,science,系外行星,系外行星怎么命名,0.513,baidu
2026-10-08,CN,it,DeepSeek-V4.1,deepseek全新版本,0.509,baidu
2026-10-08,CN,it,微服务,微服务怎么保证数据一致性,0.509,baidu
2026-10-08,CN,science,系外行星,系外行星 为什么没有卫星,0.509,baidu
2026-10-08,CN,science,系外行星,系外行星 能不能看到地球,0.509,baidu
2026-10-08,CN,it,DeepSeek-V4.1,deepseek为什么不升级功能,0.504,baidu
2026-10-08,CN,it,RISC-V,rising多少钱,0.504,baidu
2026-10-08,CN,it,TCP 拥塞控制,tcp拥塞避免,0.503,baidu
2026-10-08,CN,science,中子星,中子星一般多大,0.503,baidu
2026-10-08,CN,it,DeepSeek-V4.1,14油耗投多少钱一公里,0.499,baidu
2026-10-08,CN,science,中子星,中子星是什么物质组成的,0.499,baidu
2026-10-08,CN,science,黑胸鵪鶉,黑胸鹌鹑 为什么那么贵,0.499,baidu
2026-10-08,CN,science,黑胸鵪鶉,黑胸鹌鹑 推荐什么品种,0.499,baidu
2026-10-08,CN,it,DeepSeek-V4.1,deepseek正式版v4上线,0.494,baidu
2026-10-08,CN,it,RISC-V,"risc-v第一股,冲击ipo",0.494,baidu
2026-10-08,CN,it,RISC-V,risc指令,0.493,baidu
2026-10-08,CN,it,微服务,微服务是什么,0.493,baidu
2026-10-08,CN,it,2026年新加坡大奖赛,2026年新加坡大奖赛 是什么时候举行,0.49,baidu
2026-10-08,CN,it,RISC-V,risc-v最新消息,0.489,baidu
2026-10-08,CN,it,RISC-V,riscv是什么架构,0.489,baidu
2026-10-08,CN,science,中子星,中子星能不能吞噬黑洞,0.489,baidu
2026-10-08,CN,science,黑胸鵪鶉,黑胸鹌鹑 能不能放生,0.489,baidu
2026-10-08,CN,it,DeepSeek-V4.1,deepseekv4如何使用,0.484,baidu
2026-10-08,CN,it,DeepSeek-V4.1,东南亚中南半岛人口主要分布在,0.484,baidu
2026-10-08,CN,it,2026年新加坡大奖赛,2026年新加坡大奖赛 为什么不参加,0.48,baidu
2026-10-08,CN,it,RISC-V,riscv为什么立即数扩展后左移一位,0.48,baidu
2026-10-08,CN,science,中子星,中子星为什么那么重,0.479,baidu
2026-10-08,CN,science,中子星,中子星怎么变成黑洞,0.479,baidu
2026-10-08,CN,science,中子星,中子星是什么样子的,0.479,baidu
2026-10-08,CN,it,微服务,微服务用什么实现的,0.479,baidu
2026-10-08,CN,science,系外行星,系外行星怎么发现的,0.479,baidu
2026-10-08,CN,science,黑胸鵪鶉,黑胸鹌鹑 怎么繁殖,0.479,baidu
2026-10-08,CN,science,黑胸鵪鶉,黑胸鹌鹑 教程图片,0.479,baidu
2026-10-08,CN,it,2026年新加坡大奖赛,2026年新加坡大奖赛 多少钱一场,0.47,baidu
2026-10-08,CN,it,2026年新加坡大奖赛,2026年新加坡大奖赛 能不能参加,0.47,baidu
2026-10-08,CN,it,DeepSeek-V4.1,deepseek为什么现在无法使用,0.47,baidu
2026-10-08,CN,it,RISC-V,risc的意义,0.47,baidu
2026-10-08,CN,it,TCP 拥塞控制,tcp的拥塞窗口,0.469,baidu
2026-10-08,CN,science,中子星,中子星赚得很快吗,0.469,baidu
2026-10-08,CN,it,微服务,微服务是什么软件,0.469,baidu
2026-10-08,CN,science,系外行星,系外行星数量估算,0.469,baidu
2026-10-08,CN,it,RISC-V,risc-v 是什么意思,0.464,baidu
2026-10-08,CN,it,TCP 拥塞控制,tcp拥塞控制的应用场景,0.464,baidu
2026-10-08,CN,science,系外行星,系外行星 能不能看到太阳,0.464,baidu
2026-10-08,CN,it,2026年新加坡大奖赛,2026年新加坡大奖赛 哪里举行,0.46,baidu
2026-10-08,CN,it,2026年新加坡大奖赛,2026年新加坡大奖赛 怎么参加,0.46,baidu
2026-10-08,CN,it,微服务,微服务实战图解,0.459,baidu
2026-10-08,CN,it,RISC-V,riscv是哪个公司的,0.454,baidu
2026-10-08,CN,science,中子星,中子星为什么密度这么大,0.454,baidu
2026-10-08,CN,science,中子星,中子星是什么元素组成的,0.454,baidu
2026-10-08,CN,science,系外行星,系外行星 为什么那么大,0.454,baidu
2026-10-08,CN,science,黑胸鵪鶉,黑胸鹌鹑 为什么不能养,0.454,baidu
2026-10-08,CN,science,黑胸鵪鶉,黑胸鹌鹑 怎么分辨公母,0.454,baidu
2026-10-08,CN,it,DeepSeek-V4.1,怎么使用deepseek v4,0.45,baidu
2026-10-08,CN,it,Kubernetes 运维,k8s运维工程师工资,0.444,baidu
2026-10-08,CN,it,微服务,微服务平台app下载,0.444,baidu
2026-10-08,CN,science,系外行星,系外行星 是什么行星,0.444,baidu
2026-10-08,CN,science,黑胸鵪鶉,黑胸鹌鹑 能不能养活,0.444,baidu
2026-10-08,CN,it,DeepSeek-V4.1,deepseek v4多少b,0.44,baidu
2026-10-08,CN,it,DeepSeek-V4.1,deepseek v4正式版,0.44,baidu
2026-10-08,CN,science,中子星,中子星种类,0.439,baidu
2026-10-08,CN,science,中子星,中子星解说,0.439,baidu
2026-10-08,CN,science,中子星,中子星怎么画才真实,0.434,baidu
2026-10-08,CN,science,中子星,中子星能不能赢黑洞,0.434,baidu
2026-10-08,CN,science,系外行星,系外行星怎么读英语,0.434,baidu
2026-10-08,CN,science,黑胸鵪鶉,黑胸鹌鹑 哪里有卖,0.434,baidu
2026-10-08,CN,science,黑胸鵪鶉,黑胸鹌鹑 推荐食物,0.434,baidu
2026-10-08,CN,science,黑胸鵪鶉,黑胸鹌鹑 教程图解,0.434,baidu
2026-10-08,CN,science,黑胸鵪鶉,黑胸鹌鹑 是什么鸟,0.434,baidu
2026-10-08,CN,it,DeepSeek-V4.1,deepseek v4版本,0.43,baidu
2026-10-08,CN,science,中子星,中子星多少钱一克,0.424,baidu
2026-10-08,CN,it,微服务,农行微服务是什么,0.424,baidu
2026-10-08,CN,it,微服务,微服务怎么打不开,0.424,baidu
2026-10-08,CN,it,微服务,微服务 怎么通过网关调用,0.42,baidu
2026-10-08,CN,science,系外行星,系外行星 为什么不是行星,0.42,baidu
2026-10-08,CN,it,微服务,做微服务有哪些,0.414,baidu
2026-10-08,CN,it,微服务,微服务为什么需要容器化,0.41,baidu
2026-10-08,CN,science,系外行星,系外行星合集,0.404,baidu
2026-10-08,CN,science,中子星,中子星为什么转那么快,0.4,baidu
2026-10-08,CN,science,中子星,中子星能不能变成黑洞,0.4,baidu
2026-10-08,CN,science,系外行星,系外行星 多少钱一颗,0.4,baidu
2026-10-08,CN,science,系外行星,系外行星 能不能发光,0.4,baidu
2026-10-08,CN,science,黑胸鵪鶉,黑胸鹌鹑 为什么不叫,0.4,baidu
2026-10-08,CN,science,黑胸鵪鶉,黑胸鹌鹑 怎么分公母,0.4,baidu
2026-10-08,CN,science,黑胸鵪鶉,黑胸鹌鹑 是什么品种,0.4,baidu
2026-10-08,CN,science,中子星,中子星视频,0.394,baidu
2026-10-08,CN,science,中子星,中子星长啥,0.394,baidu
2026-10-08,CN,science,黑胸鵪鶉,黑胸鹌鹑 哪里产的,0.39,baidu
2026-10-08,CN,science,黑胸鵪鶉,黑胸鹌鹑 推荐品种,0.39,baidu
2026-10-08,CN,science,黑胸鵪鶉,黑胸鹌鹑 教程视频,0.39,baidu
2026-10-08,CN,science,黑胸鵪鶉,黑胸鹌鹑 能不能养,0.39,baidu
2026-10-08,CN,it,RISC-V,riscv怎么读,0.38,baidu
2026-10-08,CN,science,中子星,中子星是什么意思,0.38,baidu
2026-10-08,CN,science,系外行星,系外行星探索方法,0.38,baidu
2026-10-08,CN,it,DeepSeek-V4.1,mft弹簧评测,0.37,baidu
2026-10-08,CN,it,RISC-V,riso多少钱,0.37,baidu
2026-10-08,CN,science,中子星,中子星怎么画?,0.37,baidu
2026-10-08,CN,it,微服务,微服务 架构图,0.37,baidu
2026-10-08,CN,it,微服务,微服务实战教程,0.37,baidu
2026-10-08,CN,it,微服务,微服务推荐书籍,0.37,baidu
2026-10-08,CN,science,系外行星,系外行星怎么读,0.37,baidu
2026-10-08,CN,science,中子星,中子星多少钱,0.36,baidu
2026-10-08,CN,science,中子星,中子星介绍,0.35,baidu
2026-10-08,CN,science,中子星,中子星在哪,0.35,baidu
2026-10-08,CN,science,中子星,中子星教程,0.35,baidu
2026-10-08,DE,economy,Staatsverschuldung,crowding out staatsverschuldung,1.0,google
2026-10-08,DE,economy,Lieferkette,cybersicherheit in der lieferkette,1.0,bing
2026-10-08,DE,economy,Handelsbilanz,handelsbilanz österreich grafik,1.0,bing
2026-10-08,DE,economy,Handelsbilanz,leistungsbilanz handelsbilanz unterschied,1.0,bing
2026-10-08,DE,economy,Lieferkette,lieferkettengesetz eu aktueller stand,1.0,google
2026-10-08,DE,it,Rust Programmierung,rust book programmierung lernen,1.0,bing
2026-10-08,DE,economy,Staatsverschuldung,staatsverschuldung frankreich 1789,1.0,google
2026-10-08,DE,economy,Staatsverschuldung,staatsverschuldung frankreich zum bip,1.0,bing
2026-10-08,DE,economy,Staatsverschuldung,staatsverschuldung griechenland 2023,1.0,bing
2026-10-08,DE,economy,Staatsverschuldung,staatsverschuldung griechenland entwicklung,1.0,google
2026-10-08,DE,economy,Staatsverschuldung,staatsverschuldung pro einwohner usa,1.0,bing
2026-10-08,DE,economy,Staatsverschuldung,staatsverschuldung vergleich bip,1.0,google
2026-10-08,DE,economy,Staatsverschuldung,staatsverschuldung österreich bip,1.0,bing
2026-10-08,DE,economy,Stablecoin,stablecoin exposure draft aicpa,1.0,bing
2026-10-08,DE,economy,Stablecoin,stablecoin regulation news august 2026,1.0,bing
2026-10-08,DE,economy,Stablecoin,stablecoin transaction volume 2025,1.0,bing
2026-10-08,DE,economy,Lieferkette,unionsdatenbank zur sicheren lieferkette,1.0,bing
2026-10-08,DE,economy,Staatsverschuldung,warum gibt es staatsverschuldung,1.0,google
2026-10-08,DE,economy,Lieferkette,warum ist das lieferkettengesetz umstritten,1.0,google
2026-10-08,DE,it,Post-Quanten-Kryptografie,was ist post-quanten-kryptografie,1.0,google
2026-10-08,DE,economy,Handelsbilanz,was zeigt eine handelsbilanz auf,1.0,bing
2026-10-08,DE,economy,Lieferkette,wertschöpfungskette und lieferkette,1.0,bing
2026-10-08,DE,economy,Stablecoin,wie heißt der stablecoin von ripple,1.0,google
2026-10-08,DE,economy,Stablecoin,yellow card publication on stablecoin,1.0,bing
2026-10-08,DE,economy,Handelsbilanz,zahlungsbilanz handelsbilanz leistungsbilanz,1.0,google
2026-10-08,DE,economy,Handelsbilanz,handelsbilanz österreich 2023,0.99,google
2026-10-08,DE,economy,Staatsverschuldung,staatsverschuldung historisch,0.99,google
2026-10-08,DE,economy,Staatsverschuldung,staatsverschuldung japan 2025,0.99,google
2026-10-08,DE,economy,Lieferkette,nachhaltige lieferkette jobs,0.98,google
2026-10-08,DE,it,Rust Programmierung,what is rust for programming,0.98,bing
2026-10-08,DE,economy,Stablecoin,österreich stablecoin steuer,0.98,google
2026-10-08,DE,economy,Handelsbilanz,handelsbilanz china schweiz,0.97,bing
2026-10-08,DE,economy,Staatsverschuldung,staatsverschuldung österreich pro kopf,0.964,bing
2026-10-08,DE,economy,Stablecoin,stablecoin regulation singapore,0.964,bing
2026-10-08,DE,economy,Handelsbilanz,handelsbilanz europa china,0.96,bing
2026-10-08,DE,economy,Lieferkette,lieferkette eines t shirts,0.96,bing
2026-10-08,DE,economy,Lieferkette,lieferkettengesetz schweiz,0.96,bing
2026-10-08,DE,economy,Stablecoin,stablecoin adoption trends,0.96,bing
2026-10-08,DE,economy,Handelsbilanz,handelsbilanz maßgeblichkeit steuerbilanz,0.956,google
2026-10-08,DE,economy,Handelsbilanz,handelsbilanz österreich italien,0.956,google
2026-10-08,DE,economy,Lieferkette,lieferkettengesetz abschaffung,0.956,google
2026-10-08,DE,economy,Staatsverschuldung,staatsverschuldung frankreich entwicklung,0.956,bing
2026-10-08,DE,economy,Staatsverschuldung,staatsverschuldung japan vs deutschland,0.956,google
2026-10-08,DE,economy,Staatsverschuldung,staatsverschuldung weltweit 2025,0.956,bing
2026-10-08,DE,economy,Stablecoin,stablecoin transaction volume,0.954,bing
2026-10-08,DE,economy,Lieferkette,compliance in der lieferkette manz,0.95,bing
2026-10-08,DE,economy,Staatsverschuldung,länder ohne staatsverschuldung,0.95,google
2026-10-08,DE,economy,Staatsverschuldung,warum ist die staatsverschuldung in frankreich so hoch,0.95,google
2026-10-08,DE,economy,Lieferkette,warum wird das lieferkettengesetz kritisiert,0.95,google
2026-10-08,DE,economy,Staatsverschuldung,staatsverschuldung hanno beck,0.946,google
2026-10-08,DE,economy,Stablecoin,stablecoin trading platforms,0.944,bing
2026-10-08,DE,economy,Lieferkette,lieferkette anderes wort,0.94,google
2026-10-08,DE,economy,Lieferkette,logistik und lieferkette,0.94,google
2026-10-08,DE,economy,Stablecoin,stablecoin pegged to usd,0.94,bing
2026-10-08,DE,economy,Stablecoin,stablecoin yield farming,0.94,google
2026-10-08,DE,economy,Handelsbilanz,handelsbilanz leicht erklärt,0.936,google
2026-10-08,DE,economy,Staatsverschuldung,staatsverschuldung japan absolut,0.933,bing
2026-10-08,DE,economy,Handelsbilanz,handelsbilanz luxemburg,0.93,google
2026-10-08,DE,economy,Lieferkette,lieferkette einer jeans,0.93,bing
2026-10-08,DE,it,Rust Programmierung,learn rust programming beginner,0.927,bing
2026-10-08,DE,economy,Staatsverschuldung,staatsverschuldung usa aktuell,0.927,bing
2026-10-08,DE,economy,Stablecoin,stablecoin arbitrage möglichkeiten,0.927,bing
2026-10-08,DE,economy,Handelsbilanz,handelsbilanz gewerbesteuer,0.926,google
2026-10-08,DE,economy,Lieferkette,downstream lieferkette,0.92,google
2026-10-08,DE,economy,Stablecoin,stablecoin explainer video,0.916,bing
2026-10-08,DE,economy,Stablecoin,stablecoin yield dashboard,0.916,google
2026-10-08,DE,economy,Stablecoin,wie sicher sind stablecoins,0.913,google
2026-10-08,DE,economy,Handelsbilanz,handelsbilanz größer steuerbilanz,0.911,google
2026-10-08,DE,economy,Handelsbilanz,handelsbilanz österreich statistik austria,0.911,google
2026-10-08,DE,economy,Lieferkette,lieferkette und wertschöpfungskette unterschied,0.911,google
2026-10-08,DE,economy,Staatsverschuldung,staatsverschuldung frankreich pro kopf,0.911,google
2026-10-08,DE,economy,Staatsverschuldung,staatsverschuldung griechenland 2024,0.911,bing
2026-10-08,DE,economy,Staatsverschuldung,staatsverschuldung griechenland 2025,0.911,google
2026-10-08,DE,economy,Staatsverschuldung,staatsverschuldung je einwohner,0.911,google
2026-10-08,DE,economy,Stablecoin,stablecoin consortium,0.91,bing
2026-10-08,DE,economy,Staatsverschuldung,staatsverschuldung folgen,0.906,google
2026-10-08,DE,economy,Staatsverschuldung,staatsverschuldung vs bip,0.906,google
2026-10-08,DE,economy,Lieferkette,lieferkettengesetz österreich,0.901,bing
2026-10-08,DE,economy,Handelsbilanz,handelsbilanz gesetz,0.9,google
2026-10-08,DE,economy,Handelsbilanz,handelsbilanz muster,0.9,google
2026-10-08,DE,economy,Lieferkette,warum ist das lieferkettengesetz wichtig,0.9,google
2026-10-08,DE,economy,Staatsverschuldung,warum ist russlands staatsverschuldung so niedrig,0.9,google
2026-10-08,DE,economy,Handelsbilanz,handelsbilanz eu schweiz,0.896,bing
2026-10-08,DE,economy,Lieferkette,lieferkette auf englisch,0.896,bing
2026-10-08,DE,economy,Lieferkette,lieferkette supply chain,0.896,bing
2026-10-08,DE,economy,Stablecoin,stablecoin ordinance hk,0.894,bing
2026-10-08,DE,economy,Staatsverschuldung,staatsverschuldung österreich 2025,0.891,bing
2026-10-08,DE,economy,Stablecoin,stablecoin arbitrage strategies,0.891,bing
2026-10-08,DE,economy,Stablecoin,stablecoin ordinance hong kong,0.891,bing
2026-10-08,DE,economy,Stablecoin,stablecoin regulatory framework,0.891,bing
2026-10-08,DE,economy,Stablecoin,stablecoin xrp kurs,0.89,google
2026-10-08,DE,economy,Stablecoin,vilka är stablecoin,0.89,google
2026-10-08,DE,economy,Staatsverschuldung,staatsverschuldung peru,0.886,google
2026-10-08,DE,economy,Stablecoin,wie werden stablecoins versteuert,0.886,google
2026-10-08,DE,it,Rust Programmierung,how to program in rust,0.884,bing
2026-10-08,DE,it,Rust Programmierung,rust programming tutorial pdf,0.881,bing
2026-10-08,DE,economy,Staatsverschuldung,staatsverschuldung g20,0.876,google
2026-10-08,DE,economy,Stablecoin,stablecoin x inc stock,0.876,google
2026-10-08,DE,economy,Handelsbilanz,zuschuss handelsbilanz,0.876,google
2026-10-08,DE,economy,Stablecoin,stablecoin act canada,0.874,bing
2026-10-08,DE,economy,Staatsverschuldung,staatsverschuldung vatikan,0.871,google
2026-10-08,DE,economy,Handelsbilanz,handelsbilanz landwirtschaft deutschland,0.867,bing
2026-10-08,DE,economy,Handelsbilanz,handelsbilanz mit plausibilitätsbeurteilung,0.867,bing
2026-10-08,DE,economy,Handelsbilanz,handelsbilanz zwischen usa und deutschland,0.867,google
2026-10-08,DE,economy,Handelsbilanz,handelsbilanz österreich deutschland,0.867,google
2026-10-08,DE,economy,Lieferkette,lieferkette automobilindustrie,0.867,bing
2026-10-08,DE,economy,Lieferkette,lieferkettengesetz deutschland aktueller stand,0.867,google
2026-10-08,DE,economy,Staatsverschuldung,staatsverschuldung frankreich vs deutschland,0.867,google
2026-10-08,DE,economy,Staatsverschuldung,staatsverschuldung griechenland aktuell,0.867,google
2026-10-08,DE,economy,Staatsverschuldung,staatsverschuldung polen entwicklung,0.867,google
2026-10-08,DE,economy,Stablecoin,stablecoin pegged to sek,0.867,bing
2026-10-08,DE,economy,Lieferkette,was ist die lieferkette,0.863,bing
2026-10-08,DE,economy,Handelsbilanz,handelsbilanz liquidation,0.861,google
2026-10-08,DE,economy,Staatsverschuldung,staatsverschuldung thailand,0.861,bing
2026-10-08,DE,economy,Stablecoin,stablecoin yield platform,0.861,google
2026-10-08,DE,economy,Stablecoin,stablecoin terra,0.86,google
2026-10-08,DE,economy,Staatsverschuldung,staatsverschuldung japan 2024,0.857,bing
2026-10-08,DE,economy,Stablecoin,stablecoin reserve fund,0.857,bing
2026-10-08,DE,economy,Lieferkette,digitale lieferkette,0.856,google
2026-10-08,DE,economy,Handelsbilanz,handelsbilanz europa,0.856,google
2026-10-08,DE,it,Rust Programmierung,rust programming for beginners,0.855,bing
2026-10-08,DE,economy,Staatsverschuldung,staatsverschuldung haiti,0.851,google
2026-10-08,DE,economy,Lieferkette,digitale lieferkette optimieren,0.85,bing
2026-10-08,DE,economy,Staatsverschuldung,staatsverschuldung gut oder schlecht,0.85,google
2026-10-08,DE,economy,Lieferkette,warum soll das lieferkettengesetz abgeschafft werden,0.85,google
2026-10-08,DE,economy,Staatsverschuldung,warum steigt die staatsverschuldung,0.85,google
2026-10-08,DE,economy,Staatsverschuldung,staatsverschuldung china 2024,0.845,bing
2026-10-08,DE,economy,Handelsbilanz,handelsbilanz china eu,0.84,bing
2026-10-08,DE,economy,Stablecoin,stablecoin run,0.84,google
2026-10-08,DE,economy,Stablecoin,stablecoin zar,0.84,google
2026-10-08,DE,economy,Stablecoin,stablecoin yields and banks,0.837,bing
2026-10-08,DE,economy,Lieferkette,uniqlo lieferkette,0.836,google
2026-10-08,DE,economy,Stablecoin,wie mit stablecoins geld verdienen,0.829,google
2026-10-08,DE,economy,Stablecoin,stablecoin transfers,0.827,bing
2026-10-08,DE,economy,Staatsverschuldung,staatsverschuldung usa 2025,0.825,bing
2026-10-08,DE,economy,Handelsbilanz,handelsbilanz leistungsbilanz kapitalbilanz,0.822,google
2026-10-08,DE,economy,Handelsbilanz,handelsbilanz zwischen usa und europa,0.822,google
2026-10-08,DE,economy,Lieferkette,lieferkettengesetz was ist das,0.822,google
2026-10-08,DE,economy,Staatsverschuldung,staatsverschuldung frankreich 2024,0.822,bing
2026-10-08,DE,economy,Staatsverschuldung,staatsverschuldung japan in prozent,0.822,google
2026-10-08,DE,economy,Staatsverschuldung,staatsverschuldung vergleich europa,0.822,google
2026-10-08,DE,economy,Handelsbilanz,handelsbilanz england,0.821,google
2026-10-08,DE,economy,Handelsbilanz,handelsbilanz marokko,0.821,google
2026-10-08,DE,economy,Stablecoin,stablecoin xrp ledger,0.821,google
2026-10-08,DE,economy,Handelsbilanz,handelsbilanz österreich aktuell,0.818,bing
2026-10-08,DE,it,Rust Programmierung,rust programming language tutorial,0.818,bing
2026-10-08,DE,economy,Staatsverschuldung,staatsverschuldung china in dollar,0.818,bing
2026-10-08,DE,economy,Staatsverschuldung,staatsverschuldung österreich 2026,0.818,bing
2026-10-08,DE,economy,Staatsverschuldung,staatsverschuldung formel,0.817,bing
2026-10-08,DE,economy,Staatsverschuldung,staatsverschuldung hitler,0.817,google
2026-10-08,DE,economy,Stablecoin,stablecoin zloto,0.816,google
2026-10-08,DE,economy,Lieferkette,wasserstoff lieferkette,0.816,google
2026-10-08,DE,economy,Handelsbilanz,handelsbilanz usa 2024,0.811,bing
2026-10-08,DE,economy,Stablecoin,stablecoin explained,0.811,bing
2026-10-08,DE,economy,Lieferkette,python df lieferkette,0.81,bing
2026-10-08,DE,economy,Staatsverschuldung,staatsverschuldung pro contra,0.808,bing
2026-10-08,DE,economy,Handelsbilanz,handelsbilanz madagaskar,0.807,google
2026-10-08,DE,economy,Stablecoin,stablecoin regulation us,0.807,google
2026-10-08,DE,economy,Lieferkette,was bedeutet lieferkette,0.807,bing
2026-10-08,DE,economy,Handelsbilanz,handelsbilanz österreich usa,0.802,google
2026-10-08,DE,economy,Handelsbilanz,handelsbilanz zweck,0.801,google
2026-10-08,DE,economy,Stablecoin,stablecoin conference,0.801,bing
2026-10-08,DE,economy,Stablecoin,stablecoin znacenje,0.801,google
2026-10-08,DE,economy,Lieferkette,eu datenbank sichere lieferkette,0.8,bing
2026-10-08,DE,economy,Staatsverschuldung,staatsverschuldung japan zusammensetzung,0.8,bing
2026-10-08,DE,economy,Staatsverschuldung,warum ist die staatsverschuldung in japan so hoch,0.8,google
2026-10-08,DE,economy,Lieferkette,warum wurde das lieferkettengesetz abgeschwächt,0.8,google
2026-10-08,DE,economy,Handelsbilanz,handelsbilanz eu kanada,0.797,google
2026-10-08,DE,economy,Lieferkette,lieferkette unternehmen,0.797,google
2026-10-08,DE,economy,Stablecoin,stablecoin rbi,0.796,google
2026-10-08,DE,economy,Stablecoin,stablecoin orchestration,0.795,bing
2026-10-08,DE,economy,Lieferkette,wko lieferkette,0.793,google
2026-10-08,DE,economy,Handelsbilanz,handelsbilanz einsehen,0.787,bing
2026-10-08,DE,economy,Staatsverschuldung,staatsverschuldung china aktuell,0.782,bing
2026-10-08,DE,economy,Staatsverschuldung,staatsverschuldung usa in % bip,0.782,bing
2026-10-08,DE,economy,Stablecoin,stablecoin russia,0.781,google
2026-10-08,DE,economy,Stablecoin,stablecoin trilemme,0.781,bing
2026-10-08,DE,economy,Handelsbilanz,handelsbilanz gleich steuerbilanz,0.778,google
2026-10-08,DE,economy,Staatsverschuldung,staatsverschuldung frankreich 2026,0.778,google
2026-10-08,DE,economy,Staatsverschuldung,staatsverschuldung japan in dollar,0.778,google
2026-10-08,DE,economy,Staatsverschuldung,staatsverschuldung von ländern,0.778,bing
2026-10-08,DE,economy,Stablecoin,stablecoin runs and the centralization of arbitrage,0.778,google
2026-10-08,DE,economy,Lieferkette,lieferkette der jeans,0.777,google
2026-10-08,DE,economy,Lieferkette,lieferkette jelentése,0.777,google
2026-10-08,DE,economy,Staatsverschuldung,staatsverschuldung grafik,0.772,bing
2026-10-08,DE,economy,Staatsverschuldung,staatsverschuldung hessen,0.772,google
2026-10-08,DE,economy,Stablecoin,stablecoin token,0.771,google
2026-10-08,DE,economy,Handelsbilanz,handelsbilanz china usa,0.77,bing
2026-10-08,DE,economy,Staatsverschuldung,staatsverschuldung ostblock,0.77,google
2026-10-08,DE,economy,Handelsbilanz,handelsbilanz gewinn,0.767,google
2026-10-08,DE,economy,Stablecoin,stablecoin exchanges,0.767,bing
2026-10-08,DE,economy,Stablecoin,stablecoin yahoo finance,0.762,google
2026-10-08,DE,economy,Handelsbilanz,handelsbilanzgewinn ermitteln,0.761,bing
2026-10-08,DE,economy,Lieferkette,lieferkette esg,0.761,bing
2026-10-08,DE,economy,Stablecoin,wie viele stablecoins gibt es,0.761,google
2026-10-08,DE,economy,Handelsbilanz,handelsbilanz china deutschland,0.76,bing
2026-10-08,DE,economy,Handelsbilanz,handelsbilanz lesen,0.757,google
2026-10-08,DE,economy,Stablecoin,stablecoin xrp news,0.757,google
2026-10-08,DE,economy,Handelsbilanz,handelsbilanz online,0.755,bing
2026-10-08,DE,economy,Stablecoin,stablecoin yield decision,0.75,bing
2026-10-08,DE,economy,Staatsverschuldung,warum ist staatsverschuldung ein problem,0.75,google
2026-10-08,DE,economy,Lieferkette,warum wurde das lieferkettengesetz eingeführt,0.75,google
2026-10-08,DE,economy,Lieferkette,lieferkette wirtschaft,0.749,google
2026-10-08,DE,economy,Staatsverschuldung,staatsverschuldung hongkong,0.748,google
2026-10-08,DE,economy,Stablecoin,stablecoin adoption,0.745,bing
2026-10-08,DE,economy,Stablecoin,stablecoin arbitrage opportunities,0.745,bing
2026-10-08,DE,economy,Stablecoin,stablecoin research,0.745,bing
2026-10-08,DE,economy,Handelsbilanz,handelsbilanz länder liste,0.738,google
2026-10-08,DE,economy,Staatsverschuldung,staatsverschuldung von usa,0.738,google
2026-10-08,DE,economy,Stablecoin,stablecoin transaction,0.738,bing
2026-10-08,DE,economy,Staatsverschuldung,staatsverschuldung china 2025,0.735,bing
2026-10-08,DE,economy,Handelsbilanz,handelsbilanz liechtenstein usa,0.733,google
2026-10-08,DE,economy,Handelsbilanz,handelsbilanz zur steuerbilanz,0.733,bing
2026-10-08,DE,economy,Lieferkette,lieferkette unterrichtsmaterial,0.733,google
2026-10-08,DE,economy,Staatsverschuldung,staatsverschuldung frankreich in % bip,0.733,bing
2026-10-08,DE,economy,Staatsverschuldung,staatsverschuldung griechenland 2026,0.733,google
2026-10-08,DE,economy,Staatsverschuldung,staatsverschuldung grundgesetz,0.733,bing
2026-10-08,DE,economy,Staatsverschuldung,staatsverschuldung japan in % bip,0.733,bing
2026-10-08,DE,economy,Staatsverschuldung,staatsverschuldung japan pro kopf,0.733,google
2026-10-08,DE,economy,Staatsverschuldung,staatsverschuldung vereinigtes königreich,0.733,google
2026-10-08,DE,economy,Handelsbilanz,handelsbilanz erklärt,0.732,bing
2026-10-08,DE,economy,Stablecoin,stablecoin xrp launch,0.732,google
2026-10-08,DE,economy,Lieferkette,lieferketten unterbrochen,0.728,bing
2026-10-08,DE,economy,Stablecoin,stablecoin canada,0.725,bing
2026-10-08,DE,economy,Handelsbilanz,handelsbilanz usa deutschland,0.723,google
2026-10-08,DE,economy,Handelsbilanz,handelsbilanz österreich 2026,0.723,google
2026-10-08,DE,economy,Lieferkette,lieferkette definition gabler,0.723,google
2026-10-08,DE,economy,Handelsbilanz,handelsbilanz grafik,0.722,google
2026-10-08,DE,economy,Handelsbilanz,handelsbilanz mexiko,0.722,google
2026-10-08,DE,economy,Lieferkette,lieferkette diagramm,0.722,google
2026-10-08,DE,economy,Stablecoin,stablecoin zahlungen,0.722,google
2026-10-08,DE,economy,Lieferkette,lieferkette umsatzsteuer,0.718,google
2026-10-08,DE,economy,Stablecoin,stablecoin zero,0.717,google
2026-10-08,DE,it,Rust Programmierung,rust mit controller spielen,0.715,bing
2026-10-08,DE,economy,Stablecoin,stablecoin trust,0.715,bing
2026-10-08,DE,economy,Stablecoin,wie in stablecoins investieren,0.714,google
2026-10-08,DE,economy,Handelsbilanz,handelsbilanz zahlungsbilanz,0.713,google
2026-10-08,DE,economy,Stablecoin,stablecoin examples,0.712,bing
2026-10-08,DE,economy,Lieferkette,lieferketten weltweit,0.71,bing
2026-10-08,DE,economy,Staatsverschuldung,staatsverschuldung china in % bip,0.709,bing
2026-10-08,DE,economy,Staatsverschuldung,staatsverschuldung pro einwohner,0.709,bing
2026-10-08,DE,economy,Staatsverschuldung,staatsverschuldung österreich aktuell,0.709,bing
2026-10-08,DE,economy,Stablecoin,stablecoin tvl,0.707,google
2026-10-08,DE,economy,Staatsverschuldung,staatsverschuldung italien,0.705,bing
2026-10-08,DE,economy,Stablecoin,stablecoin yield comparison,0.703,google
2026-10-08,DE,it,Rust Programmierung,rust günstig kaufen pc,0.702,bing
2026-10-08,DE,economy,Stablecoin,stablecoin circulation,0.702,bing
2026-10-08,DE,economy,Stablecoin,stablecoin ranking,0.702,google
2026-10-08,DE,economy,Handelsbilanz,handelsbilanz mit überleitungsrechnung,0.7,"google,bing"
2026-10-08,DE,economy,Handelsbilanz,handelsbilanz und steuerbilanz,0.7,"google,bing"
2026-10-08,DE,economy,Staatsverschuldung,staatsverschuldung großbritannien,0.7,"google,bing"
2026-10-08,DE,economy,Staatsverschuldung,staatsverschuldung oecd länder,0.7,google
2026-10-08,DE,economy,Stablecoin,stablecoin örnekleri,0.7,google
2026-10-08,DE,economy,Staatsverschuldung,warum ist staatsverschuldung gut,0.7,google
2026-10-08,DE,economy,Lieferkette,warum sind lieferketten wichtig,0.7,google
2026-10-08,DE,economy,Stablecoin,stablecoin yu,0.697,google
2026-10-08,DE,economy,Staatsverschuldung,staatsverschuldung hamburg,0.693,google
2026-10-08,DE,economy,Handelsbilanz,handelsbilanz ukraine,0.692,bing
2026-10-08,DE,economy,Handelsbilanz,handelsbilanz einfach erklärt,0.69,"bing,google"
2026-10-08,DE,economy,Handelsbilanz,handelsbilanz leistungsbilanz unterschied,0.689,google
2026-10-08,DE,economy,Handelsbilanz,handelsbilanz zwischen deutschland und china,0.689,google
2026-10-08,DE,economy,Handelsbilanz,handelsbilanz österreich china,0.689,google
2026-10-08,DE,economy,Staatsverschuldung,staatsverschuldung gb,0.688,bing
2026-10-08,DE,economy,Stablecoin,stablecoin circle,0.688,bing
2026-10-08,DE,economy,Lieferkette,lieferketten umsatzsteuer,0.683,bing
2026-10-08,DE,economy,Stablecoin,stablecoin yield deadlock,0.683,bing
2026-10-08,DE,economy,Staatsverschuldung,staatsverschuldung japan bip,0.68,"google,bing"
2026-10-08,DE,economy,Staatsverschuldung,staatsverschuldung oman,0.68,google
2026-10-08,DE,it,Rust Programmierung,was kann man in rust machen,0.679,bing
2026-10-08,DE,economy,Handelsbilanz,handelsbilanz geographie,0.673,google
2026-10-08,DE,economy,Handelsbilanz,handelsbilanz oder steuerbilanz,0.673,bing
2026-10-08,DE,economy,Staatsverschuldung,staatsverschuldung pro land,0.67,"google,bing"
2026-10-08,DE,economy,Stablecoin,stablecoin x nasdaq,0.668,google
2026-10-08,DE,economy,Staatsverschuldung,staatsverschuldung pro,0.665,bing
2026-10-08,DE,economy,Staatsverschuldung,staatsverschuldung frankreich aktuell,0.664,"google,bing"
2026-10-08,DE,economy,Staatsverschuldung,staatsverschuldung pro kopf europa,0.664,"google,bing"
2026-10-08,DE,economy,Lieferkette,lieferkette eu,0.662,bing
2026-10-08,DE,economy,Handelsbilanz,handelsbilanz zwei,0.658,google
2026-10-08,DE,economy,Stablecoin,stablecoin peg,0.658,bing
2026-10-08,DE,economy,Handelsbilanz,handelsbilanz großbritannien usa,0.657,bing
2026-10-08,DE,economy,Stablecoin,stablecoin wie funktioniert das,0.657,google
2026-10-08,DE,economy,Lieferkette,lieferkettengesetz einfach erklärt,0.656,"google,bing"
2026-10-08,DE,economy,Staatsverschuldung,staatsverschuldung griechenland bip,0.656,"google,bing"
2026-10-08,DE,economy,Stablecoin,stablecoin comparison,0.655,bing
2026-10-08,DE,economy,Staatsverschuldung,staatsverschuldung china bip,0.653,bing
2026-10-08,DE,economy,Stablecoin,stablecoin tether kurs,0.653,google
2026-10-08,DE,economy,Stablecoin,stablecoin regime,0.652,bing
2026-10-08,DE,economy,Handelsbilanz,handelsbilanz usa spanien,0.65,"google,bing"
2026-10-08,DE,economy,Staatsverschuldung,warum ist staatsverschuldung schlecht,0.65,google
2026-10-08,DE,economy,Lieferkette,warum lieferkettengesetz abschaffen,0.65,google
2026-10-08,DE,economy,Staatsverschuldung,staatsverschuldung vietnam,0.649,bing
2026-10-08,DE,economy,Stablecoin,stablecoin zahlungsverkehr,0.649,google
2026-10-08,DE,economy,Stablecoin,stablecoin to usd,0.648,google
2026-10-08,DE,economy,Lieferkette,lieferkette was ist das,0.644,google
2026-10-08,DE,economy,Staatsverschuldung,staatsverschuldung frankreich bip,0.644,google
2026-10-08,DE,economy,Staatsverschuldung,staatsverschuldung japan in euro,0.644,google
2026-10-08,DE,economy,Staatsverschuldung,staatsverschuldung vergleich weltweit,0.644,google
2026-10-08,DE,economy,Lieferkette,lieferkette erklärung,0.643,bing
2026-10-08,DE,economy,Staatsverschuldung,staatsverschuldung norwegen,0.643,bing
2026-10-08,DE,economy,Stablecoin,stablecoin stock,0.638,bing
2026-10-08,DE,economy,Stablecoin,stablecoin zcash,0.638,google
2026-10-08,DE,economy,Handelsbilanz,handelsbilanz zu steuerbilanz,0.634,google
2026-10-08,DE,economy,Staatsverschuldung,staatsverschuldung heute,0.629,google
2026-10-08,DE,economy,Staatsverschuldung,staatsverschuldung griechenland,0.627,"google,bing"
2026-10-08,DE,economy,Staatsverschuldung,staatsverschuldung pro kopf usa,0.627,"google,bing"
2026-10-08,DE,it,Rust Programmierung,eigenen rust server erstellen,0.626,bing
2026-10-08,DE,economy,Stablecoin,stablecoin transaction fees,0.626,"bing,google"
2026-10-08,DE,economy,Stablecoin,stablecoin rewards,0.625,bing
2026-10-08,DE,economy,Staatsverschuldung,staatsverschuldung von japan,0.624,bing
2026-10-08,DE,economy,Stablecoin,stablecoin act,0.622,bing
2026-10-08,DE,economy,Handelsbilanz,handelsbilanz eu china,0.62,"bing,google"
2026-10-08,DE,economy,Handelsbilanz,handelsbilanz und guv,0.619,bing
2026-10-08,DE,economy,Stablecoin,stablecoin yield loophole,0.617,bing
2026-10-08,DE,economy,Handelsbilanz,handelsbilanz mali,0.613,google
2026-10-08,DE,economy,Staatsverschuldung,staatsverschuldung fluch oder segen,0.611,"bing,google"
2026-10-08,DE,economy,Lieferkette,lieferkette großhandel,0.609,bing
2026-10-08,DE,economy,Handelsbilanz,handelsbilanz griechenland,0.604,google
2026-10-08,DE,economy,Handelsbilanz,handelsbilanz usa europa,0.604,"google,bing"
2026-10-08,DE,economy,Handelsbilanz,handelsbilanzgewinn,0.604,bing
2026-10-08,DE,economy,Staatsverschuldung,staatsverschuldung höchste,0.604,google
2026-10-08,DE,it,Post-Quanten-Kryptografie,codebasierte post quanten kryptografie,0.6,google
2026-10-08,DE,economy,Handelsbilanz,handelsbilanz landwirtschaft österreich,0.6,bing
2026-10-08,DE,science,Perowskit Solarzelle,perowskit solarzellen lebensdauer,0.6,google
2026-10-08,DE,economy,Staatsverschuldung,staatsverschuldung deutschland warum,0.6,bing
2026-10-08,DE,it,Rust Programmierung,was ist rust programmiersprache,0.6,bing
2026-10-08,DE,economy,Stablecoin,wie funktioniert ein stablecoin,0.6,bing
2026-10-08,DE,economy,Stablecoin,stablecoin security,0.599,bing
2026-10-08,DE,economy,Stablecoin,stablecoin trade republic,0.594,google
2026-10-08,DE,economy,Handelsbilanz,handelsbilanz eu,0.593,google
2026-10-08,DE,economy,Lieferkette,lieferkette jobs,0.593,google
2026-10-08,DE,economy,Stablecoin,stablecoin zweck,0.593,google
2026-10-08,DE,science,Perowskit Solarzelle,perowskit silizium solarzelle,0.59,google
2026-10-08,DE,economy,Stablecoin,stablecoin oro,0.585,bing
2026-10-08,DE,economy,Lieferkette,lieferkette unterbrochen,0.584,google
2026-10-08,DE,it,Rust Programmierung,rust tipps und tricks,0.583,bing
2026-10-08,DE,economy,Stablecoin,stablecoin xaut,0.583,google
2026-10-08,DE,economy,Stablecoin,stablecoinx inc,0.583,bing
2026-10-08,DE,economy,Lieferkette,lieferkette deutsch,0.579,google
2026-10-08,DE,economy,Lieferkette,lieferkette erklärt,0.579,bing
2026-10-08,DE,economy,Stablecoin,stablecoin avenir,0.579,bing
2026-10-08,DE,economy,Stablecoin,stablecoin x ethena,0.579,google
2026-10-08,DE,economy,Lieferkette,lieferkette deutschland,0.574,google
2026-10-08,DE,economy,Handelsbilanz,handelsbilanz ch eu,0.57,bing
2026-10-08,DE,science,Perowskit Solarzelle,perowskit solarzelle aufbau,0.57,google
2026-10-08,DE,science,Perowskit Solarzelle,perowskit solarzellen japan,0.57,google
2026-10-08,DE,economy,Handelsbilanz,handelsbilanz gmbh,0.569,google
2026-10-08,DE,economy,Stablecoin,stablecoin risks,0.569,bing
2026-10-08,DE,economy,Staatsverschuldung,staatsverschuldung japan aktuell,0.567,"google,bing"
2026-10-08,DE,economy,Stablecoin,stablecoin open usd,0.563,bing
2026-10-08,DE,economy,Staatsverschuldung,staatsverschuldung pro kopf,0.561,"google,bing"
2026-10-08,DE,economy,Lieferkette,lieferkette doku,0.56,bing
2026-10-08,DE,economy,Staatsverschuldung,staatsverschuldung holland,0.56,google
2026-10-08,DE,economy,Handelsbilanz,handelsbilanz erklärung,0.557,"bing,google"
2026-10-08,DE,economy,Handelsbilanz,handelsbilanz usa china,0.557,"google,bing"
2026-10-08,DE,economy,Staatsverschuldung,staatsverschuldung g7 staaten,0.557,"google,bing"
2026-10-08,DE,economy,Handelsbilanz,handelsbilanz usa eu,0.556,"google,bing"
2026-10-08,DE,economy,Staatsverschuldung,staatsverschuldung pro kopf weltweit,0.555,"google,bing"
2026-10-08,DE,economy,Stablecoin,stablecoin staking,0.553,bing
2026-10-08,DE,economy,Handelsbilanz,handelsbilanz europa usa,0.551,"google,bing"
2026-10-08,DE,economy,Stablecoin,stablecoin rlusd,0.549,google
2026-10-08,DE,economy,Staatsverschuldung,staatsverschuldung von china,0.547,"google,bing"
2026-10-08,DE,economy,Handelsbilanz,handelsbilanz länder,0.544,google
2026-10-08,DE,economy,Stablecoin,stablecoin trends,0.543,bing
2026-10-08,DE,economy,Lieferkette,warum lieferkettengesetz,0.54,google
2026-10-08,DE,economy,Staatsverschuldung,warum staatsverschuldung,0.54,google
2026-10-08,DE,economy,Lieferkette,lieferkettengesetz englisch,0.537,"google,bing"
2026-10-08,DE,economy,Stablecoin,stablecoin arten,0.533,bing
2026-10-08,DE,economy,Stablecoin,stablecoin rails,0.533,bing
2026-10-08,DE,economy,Handelsbilanz,handelsbilanz mit china,0.53,google
2026-10-08,DE,economy,Staatsverschuldung,staatsverschuldung oecd,0.53,google
2026-10-08,DE,economy,Stablecoin,stablecoin yen,0.529,google
2026-10-08,DE,economy,Stablecoin,stablecoin overview,0.526,bing
2026-10-08,DE,economy,Lieferkette,lieferkette grafik,0.524,bing
2026-10-08,DE,economy,Stablecoin,stablecoin zukunft,0.524,google
2026-10-08,DE,economy,Staatsverschuldung,staatsverschuldung von deutschland,0.522,"google,bing"
2026-10-08,DE,economy,Stablecoin,stablecoin ripple,0.514,google
2026-10-08,DE,economy,Stablecoin,stablecoin youtube,0.513,"google,bing"
2026-10-08,DE,economy,Stablecoin,stablecoin regulation,0.51,bing
2026-10-08,DE,economy,Stablecoin,stablecoin österreich,0.51,google
2026-10-08,DE,economy,Stablecoin,wie stablecoin kaufen,0.51,google
2026-10-08,DE,economy,Stablecoin,stablecoin report,0.506,bing
2026-10-08,DE,economy,Stablecoin,stablecoin supply,0.506,bing
2026-10-08,DE,economy,Stablecoin,stablecoin ordinance,0.5,bing
2026-10-08,DE,economy,Stablecoin,stablecoin yuan,0.494,google
2026-10-08,DE,economy,Handelsbilanz,handelsbilanz eu usa,0.491,"bing,google"
2026-10-08,DE,economy,Handelsbilanz,handelsbilanz china,0.49,bing
2026-10-08,DE,economy,Lieferkette,lieferkette duden,0.481,"google,bing"
2026-10-08,DE,economy,Stablecoin,stablecoin rendite,0.48,google
2026-10-08,DE,economy,Handelsbilanz,handelsbilanz mit überleitungsrechnung datev,0.478,"google,bing"
2026-10-08,DE,economy,Staatsverschuldung,staatsverschuldung frankreich 2025,0.478,"google,bing"
2026-10-08,DE,economy,Stablecoin,stablecoin zinsen,0.47,google
2026-10-08,DE,economy,Stablecoin,vad är stablecoin,0.47,google
2026-10-08,DE,economy,Handelsbilanz,handelsbilanz österreich 2024,0.468,"google,bing"
2026-10-08,DE,economy,Lieferkette,lieferkette aeo,0.45,bing
2026-10-08,DE,economy,Handelsbilanz,handelsbilanz usa 2025,0.442,"google,bing"
2026-10-08,DE,economy,Lieferkette,lieferkette wertschöpfungskette unterschied,0.433,"google,bing"
2026-10-08,DE,economy,Handelsbilanz,handelsbilanz leistungsbilanz,0.423,"google,bing"
2026-10-08,DE,economy,Lieferkette,lieferkette upstream,0.422,"google,bing"
2026-10-08,DE,economy,Lieferkette,lieferkette darstellung,0.408,"google,bing"
2026-10-08,DE,economy,Staatsverschuldung,staatsverschuldung finnland,0.403,"google,bing"
2026-10-08,DE,economy,Stablecoin,stablecoin trading,0.402,"google,bing"
2026-10-08,DE,economy,Stablecoin,stablecoin revolut,0.398,"google,bing"
2026-10-08,DE,economy,Lieferkette,lieferkette und wertschöpfungskette,0.389,"google,bing"
2026-10-08,DE,economy,Lieferkette,lieferkette upstream downstream,0.389,"google,bing"
2026-10-08,DE,economy,Staatsverschuldung,staatsverschuldung g7,0.388,"google,bing"
2026-10-08,DE,economy,Handelsbilanz,handelsbilanz usa kanada,0.385,"google,bing"
2026-10-08,DE,economy,Staatsverschuldung,staatsverschuldung pro kopf deutschland,0.373,"google,bing"
2026-10-08,DE,economy,Lieferkette,lieferkette wertschöpfungskette,0.367,"google,bing"
2026-10-08,DE,economy,Staatsverschuldung,staatsverschuldung portugal,0.359,"google,bing"
2026-10-08,DE,economy,Handelsbilanz,handelsbilanz mit usa,0.343,"google,bing"
2026-10-08,DE,economy,Handelsbilanz,handelsbilanz österreich 2025,0.334,"google,bing"
2026-10-08,DE,economy,Lieferkette,lieferkette wiki,0.331,"google,bing"
2026-10-08,DE,economy,Handelsbilanz,handelsbilanz zwischen usa und kanada,0.3,"google,bing"
2026-10-08,DE,economy,Handelsbilanz,handelsbilanz großbritannien,0.28,"google,bing"
2026-10-08,DE,economy,Staatsverschuldung,staatsverschuldung vergleich,0.28,"google,bing"
2026-10-08,DE,economy,Stablecoin,stablecoin trump,0.249,"google,bing"
2026-10-08,DE,economy,Staatsverschuldung,staatsverschuldung polen,0.24,"google,bing"
2026-10-08,DE,economy,Stablecoin,stablecoin xrp,0.229,"google,bing"
2026-10-08,DE,economy,Lieferkette,lieferkette jeans,0.17,"google,bing"
2026-10-08,DE,economy,Stablecoin,stablecoin x,0.164,"google,bing"
2026-10-08,DE,economy,Stablecoin,stablecoin yield,0.16,"google,bing"
2026-10-08,JP,it,WebRTC,webrtc network limiter extension,1.0,bing
2026-10-08,JP,it,FRAMED,movie who framed roger rabbit,0.99,google
2026-10-08,JP,it,WebRTC,webrtc media helper download,0.98,bing
2026-10-08,JP,it,FRAMED,framed extra large wall art,0.97,google
2026-10-08,JP,it,FRAMED,framed movie guessing game,0.96,bing
2026-10-08,JP,it,WebRTC,webrtc new encode cpu load estimator,0.96,bing
2026-10-08,JP,it,量子アニーリング,量子アニーリング シミュレーテッドアニーリング 違い,0.96,google
2026-10-08,JP,it,WebRTC,webrtc media helper genesys cloud,0.956,google
2026-10-08,JP,science,水素 製造,水素社会構築技術開発事業/大規模水素エネルギー利用技術開発,0.954,bing
2026-10-08,JP,it,FRAMED,framed environment design,0.95,bing
2026-10-08,JP,it,WebRTC,https://github.com/webrtc,0.95,bing
2026-10-08,JP,it,WebRTC,what is webrtc connection,0.95,bing
2026-10-08,JP,it,FRAMED,framed key framed blocks,0.94,google
2026-10-08,JP,it,FRAMED,framed quotes for office,0.94,google
2026-10-08,JP,it,FRAMED,1988 who framed roger rabbit,0.936,google
2026-10-08,JP,it,WebRTC,webrtc chrome extension,0.93,bing
2026-10-08,JP,it,WebRTC,webrtc media helper mypurecloud.com,0.927,bing
2026-10-08,JP,it,FRAMED,framed eucalyptus wall art,0.924,bing
2026-10-08,JP,it,WebRTC,webrtc openai realtime,0.92,google
2026-10-08,JP,it,FRAMED,framed movie game answers,0.914,bing
2026-10-08,JP,it,FRAMED,ae mysteries framed 6,0.91,google
2026-10-08,JP,it,WebRTC,webrtc media helper pure.cloud,0.9,"bing,ddg"
2026-10-08,JP,it,WebRTC,webrtc mediarecorder,0.9,google
2026-10-08,JP,other,日本酒 酵母,発酵食健康アドバイザーの自家製「甘酒」の作り方。おすすめアレンジも,0.9,"bing,ddg"
2026-10-08,JP,it,WebRTC,webrtc media helper app,0.894,bing
2026-10-08,JP,it,FRAMED,imdb who framed roger rabbit,0.891,google
2026-10-08,JP,it,FRAMED,picture frames for 6 pictures,0.89,"bing,ddg"
2026-10-08,JP,it,WebRTC,webrtc optimization,0.89,bing
2026-10-08,JP,it,WebRTC,youtube live webrtc,0.89,google
2026-10-08,JP,it,FRAMED,framed composition,0.88,google
2026-10-08,JP,it,SBOM,sbom supplier name,0.88,google
2026-10-08,JP,it,WebRTC,webrtc camera home assistant,0.88,"bing,ddg"
2026-10-08,JP,it,WebRTC,webrtc camera test,0.88,google
2026-10-08,JP,it,FRAMED,framed estates architects,0.877,bing
2026-10-08,JP,it,FRAMED,framed railway posters uk,0.877,bing
2026-10-08,JP,it,WebRTC,what is webrtc technology,0.877,bing
2026-10-08,JP,it,FRAMED,photo frame 6 x 8,0.87,bing
2026-10-08,JP,it,拡散モデル 画像生成,安定拡散 リアル モデル シミュレーション,0.87,bing
2026-10-08,JP,it,量子アニーリング,量子アニーリング シミュレーション,0.87,google
2026-10-08,JP,it,量子アニーリング,量子アニーリング 量子ゲート 違い,0.87,bing
2026-10-08,JP,it,FRAMED,framed collection gog,0.866,google
2026-10-08,JP,it,FRAMED,framed ravens jersey,0.864,bing
2026-10-08,JP,other,日本酒 酵母,日本酒 酵母 入れる タイミング,0.86,google
2026-10-08,JP,science,水素 製造,水素製造・吸蔵・貯蔵材料と安全化,0.86,bing
2026-10-08,JP,other,日本酒 酵母,清酒 酵母 の 話 part 6,0.86,bing
2026-10-08,JP,it,WebRTC,webrtc how it works,0.854,bing
2026-10-08,JP,it,FRAMED,framed collapsible block,0.851,google
2026-10-08,JP,it,SBOM,sbom 経済産業省 関連情報,0.85,bing
2026-10-08,JP,it,量子アニーリング,ソフトバンク 量子アニーリング,0.85,google
2026-10-08,JP,it,拡散モデル 画像生成,安定拡散 リアル モデル 物理,0.85,bing
2026-10-08,JP,science,水素 製造,水素社会構築技術開発事業/水素利活用技術開発,0.847,bing
2026-10-08,JP,it,WebRTC,webrtc was ist das,0.844,bing
2026-10-08,JP,science,水素 製造,水素 開発技術開発力 企業・研究機関,0.844,bing
2026-10-08,JP,it,FRAMED,framed rain cover for stroller,0.843,"bing,ddg"
2026-10-08,JP,it,SBOM,sbom フォーマット 変換,0.84,google
2026-10-08,JP,other,昆虫採集,昆虫採集 懐中電灯 おすすめ,0.84,bing
2026-10-08,JP,other,日本酒 酵母,香川 オリーブ 酵母 日本酒,0.84,google
2026-10-08,JP,it,FRAMED,framed magnetic board,0.837,bing
2026-10-08,JP,it,FRAMED,framed quote artworks,0.837,bing
2026-10-08,JP,it,量子アニーリング,量子アニーリング 量子コンピュータ,0.834,bing
2026-10-08,JP,it,FRAMED,フレーム イラスト 無料 framedesign,0.831,bing
2026-10-08,JP,it,FRAMED,frame drawing,0.83,bing
2026-10-08,JP,it,FRAMED,framed map of the world,0.83,"google,bing"
2026-10-08,JP,it,WebRTC,hls webrtc 違い,0.83,google
2026-10-08,JP,it,SBOM,sbom 管理ツール 無償,0.83,google
2026-10-08,JP,other,日本酒 酵母,ワイン 酵母 日本酒 桃川,0.83,google
2026-10-08,JP,it,FRAMED,ten frame with 6,0.824,bing
2026-10-08,JP,it,FRAMED,framed mirrors for bathrooms,0.823,"bing,ddg"
2026-10-08,JP,it,FRAMED,framed quilt wall art,0.821,google
2026-10-08,JP,it,WebRTC,webrtc nginx,0.82,google
2026-10-08,JP,science,水素 製造,オン サイト 水素 製造,0.82,google
2026-10-08,JP,it,量子アニーリング,マツダ 量子アニーリング,0.82,google
2026-10-08,JP,science,影を売る女,影を売る女 映画 田村亮,0.82,google
2026-10-08,JP,other,昆虫採集,東京 昆虫採集 スポット,0.82,google
2026-10-08,JP,other,日本酒 酵母,秋田 六郷 酵母 日本酒,0.82,google
2026-10-08,JP,it,量子アニーリング,量子アニーリング 使い方,0.82,bing
2026-10-08,JP,it,量子アニーリング,量子アニーリング 田中宗,0.82,bing
2026-10-08,JP,it,FRAMED,frame for 6x6 photo,0.817,bing
2026-10-08,JP,other,日本酒 酵母,ワイン 酵母 日本酒 酵母 違い,0.816,google
2026-10-08,JP,it,SBOM,sbom 経済産業省 取り組み,0.814,bing
2026-10-08,JP,science,水素 製造,水素製造・利活用第三国連携事業,0.814,bing
2026-10-08,JP,it,WebRTC,webrtc media helper genesys,0.813,"bing,ddg"
2026-10-08,JP,it,量子アニーリング,量子コンピュータ 量子アニーリング 違い,0.811,google
2026-10-08,JP,it,FRAMED,framed quote wall art,0.81,"google,bing"
2026-10-08,JP,it,量子アニーリング,アニーリング温度 低い バンド 出なくなる,0.81,"bing,ddg"
2026-10-08,JP,science,水素 製造,プラント 水素 エネルギー 環境 産業機械,0.81,"bing,ddg"
2026-10-08,JP,science,水素 製造,水素 製造 装置 英語,0.81,google
2026-10-08,JP,science,水素 製造,水素製造装置 メーカー,0.81,bing
2026-10-08,JP,other,日本酒 酵母,河津 桜 酵母 日本酒,0.81,google
2026-10-08,JP,science,水素 製造,石油 精製 水素 製造,0.81,google
2026-10-08,JP,it,量子アニーリング,量子アニーリング 計算,0.81,bing
2026-10-08,JP,it,量子アニーリング,量子アニーリング 配車,0.81,bing
2026-10-08,JP,it,量子アニーリング,量子アニーリング ゲート 違い,0.806,google
2026-10-08,JP,it,WebRTC,webrtc options,0.804,bing
2026-10-08,JP,it,FRAMED,framed eye care carrollton,0.803,"bing,ddg"
2026-10-08,JP,it,FRAMED,picture frame for 6 photos,0.803,"bing,ddg"
2026-10-08,JP,it,WebRTC,what does webrtc stand for,0.803,"bing,ddg"
2026-10-08,JP,it,FRAMED,framed meaning crime,0.8,"bing,ddg"
2026-10-08,JP,it,FRAMED,framed quote designs,0.8,"bing,ddg"
2026-10-08,JP,science,水素 製造,nedo 水素 製造,0.8,google
2026-10-08,JP,other,昆虫採集,ゆかりの森 昆虫採集,0.8,google
2026-10-08,JP,other,昆虫採集,昆虫採集 赤いライト,0.8,google
2026-10-08,JP,it,WebRTC,火狐关闭webrtc,0.8,google
2026-10-08,JP,it,FRAMED,framed collection steam,0.797,google
2026-10-08,JP,it,FRAMED,who framed rabbit roger,0.797,google
2026-10-08,JP,it,量子アニーリング,量子アニーリングとは わかりやすく,0.797,bing
2026-10-08,JP,it,WebRTC,hiddify webrtc,0.796,google
2026-10-08,JP,it,FRAMED,frame-styleとは,0.794,bing
2026-10-08,JP,other,日本酒 酵母,ワイン 酵母 日本酒 おすすめ,0.793,google
2026-10-08,JP,it,FRAMED,framed memorabilia,0.791,google
2026-10-08,JP,it,FRAMED,framed quote posters,0.791,bing
2026-10-08,JP,it,FRAMED,a-frame教程,0.79,bing
2026-10-08,JP,it,WebRTC,full form of webrtc,0.79,"bing,ddg"
2026-10-08,JP,it,SBOM,sbom 生成工具,0.79,bing
2026-10-08,JP,it,WebRTC,webrtc.js,0.79,bing
2026-10-08,JP,science,影を売る女,影を売る女 チラシ,0.79,google
2026-10-08,JP,other,日本酒 酵母,日本酒 酵母 健康,0.79,google
2026-10-08,JP,other,日本酒 酵母,高知 日本酒 酵母,0.79,google
2026-10-08,JP,it,WebRTC,webrtc on aws,0.786,google
2026-10-08,JP,science,水素 製造,日本エネルギー学会機関誌えねるみくす水蒸気改質による水素製造,0.786,"bing,ddg"
2026-10-08,JP,other,昆虫採集,石垣島 昆虫採集 スポット,0.786,google
2026-10-08,JP,science,水素 製造,製油 所 水素 製造 装置,0.786,google
2026-10-08,JP,it,WebRTC,webrtc cxone,0.784,bing
2026-10-08,JP,it,FRAMED,株式会社di-frame,0.784,bing
2026-10-08,JP,it,FRAMED,http://frames-design.com,0.783,"bing,ddg"
2026-10-08,JP,it,FRAMED,framed racing silks,0.781,bing
2026-10-08,JP,it,WebRTC,webrtc cloudflare,0.781,google
2026-10-08,JP,it,量子アニーリング,量子アニーリング スケジューリング,0.781,google
2026-10-08,JP,it,量子アニーリング,量子アニーリングとは 量子コンピュータ,0.781,bing
2026-10-08,JP,other,日本酒 酵母,7 号酵母日本酒,0.78,bing
2026-10-08,JP,it,FRAMED,framed racing suit,0.78,"bing,ddg"
2026-10-08,JP,it,SBOM,sbom nri,0.78,bing
2026-10-08,JP,it,SBOM,sbom 普及率,0.78,bing
2026-10-08,JP,it,拡散モデル 画像生成,安定拡散 プロンプト 一 拡散モデル,0.78,"bing,ddg"
2026-10-08,JP,science,水素 製造,水素の製造とその輸送、貯蔵、利用技術,0.78,"bing,ddg"
2026-10-08,JP,it,FRAMED,framed 60 inch mirror,0.777,google
2026-10-08,JP,it,SBOM,sbom っ て な に,0.776,google
2026-10-08,JP,it,SBOM,sbom 生成 syft,0.776,bing
2026-10-08,JP,science,水素 製造,水素 製造 装置 仕組み,0.776,google
2026-10-08,JP,other,日本酒 酵母,花 酵母 日本酒 さくら,0.776,google
2026-10-08,JP,it,量子アニーリング,量子アニーリング 書籍,0.774,bing
2026-10-08,JP,it,量子アニーリング,量子アニーリング 特徴,0.774,bing
2026-10-08,JP,it,量子アニーリング,量子アニーリング 開発,0.774,bing
2026-10-08,JP,it,FRAMED,frame by frame 意味,0.77,"bing,ddg"
2026-10-08,JP,it,FRAMED,frames-design.com,0.77,"bing,ddg"
2026-10-08,JP,it,SBOM,sbom なぜ,0.77,google
2026-10-08,JP,it,SBOM,sbom 企業,0.77,google
2026-10-08,JP,it,SBOM,sbom 実物,0.77,bing
2026-10-08,JP,it,SBOM,sbom 格式,0.77,bing
2026-10-08,JP,other,日本酒 酵母,日本酒 酵母 を 使っ た ワイン,0.77,google
2026-10-08,JP,other,昆虫採集,昆虫採集 子供,0.77,bing
2026-10-08,JP,other,昆虫採集,昆虫採集 教室,0.77,google
2026-10-08,JP,science,水素 製造,水素 kg/l,0.77,bing
2026-10-08,JP,science,水素 製造,水素製造 主流,0.77,bing
2026-10-08,JP,science,水素 製造,水素製造 法規,0.77,bing
2026-10-08,JP,science,水素 製造,水素製造関連株,0.77,bing
2026-10-08,JP,other,日本酒 酵母,清酒 酵母 の 話 part 10,0.77,"bing,ddg"
2026-10-08,JP,it,拡散モデル 画像生成,画像から 3d モデル生成 サイト,0.77,"bing,ddg"
2026-10-08,JP,it,量子アニーリング,量子コンピューティング 0 1 2,0.77,"bing,ddg"
2026-10-08,JP,science,水素 製造,水素製造・貯蔵・利用システム,0.767,bing
2026-10-08,JP,it,WebRTC,webrtc chat,0.766,google
2026-10-08,JP,it,WebRTC,webrtc node,0.766,google
2026-10-08,JP,science,水素 製造,サントリー 水素 製造,0.766,google
2026-10-08,JP,it,FRAMED,framed quilt pattern,0.764,"google,bing"
2026-10-08,JP,other,昆虫採集,昆虫採集標本 ガチャ,0.764,bing
2026-10-08,JP,other,昆虫採集,昆虫採集 アプリ ゲーム,0.763,google
2026-10-08,JP,it,量子アニーリング,量子コンピュータ ゲート アニーリング 違い,0.763,"bing,ddg"
2026-10-08,JP,it,FRAMED,gizeh framed raffia 1774,0.762,google
2026-10-08,JP,it,FRAMED,framed 6ft pool,0.761,google
2026-10-08,JP,it,FRAMED,photo frame 6 x 4,0.761,bing
2026-10-08,JP,other,日本酒 酵母,コメラボ 日本酒 酵母 エキス,0.761,google
2026-10-08,JP,it,拡散モデル 画像生成,画像生成の代表的手法拡散モデルとは,0.761,bing
2026-10-08,JP,it,拡散モデル 画像生成,安定拡散0.9の数学的モデル,0.76,bing
2026-10-08,JP,science,影を売る女,影を売る女本,0.76,bing
2026-10-08,JP,other,昆虫採集,昆虫採集 光,0.76,google
2026-10-08,JP,other,昆虫採集,昆虫採集英語,0.76,bing
2026-10-08,JP,other,日本酒 酵母,清酒 酵母 の 話 part 1,0.76,"bing,ddg"
2026-10-08,JP,other,日本酒 酵母,清酒 酵母 の 話 part 5,0.76,"bing,ddg"
2026-10-08,JP,it,FRAMED,framed kelli peters,0.757,google
2026-10-08,JP,it,SBOM,sbom 経済産業省 資料,0.757,bing
2026-10-08,JP,it,WebRTC,webrtc output,0.757,bing
2026-10-08,JP,other,日本酒 酵母,1801 酵母日本酒,0.756,bing
2026-10-08,JP,it,FRAMED,framed eye,0.756,google
2026-10-08,JP,it,SBOM,sbom nuget,0.756,google
2026-10-08,JP,it,WebRTC,webrtc network limiter edge,0.756,"bing,ddg"
2026-10-08,JP,it,WebRTC,webrtc yes,0.756,google
2026-10-08,JP,other,昆虫採集,昆虫採集 標本セット,0.756,google
2026-10-08,JP,science,水素 製造,熱 化学 水素 製造,0.756,google
2026-10-08,JP,it,SBOM,sbom kisa,0.754,bing
2026-10-08,JP,it,FRAMED,framed kevin,0.753,google
2026-10-08,JP,it,FRAMED,html a-frameの使い方,0.751,bing
2026-10-08,JP,it,SBOM,sbom namespace,0.751,google
2026-10-08,JP,it,WebRTC,webrtc over wifi,0.751,bing
2026-10-08,JP,it,WebRTC,webrtc ns降噪算法,0.75,bing
2026-10-08,JP,it,拡散モデル 画像生成,安定拡散 リアル モデル 工学,0.75,"bing,ddg"
2026-10-08,JP,it,拡散モデル 画像生成,安定拡散 リアル モデル 生物,0.75,"bing,ddg"
2026-10-08,JP,other,昆虫採集,昆虫採集学,0.75,bing
2026-10-08,JP,other,昆虫採集,昆虫採集法,0.75,bing
2026-10-08,JP,science,水素 製造,水素 1キログラム 価格 最新,0.75,"bing,ddg"
2026-10-08,JP,it,量子アニーリング,量子アニーリングとは 計算方法,0.75,"bing,ddg"
2026-10-08,JP,it,WebRTC,webrtc mediastream,0.747,google
2026-10-08,JP,other,日本酒 酵母,セルレニン 耐性 酵母 日本酒 銘柄,0.747,google
2026-10-08,JP,it,量子アニーリング,量子アニーリング 実用例,0.747,bing
2026-10-08,JP,it,SBOM,sbom ncsc,0.746,bing
2026-10-08,JP,it,SBOM,sbom 記載 例,0.746,google
2026-10-08,JP,other,日本酒 酵母,真澄 日本酒 酵母,0.746,google
2026-10-08,JP,science,水素 製造,水素製造 光触媒,0.744,bing
2026-10-08,JP,other,昆虫採集,愛知県 昆虫採集 スポット,0.741,google
2026-10-08,JP,it,FRAMED,a-frameスタンドサイン,0.74,"bing,ddg"
2026-10-08,JP,it,SBOM,sbom 金融庁ガイドライン,0.74,"bing,ddg"
2026-10-08,JP,it,WebRTC,webrtc_android,0.74,"bing,ddg"
2026-10-08,JP,it,FRAMED,arizona framed raffia 1774,0.738,google
2026-10-08,JP,it,量子アニーリング,量子アニーリング 日立,0.737,bing
2026-10-08,JP,it,量子アニーリング,量子ゲート 量子アニーリング 違い,0.737,google
2026-10-08,JP,it,FRAMED,6 framed,0.736,google
2026-10-08,JP,other,日本酒 酵母,さぬき オリーブ 酵母 日本酒,0.736,google
2026-10-08,JP,other,日本酒 酵母,日本酒 酵母 数,0.736,google
2026-10-08,JP,it,SBOM,sbom 比較,0.734,bing
2026-10-08,JP,it,FRAMED,framed quote prints,0.733,"bing,ddg"
2026-10-08,JP,it,WebRTC,webrtc control edge,0.733,"bing,ddg"
2026-10-08,JP,it,WebRTC,webrtc opera,0.731,google
2026-10-08,JP,it,WebRTC,webrtc 拥塞 控制,0.731,google
2026-10-08,JP,science,水素 製造,水素 製造 装置 シェア,0.731,google
2026-10-08,JP,it,FRAMED,framed eminem,0.73,"bing,ddg"
2026-10-08,JP,it,SBOM,sbom 経済産業省 発表,0.73,"bing,ddg"
2026-10-08,JP,it,WebRTC,sip webrtc 違い,0.73,google
2026-10-08,JP,it,WebRTC,webrtc opencv,0.73,"bing,ddg"
2026-10-08,JP,other,昆虫採集,湯河原 昆虫採集,0.73,google
2026-10-08,JP,it,WebRTC,your browser does not support webrtc,0.729,"bing,ddg"
2026-10-08,JP,it,FRAMED,framed compacting drawers,0.728,google
2026-10-08,JP,science,水素 製造,水素 100% 爆発,0.727,bing
2026-10-08,JP,other,昆虫採集,昆虫採集日記,0.724,bing
2026-10-08,JP,science,水素 製造,水素製造施設,0.724,bing
2026-10-08,JP,it,WebRTC,https://webrtc.org,0.723,"bing,ddg"
2026-10-08,JP,it,FRAMED,framed quilt squares,0.722,google
2026-10-08,JP,it,SBOM,sbom 経済産業省 説明,0.721,bing
2026-10-08,JP,it,WebRTC,webrtc meet,0.721,google
2026-10-08,JP,it,WebRTC,webrtc nack,0.721,google
2026-10-08,JP,it,WebRTC,webrtc-stream,0.721,bing
2026-10-08,JP,science,水素 製造,岩谷 産業 水素 製造,0.721,google
2026-10-08,JP,science,水素 製造,日本 製鉄 水素 製造,0.721,google
2026-10-08,JP,science,水素 製造,水素 製造 化石 燃料,0.721,google
2026-10-08,JP,science,水素 製造,水素製造 二酸化炭素排出量,0.721,bing
2026-10-08,JP,other,日本酒 酵母,ワイン酵母を使った日本酒,0.72,"bing,ddg"
2026-10-08,JP,it,FRAMED,framed elvis presley pictures,0.719,"bing,ddg"
2026-10-08,JP,it,SBOM,sbom 機械可読,0.717,bing
2026-10-08,JP,it,SBOM,sbom 正式名称,0.717,bing
2026-10-08,JP,it,WebRTC,webrtc-rs,0.717,bing
2026-10-08,JP,it,FRAMED,framed rattlesnake skin,0.716,"bing,ddg"
2026-10-08,JP,it,SBOM,sbom 経済産業省 ガイドライン,0.713,"bing,ddg"
2026-10-08,JP,it,WebRTC,webrtc websocket 比較,0.712,google
2026-10-08,JP,it,WebRTC,webrtc yuv,0.711,google
2026-10-08,JP,other,日本酒 酵母,日本酒 酵母 化粧品,0.711,google
2026-10-08,JP,other,日本酒 酵母,産 膜 酵母 日本酒,0.711,google
2026-10-08,JP,it,WebRTC,webrtc-java,0.71,"bing,ddg"
2026-10-08,JP,it,FRAMED,株式会社a.frame,0.71,"bing,ddg"
2026-10-08,JP,science,水素 製造,水素 製造 二酸化炭素,0.71,"bing,ddg"
2026-10-08,JP,science,水素 製造,水素製造 水蒸気改質法,0.71,"bing,ddg"
2026-10-08,JP,science,水素 製造,水素製造設備 耐用年数,0.71,"bing,ddg"
2026-10-08,JP,it,量子アニーリング,量子アニーリング 大学,0.71,"bing,ddg"
2026-10-08,JP,science,水素 製造,岩谷 産業 水素 製造 方法,0.707,google
2026-10-08,JP,other,日本酒 酵母,日本酒 酵母種類,0.707,bing
2026-10-08,JP,science,水素 製造,水素製造関連記事,0.707,bing
2026-10-08,JP,it,量子アニーリング,量子アニーリング 最適化問題,0.704,"google,bing"
2026-10-08,JP,other,日本酒 酵母,清酒 酵母 の 話 part 2,0.703,"bing,ddg"
2026-10-08,JP,it,WebRTC,webrtc call,0.701,bing
2026-10-08,JP,it,量子アニーリング,量子アニーリング 大関,0.701,bing
2026-10-08,JP,it,SBOM,sbom 作成ツール,0.7,"bing,ddg"
2026-10-08,JP,it,SBOM,sbom 生成ツール,0.7,"bing,ddg"
2026-10-08,JP,it,WebRTC,webrtc-sys,0.7,"bing,ddg"
2026-10-08,JP,science,水素 製造,水素製造 smrとは,0.7,"bing,ddg"
2026-10-08,JP,science,水素 製造,httr 水素 製造 設備,0.697,google
2026-10-08,JP,it,WebRTC,webrtc openai,0.697,google
2026-10-08,JP,other,昆虫採集,昆虫採集奥多摩,0.697,bing
2026-10-08,JP,it,拡散モデル 画像生成,画像生成 ai 拡散モデル 仕組み,0.697,"bing,ddg"
2026-10-08,JP,it,FRAMED,framed keith haring poster,0.693,google
2026-10-08,JP,it,WebRTC,webrtc over tcp,0.693,"bing,ddg"
2026-10-08,JP,it,拡散モデル 画像生成,安定拡散 リアル モデル 数学,0.693,"bing,ddg"
2026-10-08,JP,it,FRAMED,framed en español,0.692,google
2026-10-08,JP,it,FRAMED,d-frame 横浜,0.691,bing
2026-10-08,JP,it,SBOM,sbom nco,0.691,google
2026-10-08,JP,other,日本酒 酵母,作 日本酒 酵母,0.691,google
2026-10-08,JP,other,日本酒 酵母,日本酒 酵母菌 種類,0.691,bing
2026-10-08,JP,other,昆虫採集,昆虫採集 兵庫県,0.691,google
2026-10-08,JP,it,FRAMED,framed keith haring,0.69,google
2026-10-08,JP,it,SBOM,sbom news,0.69,"bing,ddg"
2026-10-08,JP,it,SBOM,sbom 作成手順,0.69,"bing,ddg"
2026-10-08,JP,it,SBOM,sbom 海外,0.69,bing
2026-10-08,JP,it,拡散モデル 画像生成,受動拡散、能動拡散,0.69,"bing,ddg"
2026-10-08,JP,it,FRAMED,株 k-frame,0.69,"bing,ddg"
2026-10-08,JP,it,WebRTC,webrtc平滑发送 pacer 技术深入剖析和实现,0.689,"bing,ddg"
2026-10-08,JP,it,FRAMED,framed 60x20 wall art,0.688,google
2026-10-08,JP,it,WebRTC,webrtc 远程 控制,0.687,google
2026-10-08,JP,other,昆虫採集,昆虫採集 スウィーピング,0.687,google
2026-10-08,JP,science,水素 製造,水素 製造所,0.687,bing
2026-10-08,JP,it,FRAMED,framed movie posters,0.686,"bing,ddg"
2026-10-08,JP,science,水素 製造,水素製造 サプライチェーン,0.686,"bing,ddg"
2026-10-08,JP,it,拡散モデル 画像生成,安定拡散 リアル モデル 化学,0.683,"bing,ddg"
2026-10-08,JP,science,水素 製造,水素利用技術集成 vol.7,0.683,"bing,ddg"
2026-10-08,JP,it,量子アニーリング,量子アニーリングとは 仕組み,0.683,"bing,ddg"
2026-10-08,JP,it,FRAMED,framed 60 mirror,0.682,google
2026-10-08,JP,it,FRAMED,framed cobordism,0.682,google
2026-10-08,JP,it,WebRTC,webrtc on safari,0.682,google
2026-10-08,JP,it,WebRTC,mr-webrtc,0.681,bing
2026-10-08,JP,it,SBOM,sbom 金融機関,0.681,bing
2026-10-08,JP,other,日本酒 酵母,6 号酵母日本酒,0.68,"bing,ddg"
2026-10-08,JP,it,SBOM,sbom 富士通,0.68,"bing,ddg"
2026-10-08,JP,other,昆虫採集,夢占い 昆虫採集,0.68,google
2026-10-08,JP,other,日本酒 酵母,日本酒 酵母以外,0.68,"bing,ddg"
2026-10-08,JP,science,水素 製造,水素 1.008,0.68,"bing,ddg"
2026-10-08,JP,it,WebRTC,webrtc yolo,0.677,google
2026-10-08,JP,other,日本酒 酵母,日本酒 酵母 コーヒー,0.677,google
2026-10-08,JP,other,日本酒 酵母,日本酒 麹菌 酵母 菌,0.677,google
2026-10-08,JP,science,水素 製造,水素 燃料 製造 会社,0.677,google
2026-10-08,JP,it,FRAMED,picture frame 6 x 4,0.676,"bing,ddg"
2026-10-08,JP,it,拡散モデル 画像生成,拡散モデル u-net,0.674,"bing,ddg"
2026-10-08,JP,it,FRAMED,framed collection switch,0.673,google
2026-10-08,JP,science,水素 製造,過 酸化 水素 製造 メーカー,0.672,google
2026-10-08,JP,it,FRAMED,framed ewe phoenix,0.671,"google,bing"
2026-10-08,JP,other,昆虫採集,昆虫採集 殺虫剤,0.671,bing
2026-10-08,JP,science,水素 製造,水素 4% 爆発,0.671,bing
2026-10-08,JP,science,水素 製造,水素製造・dac,0.671,bing
2026-10-08,JP,it,SBOM,sbom 実例,0.67,"bing,ddg"
2026-10-08,JP,science,影を売る女,影を売る女 曲,0.67,"bing,ddg"
2026-10-08,JP,science,影を売る女,影を売る女歌詞,0.67,"bing,ddg"
2026-10-08,JP,other,昆虫採集,昆虫採集 動画,0.67,"bing,ddg"
2026-10-08,JP,other,昆虫採集,昆虫採集 埼玉,0.67,"bing,ddg"
2026-10-08,JP,other,昆虫採集,昆虫採集 大阪,0.67,"bing,ddg"
2026-10-08,JP,other,昆虫採集,昆虫採集 法律,0.67,"bing,ddg"
2026-10-08,JP,it,FRAMED,framed mirror muuto,0.668,google
2026-10-08,JP,it,FRAMED,frame 面内 ver.6,0.667,"bing,ddg"
2026-10-08,JP,it,FRAMED,framed etf,0.667,google
2026-10-08,JP,it,FRAMED,framed map,0.667,google
2026-10-08,JP,it,FRAMED,framed quote ideas,0.666,"bing,ddg"
2026-10-08,JP,it,FRAMED,a-frame 意味,0.664,"bing,ddg"
2026-10-08,JP,it,WebRTC,webrtc-build,0.663,"bing,ddg"
2026-10-08,JP,other,日本酒 酵母,ワイン酵母で作った日本酒,0.663,"bing,ddg"
2026-10-08,JP,it,FRAMED,framed memoirs,0.662,google
2026-10-08,JP,other,昆虫採集,昆虫採集 長竿,0.661,bing
2026-10-08,JP,science,水素 製造,水素製造 触媒,0.661,bing
2026-10-08,JP,it,WebRTC,webrtc what is it,0.656,"bing,ddg"
2026-10-08,JP,science,水素 製造,水素製造設備 三菱重工,0.653,"bing,ddg"
2026-10-08,JP,it,量子アニーリング,量子アニーリング 門脇,0.653,"bing,ddg"
2026-10-08,JP,it,WebRTC,webrtc client,0.652,google
2026-10-08,JP,it,WebRTC,webrtc yandex,0.652,google
2026-10-08,JP,science,水素 製造,グリーン 水素 製造 設備,0.652,google
2026-10-08,JP,other,日本酒 酵母,ワイン 酵母 日本酒 埼玉,0.652,google
2026-10-08,JP,other,日本酒 酵母,日本酒 メロンの香り 酵母,0.652,google
2026-10-08,JP,it,SBOM,sbom 生成ai,0.65,"bing,ddg"
2026-10-08,JP,other,昆虫採集,夢の島公園 昆虫採集,0.65,google
2026-10-08,JP,it,量子アニーリング,量子アニーリング・イジングマシン,0.646,"bing,ddg"
2026-10-08,JP,other,昆虫採集,昆虫採集 道具 販売,0.643,"bing,ddg"
2026-10-08,JP,science,水素 製造,水素製造 二酸化炭素,0.643,"bing,ddg"
2026-10-08,JP,other,昆虫採集,昆虫採集 スポット 関東,0.642,google
2026-10-08,JP,science,水素 製造,水素 燃料 製造 コスト,0.642,google
2026-10-08,JP,it,量子アニーリング,量子アニーリング 定式化,0.642,google
2026-10-08,JP,it,FRAMED,framed radius corner mirror,0.641,"bing,ddg"
2026-10-08,JP,it,SBOM,sbom nachträglich erstellen,0.641,"bing,ddg"
2026-10-08,JP,it,WebRTC,rtsp webrtc 違い,0.64,google
2026-10-08,JP,it,FRAMED,picture frames 4 by 6,0.639,"bing,ddg"
2026-10-08,JP,it,FRAMED,framed quilt art,0.638,google
2026-10-08,JP,it,WebRTC,webrtc on iphone,0.638,google
2026-10-08,JP,it,SBOM,sbom 金融,0.637,google
2026-10-08,JP,other,昆虫採集,昆虫採集 広島,0.637,google
2026-10-08,JP,it,FRAMED,株式会社k-frame,0.637,"bing,ddg"
2026-10-08,JP,it,量子アニーリング,量子アニーリング 資格,0.637,"google,bing"
2026-10-08,JP,it,SBOM,sbom 是什麼,0.636,"bing,ddg"
2026-10-08,JP,it,拡散モデル 画像生成,安定拡散 リアル モデル 応用,0.636,"bing,ddg"
2026-10-08,JP,other,昆虫採集,昆虫採集 禁止,0.634,"google,bing"
2026-10-08,JP,other,昆虫採集,昆虫採集 許可,0.634,"bing,google"
2026-10-08,JP,science,水素 製造,水素製造 世界,0.634,"bing,ddg"
2026-10-08,JP,it,FRAMED,framed ewe los feliz,0.633,google
2026-10-08,JP,it,SBOM,sbom 記載内容,0.633,"bing,ddg"
2026-10-08,JP,other,日本酒 酵母,日本酒 酵母 違い,0.633,"bing,ddg"
2026-10-08,JP,it,SBOM,sbom なん の 略,0.632,google
2026-10-08,JP,it,WebRTC,webrtc mesh,0.632,google
2026-10-08,JP,it,WebRTC,webrtc nodejs,0.63,"google,bing,ddg"
2026-10-08,JP,other,日本酒 酵母,六 号 酵母 日本酒 秋田,0.63,google
2026-10-08,JP,it,量子アニーリング,量子アニーリング ビット数,0.63,"google,bing,ddg"
2026-10-08,JP,it,FRAMED,framed espresso,0.628,google
2026-10-08,JP,it,FRAMED,a-frame 無料,0.627,"bing,ddg"
2026-10-08,JP,other,昆虫採集,昆虫採集 木,0.627,google
2026-10-08,JP,it,FRAMED,framed movie game,0.626,"google,bing,ddg"
2026-10-08,JP,it,WebRTC,webrtc mersive,0.626,"bing,ddg"
2026-10-08,JP,science,水素 製造,水素利用技術集成 vol.6,0.626,"bing,ddg"
2026-10-08,JP,other,日本酒 酵母,9 号酵母日本酒,0.623,"bing,ddg"
2026-10-08,JP,science,水素 製造,j-eng 水素,0.623,"bing,ddg"
2026-10-08,JP,it,SBOM,sbom 是什么,0.623,"bing,ddg"
2026-10-08,JP,it,WebRTC,webrtc or websocket,0.623,google
2026-10-08,JP,science,水素 製造,水素 製造 会社,0.623,"bing,ddg"
2026-10-08,JP,science,水素 製造,水素 製造 割合,0.623,"bing,ddg"
2026-10-08,JP,science,水素 製造,水素 製造 最新,0.623,"bing,ddg"
2026-10-08,JP,other,日本酒 酵母,日本酒 麹 と 酵母,0.622,google
2026-10-08,JP,it,FRAMED,framed kobe bryant jersey,0.621,"bing,ddg"
2026-10-08,JP,it,量子アニーリング,量子アニーリング 東北大学,0.621,"google,bing"
2026-10-08,JP,it,量子アニーリング,量子アニーリング 東工大,0.62,"google,bing,ddg"
2026-10-08,JP,it,WebRTC,webrtc offer answer,0.619,"bing,ddg"
2026-10-08,JP,other,日本酒 酵母,小川 酵母 日本酒,0.619,google
2026-10-08,JP,it,WebRTC,webrtc c#,0.617,"google,bing"
2026-10-08,JP,it,量子アニーリング,量子アニーリングとは 応用,0.616,"bing,ddg"
2026-10-08,JP,it,WebRTC,webrtc high pass filter use split band data,0.614,"bing,ddg"
2026-10-08,JP,it,WebRTC,webrtc native code 有没有dump opus解码前数据的开关,0.614,"bing,ddg"
2026-10-08,JP,it,SBOM,sbom 運用,0.613,"bing,ddg"
2026-10-08,JP,science,水素 製造,セブン 水素☕,0.613,"bing,ddg"
2026-10-08,JP,other,昆虫採集,昆虫採集 大学,0.613,"bing,ddg"
2026-10-08,JP,other,昆虫採集,昆虫採集 関東,0.613,"bing,ddg"
2026-10-08,JP,other,日本酒 酵母,日本酒 酵母 協会,0.612,google
2026-10-08,JP,it,WebRTC,webrtc media,0.611,"google,bing"
2026-10-08,JP,other,日本酒 酵母,オリーブ 酵母 日本酒 川鶴,0.611,google
2026-10-08,JP,it,量子アニーリング,量子アニーリング 創薬,0.61,"bing,ddg,google"
2026-10-08,JP,it,量子アニーリング,量子アニーリング 英語,0.61,"google,bing,ddg"
2026-10-08,JP,other,昆虫採集,昆虫採集 雨の日,0.609,google
2026-10-08,JP,science,水素 製造,水素製造・蓄エネルギー設備 三菱重工,0.609,"bing,ddg"
2026-10-08,JP,other,日本酒 酵母,さくら ひめ 酵母 日本酒,0.608,google
2026-10-08,JP,science,水素 製造,水素製造 スタートアップ,0.606,"bing,ddg"
2026-10-08,JP,it,FRAMED,framed eyecare and glasses,0.604,google
2026-10-08,JP,it,FRAMED,framed 60 inch tv,0.603,google
2026-10-08,JP,other,昆虫採集,昆虫採集 本,0.603,"bing,ddg"
2026-10-08,JP,it,SBOM,sbom ntt,0.602,google
2026-10-08,JP,science,水素 製造,水素 製造 触媒,0.602,google
2026-10-08,JP,science,影を売る女,影を売る女 上映 館,0.6,google
2026-10-08,JP,other,昆虫採集,湯の丸高原 昆虫採集,0.6,google
2026-10-08,JP,other,日本酒 酵母,赤 武 日本酒 酵母,0.6,google
2026-10-08,JP,it,FRAMED,framed 60x40 wall art,0.599,google
2026-10-08,JP,it,FRAMED,framed collection セール,0.599,google
2026-10-08,JP,it,WebRTC,webrtc yocto,0.598,google
2026-10-08,JP,it,量子アニーリング,量子アニーリング 物流,0.596,"bing,ddg"
2026-10-08,JP,science,水素 製造,水素の製造に必要なエネルギー水素ガス 1m3 あたりなど,0.594,"bing,ddg"
2026-10-08,JP,it,SBOM,sbom 求人,0.592,google
2026-10-08,JP,other,昆虫採集,昆虫採集 昼間,0.592,google
2026-10-08,JP,it,SBOM,sbom nist,0.59,"google,bing,ddg"
2026-10-08,JP,other,昆虫採集,昆虫採集 キャンプ,0.59,google
2026-10-08,JP,science,水素 製造,水素製造 イラスト,0.59,"google,bing,ddg"
2026-10-08,JP,it,FRAMED,framed margraten,0.589,"bing,ddg"
2026-10-08,JP,it,SBOM,sbom 何 に 使う,0.588,google
2026-10-08,JP,it,WebRTC,webrtc 複数 人,0.588,google
2026-10-08,JP,other,日本酒 酵母,日本酒 酵母 菌 種類,0.588,google
2026-10-08,JP,other,日本酒 酵母,日本酒 麹 酵母 違い,0.588,google
2026-10-08,JP,other,昆虫採集,昆虫採集 switch,0.588,google
2026-10-08,JP,science,水素 製造,水素 製造 装置 小型,0.588,google
2026-10-08,JP,other,昆虫採集,昆虫採集 宿,0.587,"bing,ddg"
2026-10-08,JP,it,FRAMED,framed ewe,0.586,"bing,ddg"
2026-10-08,JP,it,SBOM,sbom 無料ソフト,0.586,"bing,ddg"
2026-10-08,JP,science,水素 製造,水素製造 水蒸気改質,0.586,"bing,ddg"
2026-10-08,JP,science,水素 製造,水素製造設備新設工事,0.586,"bing,ddg"
2026-10-08,JP,it,量子アニーリング,量子アニーリング 式,0.586,"bing,ddg"
2026-10-08,JP,it,量子アニーリング,量子アニーリング 生産計画,0.586,"bing,google,ddg"
2026-10-08,JP,other,昆虫採集,昆虫採集 日本だけ,0.581,"bing,ddg"
2026-10-08,JP,it,FRAMED,framed embroidery wrap dress,0.58,google
2026-10-08,JP,it,SBOM,sbom 日立ソリューションズ,0.579,"bing,ddg"
2026-10-08,JP,other,日本酒 酵母,日本酒 酵母 メロン,0.578,google
2026-10-08,JP,science,水素 製造,過 酸化 水素 製造,0.578,google
2026-10-08,JP,science,水素 製造,8.6水素水の成分,0.576,"bing,ddg"
2026-10-08,JP,it,FRAMED,e.frameとは,0.576,"bing,ddg"
2026-10-08,JP,it,SBOM,sbom 作成方法,0.576,"bing,ddg"
2026-10-08,JP,it,SBOM,sbom 大統領令,0.576,"bing,ddg"
2026-10-08,JP,it,FRAMED,framed rainbow bridge poem,0.574,"bing,ddg"
2026-10-08,JP,it,WebRTC,webrtc native,0.573,"google,bing,ddg"
2026-10-08,JP,it,WebRTC,webrtc サービス 比較,0.573,google
2026-10-08,JP,science,水素 製造,水素製造 再生可能エネルギー,0.569,"bing,ddg"
2026-10-08,JP,it,FRAMED,framed key minecraft,0.567,google
2026-10-08,JP,it,SBOM,sbom 日本語,0.566,"bing,ddg"
2026-10-08,JP,other,昆虫採集,昆虫採集 英語で,0.566,"bing,ddg"
2026-10-08,JP,science,水素 製造,水素 製造 方法,0.566,"bing,ddg"
2026-10-08,JP,it,FRAMED,framed radius,0.563,google
2026-10-08,JP,science,水素 製造,過 酸化 水素 製造 方法,0.563,google
2026-10-08,JP,it,量子アニーリング,量子アニーリング 最適化,0.563,"google,bing,ddg"
2026-10-08,JP,it,WebRTC,webrtc noise suppression,0.562,"google,bing,ddg"
2026-10-08,JP,it,SBOM,sbom 一覧,0.561,"bing,ddg"
2026-10-08,JP,it,WebRTC,webrtc ソフトフォン 違い,0.56,google
2026-10-08,JP,it,量子アニーリング,量子アニーリングとは 利点,0.559,"bing,ddg"
2026-10-08,JP,science,水素 製造,水素 燃料 製造,0.558,google
2026-10-08,JP,it,WebRTC,webrtc high pass filter split band,0.557,"bing,ddg"
2026-10-08,JP,science,水素 製造,東ガスグリーン水素製造用触媒を開発イリジウムを 5 分の 1 に,0.557,"bing,ddg"
2026-10-08,JP,it,SBOM,sbom 安全,0.556,"bing,ddg"
2026-10-08,JP,other,昆虫採集,昆虫採集 時期,0.556,"bing,ddg"
2026-10-08,JP,science,影を売る女,映画影を売る女,0.556,"bing,ddg"
2026-10-08,JP,it,FRAMED,framed 60x30 wall art,0.554,google
2026-10-08,JP,it,WebRTC,webrtc control extension,0.554,"bing,ddg"
2026-10-08,JP,other,昆虫採集,昆虫採集 キット 注射器,0.553,google
2026-10-08,JP,it,FRAMED,framed episode,0.551,"google,bing,ddg"
2026-10-08,JP,other,日本酒 酵母,セルレニン 耐性 酵母 日本酒,0.55,google
2026-10-08,JP,it,SBOM,sbom noassertion,0.549,google
2026-10-08,JP,it,WebRTC,webrtc chrome 設定,0.549,google
2026-10-08,JP,it,SBOM,sbom 日本,0.548,google
2026-10-08,JP,other,昆虫採集,昆虫採集 夜,0.546,"bing,ddg"
2026-10-08,JP,it,SBOM,sbom 無償ツール,0.543,"google,bing,ddg"
2026-10-08,JP,it,WebRTC,webrtc yaml,0.543,google
2026-10-08,JP,other,日本酒 酵母,日本酒 酵母 m310,0.543,google
2026-10-08,JP,science,水素 製造,水素 燃料 製造 方法,0.543,google
2026-10-08,JP,science,水素 製造,水素 製造 装置 価格,0.543,google
2026-10-08,JP,it,WebRTC,webrtc opus codec,0.541,"bing,ddg"
2026-10-08,JP,it,FRAMED,a-frame 使い方,0.539,"bing,ddg"
2026-10-08,JP,it,FRAMED,framed ramp,0.539,"bing,ddg"
2026-10-08,JP,other,日本酒 酵母,日本酒 酵母 無 添加 と は,0.539,google
2026-10-08,JP,it,量子アニーリング,量子アニーリング 原理,0.539,"bing,ddg"
2026-10-08,JP,other,日本酒 酵母,日本酒酵母,0.536,"bing,ddg"
2026-10-08,JP,it,SBOM,sbom 基本 情報,0.533,google
2026-10-08,JP,it,WebRTC,webrtc nat,0.533,google
2026-10-08,JP,other,昆虫採集,昆虫採集 スズメバチ,0.533,google
2026-10-08,JP,it,WebRTC,webrtc 最新进展 2026,0.531,"bing,ddg"
2026-10-08,JP,other,昆虫採集,昆虫採集 雨,0.531,google
2026-10-08,JP,it,WebRTC,webrtc c++,0.529,"bing,ddg"
2026-10-08,JP,science,水素 製造,水素製造 水電解装置,0.529,"bing,ddg"
2026-10-08,JP,other,日本酒 酵母,オリーブ 酵母 日本酒,0.524,google
2026-10-08,JP,it,SBOM,sbom npm,0.523,"google,bing,ddg"
2026-10-08,JP,other,日本酒 酵母,日本酒 酵母 効果,0.523,google
2026-10-08,JP,other,昆虫採集,昆虫採集 100均,0.523,google
2026-10-08,JP,it,WebRTC,webrtc必须要https吗,0.521,"bing,ddg"
2026-10-08,JP,it,量子アニーリング,量子コンピュータ アニーリング ゲート 違い,0.52,"bing,ddg"
2026-10-08,JP,it,FRAMED,framed rabbit,0.519,google
2026-10-08,JP,it,WebRTC,webrtc nat 越え,0.519,google
2026-10-08,JP,it,WebRTC,webrtc ns,0.519,"bing,ddg"
2026-10-08,JP,it,WebRTC,webrtc 面试,0.519,"bing,ddg"
2026-10-08,JP,other,昆虫採集,昆虫採集 懐中電灯,0.519,"bing,ddg"
2026-10-08,JP,it,WebRTC,webrtc chrome,0.516,"google,bing,ddg"
2026-10-08,JP,science,水素 製造,水素 製造 再生 可能 エネルギー,0.514,google
2026-10-08,JP,science,水素 製造,水素 製造 石油,0.513,google
2026-10-08,JP,it,FRAMED,framed eyewear,0.511,"bing,ddg"
2026-10-08,JP,it,WebRTC,webrtc rtsp 違い,0.511,"bing,ddg"
2026-10-08,JP,other,昆虫採集,昆虫採集 ユーチューブ,0.51,google
2026-10-08,JP,other,昆虫採集,昆虫採集 夢,0.51,google
2026-10-08,JP,it,FRAMED,framed意味,0.509,"bing,ddg"
2026-10-08,JP,it,SBOM,sbom 作成例,0.509,"bing,ddg"
2026-10-08,JP,science,水素 製造,水素 製造 装置 トヨタ,0.509,google
2026-10-08,JP,science,水素 製造,水素製造 反応式,0.509,"bing,ddg"
2026-10-08,JP,it,FRAMED,picture frame 6 x 6,0.504,"bing,ddg"
2026-10-08,JP,other,昆虫採集,昆虫採集 ��本箱,0.504,ddg
2026-10-08,JP,it,SBOM,sbom 中身,0.503,google
2026-10-08,JP,it,量子アニーリング,量子アニーリングマシンとは,0.501,"bing,ddg"
2026-10-08,JP,science,水素 製造,電極薄膜イリジウム 10 分の 1 で生産効率 500 倍東芝水素製造で技術,0.5,"bing,ddg"
2026-10-08,JP,it,SBOM,sbom 公開,0.499,"bing,ddg"
2026-10-08,JP,it,SBOM,sbom 形式,0.499,"bing,ddg"
2026-10-08,JP,other,日本酒 酵母,佐渡金山 酵母 日本酒,0.499,google
2026-10-08,JP,science,影を売る女,影を売る女映画,0.499,"bing,ddg"
2026-10-08,JP,science,水素 製造,水素 cr-v,0.499,"bing,ddg"
2026-10-08,JP,science,水素 製造,水素 製造 燃料 電池,0.499,google
2026-10-08,JP,it,量子アニーリング,量子アニーリング 東芝,0.496,"google,bing,ddg"
2026-10-08,JP,it,WebRTC,webrtc mediamtx,0.494,google
2026-10-08,JP,other,昆虫採集,昆虫採集 愛知県,0.494,google
2026-10-08,JP,it,量子アニーリング,量子アニーリング 富士通,0.491,"bing,ddg"
2026-10-08,JP,it,量子アニーリング,量子アニーリング 将来性,0.491,"bing,ddg"
2026-10-08,JP,it,FRAMED,framed environment design pdf,0.49,"bing,ddg"
2026-10-08,JP,it,FRAMED,framed komplettlösung deutsch,0.49,"bing,ddg"
2026-10-08,JP,it,WebRTC,websocket webrtc 違い,0.49,google
2026-10-08,JP,it,WebRTC,webrtc 読み方,0.489,google
2026-10-08,JP,other,昆虫採集,昆虫採集 必要な道具,0.489,google
2026-10-08,JP,science,水素 製造,水素 製造 再 エネ,0.489,google
2026-10-08,JP,it,WebRTC,webrtc check,0.487,"google,bing,ddg"
2026-10-08,JP,it,WebRTC,webrtc 与 http 公网 ip 一致性,0.487,"bing,ddg"
2026-10-08,JP,it,WebRTC,webrtc obs,0.486,"google,bing,ddg"
2026-10-08,JP,it,FRAMED,framed mono x7,0.484,google
2026-10-08,JP,it,FRAMED,framed ravelry,0.484,google
2026-10-08,JP,it,WebRTC,webrtc yeastar,0.484,google
2026-10-08,JP,it,SBOM,sbom 機能,0.481,"google,bing,ddg"
2026-10-08,JP,science,水素 製造,水素製造設備 メーカー,0.481,"bing,ddg"
2026-10-08,JP,it,WebRTC,webrtc 控制,0.479,google
2026-10-08,JP,science,水素 製造,水素 製造 整流器,0.479,google
2026-10-08,JP,it,FRAMED,framed quotes wall art,0.477,"bing,ddg"
2026-10-08,JP,other,日本酒 酵母,日本酒 酵母 発酵 温度,0.477,google
2026-10-08,JP,it,WebRTC,webrtc chat demo,0.474,"bing,ddg"
2026-10-08,JP,science,水素 製造,水素 製造 装置 メーカー,0.474,google
2026-10-08,JP,science,水素 製造,水素製造 三菱化工機,0.471,"bing,ddg"
2026-10-08,JP,it,量子アニーリング,量子アニーリング 本,0.471,"bing,ddg"
2026-10-08,JP,it,FRAMED,framed 65 inch tv,0.47,google
2026-10-08,JP,other,昆虫採集,昆虫採集 ユーチューバー,0.47,google
2026-10-08,JP,other,日本酒 酵母,日本酒 酵母 菌,0.469,google
2026-10-08,JP,other,昆虫採集,昆虫採集 水銀灯,0.469,google
2026-10-08,JP,it,FRAMED,framed railway prints,0.467,"bing,ddg"
2026-10-08,JP,it,SBOM,sbom nec,0.466,"google,bing,ddg"
2026-10-08,JP,it,SBOM,sbom 金融庁,0.466,"google,bing,ddg"
2026-10-08,JP,science,水素 製造,水素 製造 設備,0.466,"google,bing,ddg"
2026-10-08,JP,it,FRAMED,framed koi fish,0.464,"bing,ddg"
2026-10-08,JP,other,日本酒 酵母,リンゴ 酸 酵母 日本酒,0.464,google
2026-10-08,JP,it,量子アニーリング,量子アニーリングマシン nec,0.464,"bing,ddg"
2026-10-08,JP,it,FRAMED,a-frameとは,0.461,"bing,ddg"
2026-10-08,JP,it,FRAMED,frame 4.6,0.461,"bing,ddg"
2026-10-08,JP,it,FRAMED,framed quilt blocks,0.461,"google,bing,ddg"
2026-10-08,JP,it,SBOM,sbom 基本情報,0.461,"bing,ddg"
2026-10-08,JP,other,日本酒 酵母,日本酒 酵母 論文,0.461,"bing,ddg"
2026-10-08,JP,science,水素 製造,水素製造 nedo,0.461,"bing,ddg"
2026-10-08,JP,science,水素 製造,水素製造 soec,0.461,"bing,ddg"
2026-10-08,JP,it,SBOM,sbom 内容,0.459,google
2026-10-08,JP,other,昆虫採集,昆虫採集 標本箱,0.458,"google,bing"
2026-10-08,JP,it,FRAMED,framed estates,0.454,"bing,ddg"
2026-10-08,JP,it,WebRTC,webrtc meaning,0.454,"bing,ddg"
2026-10-08,JP,other,日本酒 酵母,日本酒 酵母 無 添加,0.454,google
2026-10-08,JP,it,量子アニーリング,量子アニーリング セミナー,0.452,"google,bing,ddg"
2026-10-08,JP,it,SBOM,sbom 経産省,0.451,"bing,ddg"
2026-10-08,JP,other,昆虫採集,昆虫採集 三角紙,0.451,"bing,ddg"
2026-10-08,JP,science,水素 製造,水素 製造 日本,0.451,"bing,ddg"
2026-10-08,JP,it,FRAMED,framed quilt,0.449,"google,bing,ddg"
2026-10-08,JP,other,昆虫採集,昆虫採集 雨上がり,0.447,google
2026-10-08,JP,other,昆虫採集,昆虫採集 網,0.446,"google,bing,ddg"
2026-10-08,JP,it,SBOM,sbom キーサイト,0.444,google
2026-10-08,JP,it,WebRTC,webrtc hls 違い,0.444,"bing,ddg"
2026-10-08,JP,science,水素 製造,7%過酸化水素,0.441,"bing,ddg"
2026-10-08,JP,other,昆虫採集,昆虫採集 方法,0.441,"bing,ddg"
2026-10-08,JP,other,昆虫採集,昆虫採集 海外,0.441,"bing,ddg"
2026-10-08,JP,science,水素 製造,水素 製造手法,0.441,"bing,ddg"
2026-10-08,JP,it,量子アニーリング,量子アニーリング 素因数分解,0.44,google
2026-10-08,JP,it,SBOM,sbom ntia,0.434,google
2026-10-08,JP,it,WebRTC,webrtc 入門,0.434,google
2026-10-08,JP,it,WebRTC,webrtc 費用,0.434,google
2026-10-08,JP,other,昆虫採集,昆虫採集 スポット,0.434,google
2026-10-08,JP,it,量子アニーリング,量子アニーリング トヨタ,0.434,"bing,ddg"
2026-10-08,JP,it,WebRTC,webrtc high pass filter,0.43,"bing,ddg"
2026-10-08,JP,it,WebRTC,webrtc meetup,0.43,google
2026-10-08,JP,other,昆虫採集,昆虫採集 スズメバチ 対策,0.43,google
2026-10-08,JP,science,水素 製造,水素製造設備 補助金,0.429,"google,bing,ddg"
2026-10-08,JP,science,水素 製造,水素製造 シリカ 析出 メカニズム,0.427,"bing,ddg"
2026-10-08,JP,science,水素 製造,水素 製造 石炭,0.424,google
2026-10-08,JP,it,量子アニーリング,量子アニーリング 炎上,0.424,"bing,ddg"
2026-10-08,JP,it,SBOM,ユビキタスai sbom,0.42,google
2026-10-08,JP,it,WebRTC,webrtc over quic,0.417,"bing,ddg"
2026-10-08,JP,other,昆虫採集,昆虫採集網 ダイソー,0.414,"bing,ddg"
2026-10-08,JP,science,水素 製造,水素 製造 熱,0.414,google
2026-10-08,JP,it,FRAMED,framed rack,0.41,google
2026-10-08,JP,it,SBOM,sbom 無料 ツール,0.41,google
2026-10-08,JP,it,WebRTC,webrtc 低 遅延,0.41,google
2026-10-08,JP,science,水素 製造,水素 製造 最新 技術,0.41,google
2026-10-08,JP,it,量子アニーリング,量子アニーリング とは,0.41,google
2026-10-08,JP,it,SBOM,sbom 何の略,0.409,"google,bing,ddg"
2026-10-08,JP,it,WebRTC,webrtc camera,0.408,"google,bing,ddg"
2026-10-08,JP,it,SBOM,sbom なぜ必要,0.404,"bing,ddg"
2026-10-08,JP,it,WebRTC,webrtc 指纹,0.404,"bing,ddg"
2026-10-08,JP,it,拡散モデル 画像生成,拡散モデル画像生成,0.404,"bing,ddg"
2026-10-08,JP,science,水素 製造,水素製造 三菱重工,0.404,"bing,ddg"
2026-10-08,JP,science,水素 製造,水素製造 熱化学法,0.404,"bing,ddg"
2026-10-08,JP,it,FRAMED,framed racing jersey,0.4,"bing,ddg"
2026-10-08,JP,it,SBOM,sbom なぜ 必要,0.4,google
2026-10-08,JP,it,WebRTC,webrtc oss,0.4,google
2026-10-08,JP,other,日本酒 酵母,六 号 酵母 日本酒,0.4,google
2026-10-08,JP,science,水素 製造,水素 製造 is 法,0.4,google
2026-10-08,JP,science,水素 製造,水素 製造 熱 分解,0.4,google
2026-10-08,JP,it,FRAMED,framed korowai,0.397,"bing,ddg"
2026-10-08,JP,it,WebRTC,webrtc chatgpt,0.397,"bing,ddg"
2026-10-08,JP,it,量子アニーリング,量子アニーリング mazda,0.397,"bing,ddg"
2026-10-08,JP,it,SBOM,sbom 義務化,0.394,"bing,ddg"
2026-10-08,JP,it,WebRTC,webrtc open source,0.394,"google,bing,ddg"
2026-10-08,JP,other,昆虫採集,昆虫採集キット昔,0.394,"bing,ddg"
2026-10-08,JP,science,水素 製造,水素製造 spc,0.394,"bing,ddg"
2026-10-08,JP,science,水素 製造,水素製造設備とは,0.394,"bing,ddg"
2026-10-08,JP,it,FRAMED,framed movie,0.391,"google,bing,ddg"
2026-10-08,JP,it,FRAMED,framed 攻略,0.39,google
2026-10-08,JP,it,SBOM,sbom helm,0.39,google
2026-10-08,JP,other,日本酒 酵母,日本酒 酵母 温度,0.39,google
2026-10-08,JP,it,WebRTC,webrtc メリット,0.388,"google,bing,ddg"
2026-10-08,JP,it,WebRTC,webrtc sip 違い,0.387,"bing,ddg"
2026-10-08,JP,it,SBOM,bom dia,0.384,"bing,ddg"
2026-10-08,JP,it,SBOM,sbom 企画,0.384,"bing,ddg"
2026-10-08,JP,it,量子アニーリング,量子アニーリング シミュレータ,0.383,"google,bing,ddg"
2026-10-08,JP,other,昆虫採集,昆虫採集 標本 作り方,0.381,"google,bing,ddg"
2026-10-08,JP,it,WebRTC,webrtc not loading,0.38,"bing,ddg"
2026-10-08,JP,other,日本酒 酵母,日本酒 酵母 味,0.38,google
2026-10-08,JP,other,昆虫採集,昆虫採集 キット,0.38,google
2026-10-08,JP,other,昆虫採集,昆虫採集 有名人,0.38,google
2026-10-08,JP,other,日本酒 酵母,桜 酵母 日本酒,0.38,google
2026-10-08,JP,science,水素 製造,水素 製造 装置,0.38,google
2026-10-08,JP,it,WebRTC,webrtc media helper,0.379,"google,bing,ddg"
2026-10-08,JP,other,昆虫採集,8月 昆虫採集,0.37,google
2026-10-08,JP,other,昆虫採集,昆虫採集 5月,0.37,google
2026-10-08,JP,other,昆虫採集,昆虫採集 6月,0.37,google
2026-10-08,JP,other,昆虫採集,昆虫採集 標本,0.37,google
2026-10-08,JP,it,量子アニーリング,量子アニーリング 組み合わせ最適化,0.37,"bing,ddg"
2026-10-08,JP,it,量子アニーリング,量子アニーリング 西森,0.367,"bing,ddg"
2026-10-08,JP,it,SBOM,sbom 変換ツール,0.357,"bing,ddg"
2026-10-08,JP,it,SBOM,sbom 規制,0.348,"google,bing,ddg"
2026-10-08,JP,it,SBOM,sbom nis2,0.347,"bing,ddg"
2026-10-08,JP,it,SBOM,sbom なんの略,0.347,"bing,ddg"
2026-10-08,JP,it,FRAMED,framed mirror,0.344,"google,bing,ddg"
2026-10-08,JP,it,FRAMED,framed quotes,0.344,"google,bing,ddg"
2026-10-08,JP,it,SBOM,sbom 無料,0.341,"google,bing,ddg"
2026-10-08,JP,it,量子アニーリング,量子アニーリング トンネル効果,0.339,"google,bing,ddg"
2026-10-08,JP,science,水素 製造,水素 700°c,0.337,"bing,ddg"
2026-10-08,JP,science,水素 製造,水素製造 is法,0.337,"bing,ddg"
2026-10-08,JP,science,水素 製造,水素製造 水電解,0.337,"bing,ddg"
2026-10-08,JP,science,水素 製造,水素製造 熱分解,0.337,"bing,ddg"
2026-10-08,JP,it,量子アニーリング,量子アニーリング シャープ,0.33,"bing,ddg"
2026-10-08,JP,it,FRAMED,framed meaning,0.329,"google,bing,ddg"
2026-10-08,JP,it,SBOM,sbom 目的,0.327,"bing,ddg"
2026-10-08,JP,it,FRAMED,frame-dias 6,0.32,"bing,ddg"
2026-10-08,JP,it,WebRTC,webrtc offer,0.32,"bing,ddg"
2026-10-08,JP,it,SBOM,sbom ユースケース,0.31,"bing,ddg"
2026-10-08,JP,it,FRAMED,framed keepsake,0.307,"google,bing,ddg"
2026-10-08,JP,it,FRAMED,framed key,0.3,"bing,ddg"
2026-10-08,JP,other,昆虫採集,昆虫採集 必要なもの,0.3,"bing,ddg"
2026-10-08,JP,it,量子アニーリング,量子アニーリング ブラックボックス最適化,0.3,"google,bing,ddg"
2026-10-08,JP,it,FRAMED,framed quiz,0.299,"google,bing,ddg"
2026-10-08,JP,science,水素 製造,水素 製造 smr,0.29,"bing,ddg"
2026-10-08,JP,other,昆虫採集,5 月昆虫採集,0.27,"bing,ddg"
2026-10-08,JP,other,昆虫採集,6 月昆虫採集,0.27,"bing,ddg"
2026-10-08,JP,it,SBOM,sbom 変換,0.27,"bing,ddg"
2026-10-08,JP,science,水素 製造,水素製造 岩谷,0.27,"bing,ddg"
2026-10-08,JP,science,水素 製造,水素製造 熱,0.26,"bing,ddg"
2026-10-08,JP,it,WebRTC,webrtc youtube,0.24,"google,bing,ddg"
2026-10-08,JP,other,昆虫採集,昆虫採集 アプリ,0.237,"google,bing,ddg"
2026-10-08,JP,it,量子アニーリング,量子アニーリング マシン,0.22,"google,bing,ddg"
2026-10-08,JP,it,SBOM,sbom nttデータ,0.21,"google,bing,ddg"
2026-10-08,JP,it,SBOM,sbom 規格,0.17,"google,bing,ddg"
2026-10-08,KR,it,반도체 패키징,2025 차세대 반도체 패키징 산업전 asps,0.906,google
2026-10-08,KR,it,반도체 패키징,2026 차세대 반도체 패키징 산업전 asps,0.861,google
2026-10-08,KR,economy,스테이블코인,스테이블 코인 카드 발행 방법,0.86,naver
2026-10-08,KR,science,페로브스카이트,페로브스카이트 태양전지 가격,0.85,google
2026-10-08,KR,science,페로브스카이트,페로브스카이트 태양전지 사진,0.85,google
2026-10-08,KR,it,반도체 패키징,하나 마이크론 반도체 패키징,0.85,google
2026-10-08,KR,economy,스테이블코인,나이스신용평가 스테이블코인,0.84,google
2026-10-08,KR,economy,스테이블코인,스테이블코인 알트코인 비교,0.84,naver
2026-10-08,KR,economy,스테이블코인,암호화폐 스테이블코인 차이,0.84,google
2026-10-08,KR,economy,스테이블코인,제이미 다이먼 스테이블코인,0.84,google
2026-10-08,KR,science,고분자,히알루 론산 고분자 사용법,0.84,google
2026-10-08,KR,science,암흑물질,/카이스트 총장 암흑물질,0.83,google
2026-10-08,KR,it,갤럭시 주,갤럭시 주파수 설정 방법,0.83,naver
2026-10-08,KR,economy,스테이블코인,스테이블코인 가격 그래프,0.83,naver
2026-10-08,KR,science,페로브스카이트,페로브스카이트 흡수 파장,0.83,google
2026-10-08,KR,it,반도체 패키징,현대자동차 반도체 패키징,0.83,google
2026-10-08,KR,economy,스테이블코인,리플 스테이블코인 가격,0.82,google
2026-10-08,KR,economy,스테이블코인,스테이블코인 카드 디시,0.82,google
2026-10-08,KR,science,페로브스카이트,페로브스카이트 나노입자,0.82,google
2026-10-08,KR,science,고분자,고분자 거대분자 차이,0.81,google
2026-10-08,KR,other,양봉,윗꼬리 아래꼬리 양봉,0.81,google
2026-10-08,KR,science,고분자,자가치유 고분자 종류,0.81,google
2026-10-08,KR,it,반도체 패키징,차량용 반도체 패키징,0.81,google
2026-10-08,KR,science,고분자,카이스트 고분자공학과,0.81,google
2026-10-08,KR,science,고분자,고분자 컴파운딩 블렌딩 차이,0.8,google
2026-10-08,KR,other,양봉,나는 농부 다 양봉,0.8,google
2026-10-08,KR,science,고분자,다공성 배위 고분자,0.8,google
2026-10-08,KR,economy,스테이블코인,스테이블코인다날전망,0.8,naver
2026-10-08,KR,economy,스테이블코인,아멕스 스테이블코인,0.8,google
2026-10-08,KR,other,양봉,양봉 과 음봉 차이,0.8,google
2026-10-08,KR,science,고분자,결정성 비결정성 고분자 차이,0.793,google
2026-10-08,KR,it,엣지 AI,엣지 ai 가속기,0.79,google
2026-10-08,KR,other,양봉,이상암 양봉 타법,0.79,google
2026-10-08,KR,other,양봉,카드서바이벌 양봉,0.79,google
2026-10-08,KR,economy,스테이블코인,sto 스테이블코인 차이,0.786,google
2026-10-08,KR,it,갤럭시 주,갤럭시주간리포트,0.78,naver
2026-10-08,KR,other,양봉,마크 양봉 방법,0.78,google
2026-10-08,KR,economy,스테이블코인,다날 스테이블코인 전망,0.776,google
2026-10-08,KR,economy,스테이블코인,달러 스테이블코인 가격,0.776,google
2026-10-08,KR,it,반도체 패키징,sk 하이닉스 반도체 패키징,0.77,google
2026-10-08,KR,science,고분자,타이어 고분자,0.77,google
2026-10-08,KR,it,반도체 패키징,2026 차세대 반도체 패키징 산업전,0.767,google
2026-10-08,KR,economy,스테이블코인,아이티센 스테이블코인,0.766,google
2026-10-08,KR,science,고분자,자가치유 고분자 실험,0.766,google
2026-10-08,KR,other,양봉,양봉장 말벌,0.76,naver
2026-10-08,KR,other,양봉,양봉장 체험,0.76,naver
2026-10-08,KR,economy,스테이블코인,스테이블코인 카지노,0.756,google
2026-10-08,KR,economy,스테이블코인,예금토큰 스테이블코인 차이,0.751,google
2026-10-08,KR,science,고분자,고분자산업,0.75,naver
2026-10-08,KR,it,NTLM,원격 데스크톱 ntlm 인증 차단,0.747,google
2026-10-08,KR,other,양봉,아랫꼬리 긴 양봉,0.746,google
2026-10-08,KR,other,양봉,양봉 자동사 양기,0.746,google
2026-10-08,KR,economy,스테이블코인,나이지리아 스테이블코인,0.74,google
2026-10-08,KR,it,반도체 패키징,반도체 패키징 관련 자격증,0.74,google
2026-10-08,KR,other,양봉,양봉 자,0.74,google
2026-10-08,KR,other,양봉,양봉카페,0.74,naver
2026-10-08,KR,economy,스테이블코인,다우데이타 스테이블코인,0.731,google
2026-10-08,KR,economy,스테이블코인,스테이블코인 카드 결제,0.731,google
2026-10-08,KR,other,양봉,양봉장 영어로,0.726,naver
2026-10-08,KR,other,양봉,양봉장벌똥피해,0.726,naver
2026-10-08,KR,other,양봉,양봉 토종벌 차이,0.723,google
2026-10-08,KR,other,양봉,포항 양봉 카페,0.723,google
2026-10-08,KR,it,반도체 패키징,2025 차세대 반도체 패키징 산업전,0.722,google
2026-10-08,KR,economy,스테이블코인,아프리카 스테이블코인,0.721,google
2026-10-08,KR,science,고분자,자가치유 고분자 소재,0.721,google
2026-10-08,KR,economy,스테이블코인,스테이블 코인 카드결제,0.72,naver
2026-10-08,KR,science,고분자,고분자 사출,0.716,google
2026-10-08,KR,science,고분자,고분자 사슬 영어로,0.711,google
2026-10-08,KR,economy,스테이블코인,스테이블코인 가능성,0.711,google
2026-10-08,KR,other,양봉,아래꼬리가 긴 양봉,0.711,google
2026-10-08,KR,economy,스테이블코인,비트코인 스테이블코인 차이,0.707,google
2026-10-08,KR,science,고분자,자가치유 고분자 수소 결합,0.707,google
2026-10-08,KR,other,양봉,양봉 자동 이충기,0.701,google
2026-10-08,KR,it,반도체 패키징,하이닉스 반도체 패키징 업체,0.69,google
2026-10-08,KR,it,반도체 패키징,차세대 반도체 패키징 산업전(asps),0.688,google
2026-10-08,KR,economy,스테이블코인,스테이블코인 가이드라인,0.687,google
2026-10-08,KR,economy,스테이블코인,아르헨티나 스테이블코인,0.687,google
2026-10-08,KR,economy,스테이블코인,원화 스테이블코인 다날,0.687,google
2026-10-08,KR,science,고분자,카이스트 고분자 연구실,0.687,google
2026-10-08,KR,science,페로브스카이트,페로브스카이트 나무위키,0.687,google
2026-10-08,KR,science,고분자,신소재 고분자 차이,0.686,google
2026-10-08,KR,economy,스테이블코인,나이스정보통신 스테이블코인,0.68,google
2026-10-08,KR,other,양봉,양봉 계상 방법,0.68,google
2026-10-08,KR,other,양봉,양봉 벌 토종벌 차이,0.677,google
2026-10-08,KR,other,양봉,양봉장 카페,0.671,naver
2026-10-08,KR,it,갤럭시 주,갤럭시 주파수 검색,0.667,naver
2026-10-08,KR,economy,스테이블코인,스테이블코인 단기채,0.667,naver
2026-10-08,KR,economy,스테이블코인,스테이블코인 카이아,0.667,google
2026-10-08,KR,other,양봉,양봉 업자 인스 타,0.667,google
2026-10-08,KR,science,페로브스카이트,페로브스카이트 사진,0.667,google
2026-10-08,KR,economy,스테이블코인,cbdc 스테이블코인 차이,0.662,google
2026-10-08,KR,other,양봉,양봉장 뜻,0.661,naver
2026-10-08,KR,economy,스테이블코인,스테이블코인 강의,0.657,naver
2026-10-08,KR,other,양봉,아래꼬리 긴 양봉,0.657,google
2026-10-08,KR,other,양봉,양봉 자재 가격,0.647,google
2026-10-08,KR,economy,스테이블코인,스테이블코인 카카오뱅크,0.642,google
2026-10-08,KR,science,고분자,자가 치유 고분자 원리,0.642,google
2026-10-08,KR,other,양봉,조선 양봉 아카시아 꿀,0.642,google
2026-10-08,KR,it,NTLM,원격 컴퓨터에서 ntlm 인증이 차단,0.633,google
2026-10-08,KR,economy,스테이블코인,스테이블코인 아발란체,0.632,google
2026-10-08,KR,other,양봉,양봉 자재 중고 시장,0.632,google
2026-10-08,KR,other,양봉,양봉 꿀벌 재래꿀벌 차이,0.63,google
2026-10-08,KR,science,고분자,초분자 고분자 차이,0.629,google
2026-10-08,KR,science,고분자,고분자 사진,0.627,google
2026-10-08,KR,economy,스테이블코인,스테이블코인 가스비,0.622,google
2026-10-08,KR,economy,스테이블코인,스테이블코인 아이티센글로벌,0.618,google
2026-10-08,KR,economy,스테이블코인,스테이블코인 알트코인 차이,0.618,google
2026-10-08,KR,other,양봉,양봉장 꿀,0.617,naver
2026-10-08,KR,other,양봉,스타듀밸리 양봉장,0.612,naver
2026-10-08,KR,economy,스테이블코인,스테이블코인 다큐,0.612,google
2026-10-08,KR,it,반도체 패키징,반도체 패키징 자격증,0.61,google
2026-10-08,KR,economy,스테이블코인,스테이블코인 암호화폐,0.61,naver
2026-10-08,KR,other,양봉,우주선 양봉카페,0.609,google
2026-10-08,KR,science,고분자,고분자 사슬 뜻,0.602,google
2026-10-08,KR,science,고분자,금속 세라믹 고분자 차이,0.601,google
2026-10-08,KR,economy,스테이블코인,나스닥 스테이블코인 관련주,0.6,google
2026-10-08,KR,other,양봉,다이 소 양봉 모자,0.6,google
2026-10-08,KR,economy,스테이블코인,스테이블코인 카드 발급,0.598,google
2026-10-08,KR,economy,스테이블코인,스테이블코인 코인 차이,0.598,google
2026-10-08,KR,economy,스테이블코인,스테이블코인 가상화폐,0.588,google
2026-10-08,KR,it,반도체 패키징,반도체 패키징 하이닉스,0.58,google
2026-10-08,KR,other,양봉,양봉 이충 방법,0.58,google
2026-10-08,KR,economy,스테이블코인,스테이블코인 시가총액 차트,0.573,google
2026-10-08,KR,it,반도체 패키징,차세대 반도체 패키징 기술,0.573,google
2026-10-08,KR,science,고분자,다공성 고분자,0.57,google
2026-10-08,KR,it,반도체 패키징,차세대 반도체 패키징 산업전 후기,0.569,google
2026-10-08,KR,science,고분자,고분자 사슬 길이,0.568,google
2026-10-08,KR,science,고분자,자가 치유 고분자,0.568,google
2026-10-08,KR,other,양봉,양봉장소,0.562,naver
2026-10-08,KR,other,양봉,양봉 아저씨 짤,0.558,google
2026-10-08,KR,other,양봉,양봉 자재 마트,0.558,google
2026-10-08,KR,economy,스테이블코인,스테이블코인 달러 차이,0.553,google
2026-10-08,KR,science,페로브스카이트,페로브스카이트 나노결정,0.553,google
2026-10-08,KR,other,양봉,용수 양봉 카페,0.551,google
2026-10-08,KR,science,고분자,고분자 공학과 자격증,0.543,google
2026-10-08,KR,economy,스테이블코인,스테이블코인 가격변동,0.543,google
2026-10-08,KR,other,양봉,양봉 꿀 토종꿀 차이,0.543,google
2026-10-08,KR,science,페로브스카이트,페로브스카이트 산화물,0.543,google
2026-10-08,KR,it,반도체 패키징,반도체 패키징 하이브리드 본딩,0.54,google
2026-10-08,KR,economy,스테이블코인,스테이블코인 usdt usdc 차이,0.534,google
2026-10-08,KR,it,갤럭시 주,갤럭시 주파수 변경,0.533,naver
2026-10-08,KR,it,반도체 패키징,반도체 패키징 장비 업체,0.53,google
2026-10-08,KR,science,고분자,고분자 사슬 절단,0.523,google
2026-10-08,KR,economy,스테이블코인,스테이블코인 단점,0.523,google
2026-10-08,KR,other,양봉,양봉 진드기 제거 방법,0.52,google
2026-10-08,KR,science,고분자,히알루론산 저분자 고분자 차이,0.517,google
2026-10-08,KR,science,고분자,중합체 고분자 차이,0.514,google
2026-10-08,KR,science,고분자,카이스트 고분자,0.513,google
2026-10-08,KR,other,양봉,양봉 아랫꼬리,0.503,google
2026-10-08,KR,economy,스테이블코인,스테이블코인 달러패권,0.499,google
2026-10-08,KR,other,양봉,양봉 업자 카톡,0.494,google
2026-10-08,KR,other,양봉,양봉 자조금,0.493,naver
2026-10-08,KR,economy,스테이블코인,스테이블코인 아마존,0.489,google
2026-10-08,KR,other,양봉,양봉 아 지금 이니,0.489,google
2026-10-08,KR,other,양봉,양봉 자재 파는 곳,0.489,google
2026-10-08,KR,other,양봉,양봉 타법,0.483,google
2026-10-08,KR,economy,스테이블코인,스테이블코인 나스닥,0.48,google
2026-10-08,KR,science,고분자,고분자 사슬 얽힘,0.479,google
2026-10-08,KR,science,고분자,고분자 자기 조립,0.479,google
2026-10-08,KR,economy,스테이블코인,스테이블코인 차이,0.479,google
2026-10-08,KR,other,양봉,양봉 아래꼬리,0.47,"naver,google"
2026-10-08,KR,it,엣지 AI,엣지 ai 온디바이스 ai 차이,0.47,google
2026-10-08,KR,other,양봉,양봉 자재 판매,0.469,naver
2026-10-08,KR,economy,스테이블코인,스테이블코인 차등 규제,0.464,google
2026-10-08,KR,economy,스테이블코인,스테이블코인 가상자산,0.454,google
2026-10-08,KR,economy,스테이블코인,스테이블코인 단기국채,0.454,google
2026-10-08,KR,it,반도체 패키징,차세대 반도체 패키징,0.454,google
2026-10-08,KR,it,반도체 패키징,차세대 반도체 패키징 산업전,0.45,google
2026-10-08,KR,other,양봉,음봉 양봉 차이,0.447,google
2026-10-08,KR,economy,스테이블코인,스테이블코인 카카오,0.444,google
2026-10-08,KR,it,갤럭시 주,갤럭시 주 교통 카드 설정,0.44,google
2026-10-08,KR,science,암흑물질,아컴호러 카드게임 암흑물질,0.44,google
2026-10-08,KR,science,고분자,고분자 사슬 구조,0.434,google
2026-10-08,KR,it,엣지 AI,마이크로소프트 엣지 ai,0.43,google
2026-10-08,KR,economy,스테이블코인,스테이블코인 왜 필요한가,0.43,google
2026-10-08,KR,science,암흑물질,암흑에너지 암흑물질 차이,0.43,google
2026-10-08,KR,science,고분자,고분자 자유부피,0.424,google
2026-10-08,KR,science,페로브스카이트,파나소닉 페로브스카이트,0.42,google
2026-10-08,KR,other,양봉,양봉 채밀기,0.417,google
2026-10-08,KR,other,양봉,양봉 자재 몰,0.414,google
2026-10-08,KR,science,고분자,고분자 카이 파라미터,0.41,google
2026-10-08,KR,economy,스테이블코인,스테이블코인 나무위키,0.41,google
2026-10-08,KR,it,반도체 패키징,반도체 패키징 강의,0.4,google
2026-10-08,KR,it,반도체 패키징,반도체 패키징 장비,0.4,google
2026-10-08,KR,it,반도체 패키징,반도체 패키징 타입,0.4,google
2026-10-08,KR,economy,스테이블코인,스테이블코인 아이콘,0.4,google
2026-10-08,KR,other,양봉,양봉 아랫꼬리의 뜻,0.4,naver
2026-10-08,KR,it,엣지 AI,엣지 ai 가 뭐야,0.4,google
2026-10-08,KR,science,고분자,저분자 고분자 차이,0.4,google
2026-10-08,KR,science,페로브스카이트,페로브스카이트 가격,0.4,google
2026-10-08,KR,it,갤럭시 주,갤럭시 주가 위젯,0.39,naver
2026-10-08,KR,it,갤럭시 주,갤럭시 주말 수리,0.39,naver
2026-10-08,KR,economy,스테이블코인,스테이블코인 차트,0.39,google
2026-10-08,KR,other,양봉,장대 양봉 다음날,0.39,google
2026-10-08,KR,science,페로브스카이트,페로브스카이트 납,0.39,google
2026-10-08,KR,science,페로브스카이트,페로브스카이트 란,0.39,google
2026-10-08,KR,science,고분자,합성 고분자 타일,0.39,google
2026-10-08,KR,science,고분자,고분자 사슬구조,0.38,naver
2026-10-08,KR,other,양봉,라스트에폭 양봉,0.38,google
2026-10-08,KR,it,반도체 패키징,반도체패키징장비,0.38,naver
2026-10-08,KR,other,양봉,한봉 양봉 차이,0.38,google
2026-10-08,KR,it,갤럭시 주,갤럭시 주파수,0.37,naver
2026-10-08,KR,science,고분자,고분자 다당류,0.37,google
2026-10-08,KR,science,고분자,고분자 자격증,0.37,google
2026-10-08,KR,science,암흑물질,암흑물질 마나,0.37,google
2026-10-08,KR,other,양봉,광주 양봉 카페,0.366,"naver,google"
2026-10-08,KR,it,NTLM,ntlm차단,0.36,google
2026-10-08,KR,science,고분자,고분자 사슬,0.36,google
2026-10-08,KR,other,양봉,양봉 아저씨,0.36,google
2026-10-08,KR,other,양봉,양봉 탈봉기,0.36,google
2026-10-08,KR,other,양봉,용수양봉카페,0.36,naver
2026-10-08,KR,other,양봉,양봉 카페,0.35,google
2026-10-08,KR,economy,스테이블코인,스테이블코인 카드사,0.3,"naver,google"
2026-10-08,KR,economy,스테이블코인,스테이블코인 다날,0.268,"naver,google"
2026-10-08,KR,economy,스테이블코인,스테이블코인 가치,0.223,"naver,google"
2026-10-08,KR,economy,스테이블코인,스테이블코인 달러,0.223,"naver,google"
2026-10-08,KR,economy,스테이블코인,스테이블코인 아톤,0.223,"naver,google"
2026-10-08,KR,economy,스테이블코인,스테이블코인 카카오페이,0.22,"naver,google"
2026-10-08,KR,other,양봉,양봉 자재,0.183,"naver,google"
2026-10-08,KR,other,양봉,양봉 자격증,0.104,"naver,google"
2026-10-08,KR,economy,스테이블코인,스테이블코인 가격,0.09,"naver,google"
2026-10-08,KR,economy,스테이블코인,스테이블코인 카드,0.09,"naver,google"
2026-10-08,KR,other,양봉,양봉 방법,0.05,"naver,google"
2026-10-08,RU,it,Bounty Star,star wars bounty hunter скачать,1.0,yandex
2026-10-08,RU,it,Конфигурация компьютера,windows 10 конфигурация компьютера административные шаблоны,1.0,google
2026-10-08,RU,economy,паритет покупательной способности,абсолютный паритет покупательной способности,1.0,google
2026-10-08,RU,it,Конфигурация компьютера,базовая конфигурация настольного компьютера,1.0,google
2026-10-08,RU,science,нейтронная звезда,белый карлик и нейтронная звезда разница,1.0,google
2026-10-08,RU,economy,слияния и поглощения,виды сделок слияния и поглощения,1.0,google
2026-10-08,RU,science,нейтронная звезда,как образуется нейтронная звезда,1.0,yandex
2026-10-08,RU,it,Конфигурация компьютера,какая конфигурация компьютера используется в повседневной жизни,1.0,google
2026-10-08,RU,it,Конфигурация компьютера,конфигурация домашнего компьютера,1.0,google
2026-10-08,RU,it,Конфигурация компьютера,конфигурация компьютера windows,1.0,google
2026-10-08,RU,economy,цепочки поставок,международные цепочки поставок,1.0,google
2026-10-08,RU,it,Конфигурация компьютера,минимальная конфигурация устройств для работы на компьютере,1.0,yandex
2026-10-08,RU,science,нейтронная звезда,нейтронная звезда фото реальное,1.0,yandex
2026-10-08,RU,science,нейтронная звезда,нейтронная звезда что это кратко и понятно,1.0,yandex
2026-10-08,RU,economy,паритет покупательной способности,паритет покупательной способности валют это,1.0,google
2026-10-08,RU,economy,паритет покупательной способности,паритет покупательной способности рб,1.0,google
2026-10-08,RU,it,Конфигурация компьютера,персональный компьютер выбор конфигурации компьютера,1.0,yandex
2026-10-08,RU,it,FPGA,плис ольга павловна педиатр отзывы,1.0,yandex
2026-10-08,RU,economy,слияния и поглощения,примеры слияния и поглощения компаний в мире,1.0,google
2026-10-08,RU,it,Конфигурация компьютера,проверка конфигурации компьютера на совместимость,1.0,yandex
2026-10-08,RU,science,нейтронная звезда,пульсар и нейтронная звезда отличие,1.0,yandex
2026-10-08,RU,science,нейтронная звезда,пульсар и нейтронная звезда это одно и тоже,1.0,google
2026-10-08,RU,science,нейтронная звезда,самая близкая нейтронная звезда,1.0,yandex
2026-10-08,RU,it,Конфигурация компьютера,хранит данные о конфигурации и настройки компьютера,1.0,yandex
2026-10-08,RU,science,нейтронная звезда,что сильнее нейтронная звезда или черная дыра,1.0,google
2026-10-08,RU,economy,паритет покупательной способности,что такое паритет покупательской способности простыми словами,1.0,yandex
2026-10-08,RU,economy,слияния и поглощения,что такое сделки слияния и поглощения,1.0,google
2026-10-08,RU,it,Bounty Star,bounty hunter lone star pro,0.97,yandex
2026-10-08,RU,science,нейтронная звезда,остывшая нейтронная звезда,0.96,google
2026-10-08,RU,it,Конфигурация компьютера,конфигурация компьютера 3 класс,0.956,yandex
2026-10-08,RU,it,Конфигурация компьютера,конфигурация компьютера административные шаблоны система доступ к съемным запоминающим устройствам,0.956,yandex
2026-10-08,RU,it,Конфигурация компьютера,конфигурация компьютера — административные шаблоны как открыть,0.956,google
2026-10-08,RU,economy,паритет покупательной способности,паритет покупательной способности россии рейтинг,0.956,yandex
2026-10-08,RU,economy,паритет покупательной способности,паритет покупательной способности это простыми,0.956,yandex
2026-10-08,RU,science,нейтронная звезда,почему нейтронная звезда так быстро вращается,0.956,google
2026-10-08,RU,economy,слияния и поглощения,примеры слияния и поглощения компаний в россии,0.956,google
2026-10-08,RU,science,нейтронная звезда,пульсар и нейтронная звезда одно и тоже,0.956,google
2026-10-08,RU,economy,цепочки поставок,атаки на цепочки поставок,0.95,yandex
2026-10-08,RU,science,нейтронная звезда,большая нейтронная звезда,0.95,google
2026-10-08,RU,it,Конфигурация компьютера,конфигурация компьютера для 1с,0.95,google
2026-10-08,RU,economy,паритет покупательной способности,паритет покупательной способности россии по годам,0.943,google
2026-10-08,RU,economy,паритет покупательной способности,что такое паритет покупательной способности страны,0.943,google
2026-10-08,RU,economy,паритет покупательной способности,что такое паритет покупательской способности,0.943,yandex
2026-10-08,RU,economy,цепочки поставок,зеленые цепочки поставок,0.94,google
2026-10-08,RU,science,нейтронная звезда,нейтронная звезда и черная дыра разница,0.933,google
2026-10-08,RU,science,нейтронная звезда,нейтронная звезда приближается к земле,0.933,google
2026-10-08,RU,it,Конфигурация компьютера,выбор конфигурации компьютера,0.923,yandex
2026-10-08,RU,economy,цепочки поставок,атака цепочки поставок,0.92,google
2026-10-08,RU,it,Конфигурация компьютера,конфигурация компьютера → административные шаблоны,0.92,google
2026-10-08,RU,science,нейтронная звезда,нейтронная звезда виды,0.92,yandex
2026-10-08,RU,it,FPGA,плис сергей николаевич,0.92,yandex
2026-10-08,RU,science,нейтронная звезда,что опаснее нейтронная звезда или черная дыра,0.92,google
2026-10-08,RU,it,FPGA,плис стенд ап текст эминем,0.916,yandex
2026-10-08,RU,it,Конфигурация компьютера,конфигурация пк для 3d моделирования,0.911,yandex
2026-10-08,RU,science,нейтронная звезда,чем нейтронная звезда отличается от пульсара,0.911,google
2026-10-08,RU,economy,паритет покупательной способности,что такое паритет покупательной способности в экономике,0.911,yandex
2026-10-08,RU,economy,цепочки поставок,игра цепочки поставок,0.91,yandex
2026-10-08,RU,it,FPGA,бич плис instasamka текст,0.906,yandex
2026-10-08,RU,science,нейтронная звезда,квазар и нейтронная звезда,0.903,yandex
2026-10-08,RU,it,Конфигурация компьютера,конфигурация компьютера для дизайнера,0.9,google
2026-10-08,RU,science,нейтронная звезда,нейронная звезда это,0.9,yandex
2026-10-08,RU,it,FPGA,fpga systems журнал,0.89,google
2026-10-08,RU,it,FPGA,fpga купить украина,0.89,google
2026-10-08,RU,it,FPGA,fpga нейронные сети,0.89,google
2026-10-08,RU,it,FPGA,какая комиссия у плис донат,0.89,yandex
2026-10-08,RU,science,нейтронная звезда,белый карлик и нейтронная звезда,0.886,yandex
2026-10-08,RU,it,Конфигурация компьютера,где находится конфигурация компьютера в windows 11,0.886,google
2026-10-08,RU,economy,паритет покупательной способности,паритет покупательной способности рейтинг 2026,0.886,google
2026-10-08,RU,it,FPGA,о мис плис я плачу,0.88,yandex
2026-10-08,RU,it,FPGA,mister fpga обзор,0.87,google
2026-10-08,RU,it,FPGA,поиск по картинке,0.87,yandex
2026-10-08,RU,it,Конфигурация компьютера,конфигурация компьютера административные шаблоны компоненты windows центр обновления windows,0.867,yandex
2026-10-08,RU,it,Конфигурация компьютера,конфигурация компьютера где находится,0.867,google
2026-10-08,RU,it,Конфигурация компьютера,конфигурация компьютера через командную строку,0.867,google
2026-10-08,RU,economy,слияния и поглощения,крупнейшие слияния и поглощения в мире,0.867,google
2026-10-08,RU,science,нейтронная звезда,нейтронная звезда и пульсар разница,0.867,google
2026-10-08,RU,science,нейтронная звезда,нейтронная звезда летит к земле,0.867,google
2026-10-08,RU,it,Конфигурация компьютера,опрос валв о конфигурации компьютера,0.867,yandex
2026-10-08,RU,economy,паритет покупательной способности,паритет покупательной способности россии 2025,0.867,yandex
2026-10-08,RU,economy,паритет покупательной способности,паритет покупательной способности что это простыми словами,0.867,yandex
2026-10-08,RU,economy,паритет покупательной способности,паритет покупательной способности экономика,0.867,google
2026-10-08,RU,it,Конфигурация компьютера,программа для проверки конфигурации компьютера,0.867,yandex
2026-10-08,RU,it,FPGA,проектирование на плис курс молодого бойца,0.867,yandex
2026-10-08,RU,science,нейтронная звезда,самая большая нейтронная звезда во вселенной,0.867,yandex
2026-10-08,RU,it,Bounty Star,скачать star wars bounty hunter,0.867,yandex
2026-10-08,RU,science,нейтронная звезда,чем нейтронная звезда отличается от белого карлика,0.867,google
2026-10-08,RU,it,FPGA,fpga простыми словами,0.866,google
2026-10-08,RU,it,FPGA,ethernet на плис,0.86,yandex
2026-10-08,RU,it,FPGA,mister fpga ядра,0.86,google
2026-10-08,RU,science,нейтронная звезда,нейтронная звезда эволюция,0.86,google
2026-10-08,RU,science,нейтронная звезда,нейтронная звезда это материал,0.85,google
2026-10-08,RU,science,нейтронная звезда,нейтронная звезда в телескоп,0.847,yandex
2026-10-08,RU,it,Конфигурация компьютера,конфигурация пк днс,0.846,yandex
2026-10-08,RU,it,FPGA,altera fpga cyclone ii ep2c5t144,0.84,yandex
2026-10-08,RU,it,FPGA,fpga приставка,0.84,google
2026-10-08,RU,it,Конфигурация компьютера,конфигурация компьютера политики административные шаблоны,0.84,google
2026-10-08,RU,science,нейтронная звезда,что плотнее нейтронная звезда или черная дыра,0.84,google
2026-10-08,RU,it,Конфигурация компьютера,сборка пк конфигурация,0.831,yandex
2026-10-08,RU,it,FPGA,битстрим fpga,0.83,google
2026-10-08,RU,it,Конфигурация компьютера,где находится конфигурация компьютера в windows 10,0.829,google
2026-10-08,RU,economy,паритет покупательной способности,паритет покупательной способности что такое,0.829,google
2026-10-08,RU,it,Конфигурация компьютера,конфигурация пк как узнать,0.827,yandex
2026-10-08,RU,it,FPGA,отличие fpga и cpld,0.823,google
2026-10-08,RU,it,FPGA,оу мис плис я плачу,0.823,yandex
2026-10-08,RU,economy,паритет покупательной способности,паритет покупательской способности это простыми словами,0.822,yandex
2026-10-08,RU,science,нейтронная звезда,самая большая нейтронная звезда,0.822,yandex
2026-10-08,RU,economy,слияния и поглощения,сделки слияния и поглощения в россии,0.822,google
2026-10-08,RU,science,нейтронная звезда,чем нейтронная звезда отличается от обычной,0.822,google
2026-10-08,RU,it,FPGA,бпф на плис,0.81,yandex
2026-10-08,RU,it,Конфигурация компьютера,программа конфигурация компа,0.802,yandex
2026-10-08,RU,it,Конфигурация компьютера,конфигурация ноутбука как узнать,0.8,yandex
2026-10-08,RU,science,нейтронная звезда,нейтронная звезда внутри звезды,0.8,google
2026-10-08,RU,science,нейтронная звезда,нейтронная звезда где находится,0.8,google
2026-10-08,RU,it,FPGA,плис донат,0.8,yandex
2026-10-08,RU,science,нейтронная звезда,чем отличается нейтронная звезда от пульсара,0.8,yandex
2026-10-08,RU,economy,слияния и поглощения,что такое слияния и поглощения,0.8,google
2026-10-08,RU,economy,цепочки поставок,анализ цепочки поставок,0.797,google
2026-10-08,RU,it,Bounty Star,bounty stars кейсы,0.791,yandex
2026-10-08,RU,science,нейтронная звезда,нейтронная звезда это что,0.79,yandex
2026-10-08,RU,it,FPGA,плис ольга григорьевна,0.787,yandex
2026-10-08,RU,it,FPGA,cpld fpga разница,0.781,yandex
2026-10-08,RU,it,FPGA,fpga українською,0.78,google
2026-10-08,RU,it,Конфигурация компьютера,конфигурация пк для 2к гейминга,0.778,yandex
2026-10-08,RU,science,нейтронная звезда,нейтронная звезда как образуется,0.778,google
2026-10-08,RU,science,нейтронная звезда,нейтронная звезда самая большая,0.778,google
2026-10-08,RU,economy,паритет покупательной способности,паритет покупательной способности рф,0.778,yandex
2026-10-08,RU,economy,паритет покупательной способности,паритет покупательной способности это что,0.778,yandex
2026-10-08,RU,it,FPGA,программирование fpga для начинающих фрэнк бруно,0.778,yandex
2026-10-08,RU,science,нейтронная звезда,самая быстрая нейтронная звезда,0.778,yandex
2026-10-08,RU,economy,слияния и поглощения,слияния и поглощения в банковском секторе,0.778,google
2026-10-08,RU,it,FPGA,fpga перевод,0.776,google
2026-10-08,RU,it,FPGA,fpga плата для начинающих,0.772,google
2026-10-08,RU,science,нейтронная звезда,нейтронная звезда из чего состоит,0.771,yandex
2026-10-08,RU,economy,паритет покупательной способности,паритет покупательной способности турции,0.771,google
2026-10-08,RU,it,Конфигурация компьютера,стандартная конфигурация компьютера включает,0.771,google
2026-10-08,RU,economy,паритет покупательной способности,что такое паритет покупательной способности,0.771,yandex
2026-10-08,RU,it,FPGA,эй мисс плис я плачу,0.767,yandex
2026-10-08,RU,science,нейтронная звезда,нейтронная звезда 8 букв,0.762,google
2026-10-08,RU,science,нейтронная звезда,нейтронная звезда это атом,0.76,google
2026-10-08,RU,science,нейтронная звезда,что такое нейронная звезда,0.76,yandex
2026-10-08,RU,science,нейтронная звезда,что тяжелее нейтронная звезда или черная дыра,0.76,google
2026-10-08,RU,it,FPGA,плис стендап эминем,0.757,yandex
2026-10-08,RU,it,FPGA,fpga gowin,0.756,yandex
2026-10-08,RU,it,Конфигурация компьютера,конфигурация пк для игр,0.752,yandex
2026-10-08,RU,it,FPGA,структура fpga,0.751,google
2026-10-08,RU,science,нейтронная звезда,нейтронная звезда рисунок,0.75,google
2026-10-08,RU,science,нейтронная звезда,нейтронная звезда это белый карлик,0.75,google
2026-10-08,RU,it,FPGA,отечественные fpga,0.747,google
2026-10-08,RU,it,FPGA,плис о.в,0.736,yandex
2026-10-08,RU,it,Конфигурация компьютера,конфигурация компьютера как зайти,0.733,google
2026-10-08,RU,it,Конфигурация компьютера,конфигурация компьютера как открыть windows 7,0.733,yandex
2026-10-08,RU,economy,паритет покупательной способности,паритет покупательной способности армения,0.733,google
2026-10-08,RU,economy,паритет покупательной способности,паритет покупательной способности рейтинг стран 2026,0.733,yandex
2026-10-08,RU,economy,паритет покупательной способности,паритет покупательской способности это,0.733,yandex
2026-10-08,RU,it,Конфигурация компьютера,текущая конфигурация компьютера не поддерживает wsl1,0.733,google
2026-10-08,RU,it,Конфигурация компьютера,что включает базовая конфигурация компьютера,0.733,yandex
2026-10-08,RU,it,FPGA,бич плис мем,0.731,yandex
2026-10-08,RU,it,Конфигурация компьютера,конфигурация пк в играх,0.73,yandex
2026-10-08,RU,science,нейтронная звезда,нейтронная звезда образование,0.723,google
2026-10-08,RU,it,Конфигурация компьютера,конфигурация компьютера для видеомонтажа,0.714,google
2026-10-08,RU,science,нейтронная звезда,нейтронная звезда и черная дыра отличия,0.714,yandex
2026-10-08,RU,economy,паритет покупательной способности,паритет покупательной способности рейтинг стран,0.714,google
2026-10-08,RU,it,FPGA,fpga отладочная плата купить,0.713,google
2026-10-08,RU,it,FPGA,fpga платы,0.711,yandex
2026-10-08,RU,it,FPGA,что такое fpga устройства,0.71,yandex
2026-10-08,RU,science,нейтронная звезда,нейтронная звезда видео,0.708,yandex
2026-10-08,RU,science,нейтронная звезда,нейтронная звезда википедия,0.703,yandex
2026-10-08,RU,science,нейтронная звезда,ближайшая нейтронная звезда к земле,0.7,"google,yandex"
2026-10-08,RU,it,Конфигурация компьютера,конфигурация компьютера административные шаблоны компоненты windows,0.7,"google,yandex"
2026-10-08,RU,it,Конфигурация компьютера,конфигурация компьютера для дома,0.7,google
2026-10-08,RU,science,нейтронная звезда,нейтронная звезда это черная дыра,0.7,google
2026-10-08,RU,economy,слияния и поглощения,патрик гохан слияния поглощения и реструктуризация компаний,0.7,"yandex,google"
2026-10-08,RU,economy,паритет покупательной способности,что такое ппс паритет покупательной способности,0.7,"yandex,google"
2026-10-08,RU,it,FPGA,плис омс,0.691,yandex
2026-10-08,RU,it,FPGA,ок мис плис я плачу,0.69,yandex
2026-10-08,RU,it,Конфигурация компьютера,конфигурация компьютера команда,0.689,google
2026-10-08,RU,science,нейтронная звезда,нейтронная звезда в солнечной системе,0.689,yandex
2026-10-08,RU,science,нейтронная звезда,нейтронная звезда отличие от черной дыры,0.689,google
2026-10-08,RU,economy,паритет покупательной способности,ппс паритет покупательной способности это,0.689,yandex
2026-10-08,RU,science,нейтронная звезда,нейтронная звезда и земля,0.683,google
2026-10-08,RU,it,FPGA,mister fpga 3do core,0.678,yandex
2026-10-08,RU,it,FPGA,плис олег викторович,0.678,yandex
2026-10-08,RU,it,FPGA,яндекс fpga,0.677,google
2026-10-08,RU,science,нейтронная звезда,нейтронная звезда радиус,0.673,google
2026-10-08,RU,science,нейтронная звезда,нейтронная звезда или пульсар,0.67,google
2026-10-08,RU,it,Конфигурация компьютера,конфигурация компьютера входит,0.667,yandex
2026-10-08,RU,science,нейтронная звезда,нейтронная звезда звездные войны,0.667,google
2026-10-08,RU,it,FPGA,плюс стоимость,0.662,yandex
2026-10-08,RU,it,FPGA,симулятор fpga,0.662,google
2026-10-08,RU,it,FPGA,fpga украина,0.66,google
2026-10-08,RU,it,FPGA,fpga плата что это,0.658,yandex
2026-10-08,RU,it,Конфигурация компьютера,конфигурация компьютера виндовс 10,0.657,google
2026-10-08,RU,economy,паритет покупательной способности,паритет покупательной способности топ,0.657,google
2026-10-08,RU,it,FPGA,сбер fpga,0.657,google
2026-10-08,RU,it,FPGA,тоо бюро плис,0.652,yandex
2026-10-08,RU,science,нейтронная звезда,нейтронная звезда это простыми словами,0.65,"yandex,google"
2026-10-08,RU,science,нейтронная звезда,быстро вращающаяся нейтронная звезда,0.644,yandex
2026-10-08,RU,it,FPGA,плата intel cyclone 10 gx development kit dk-dev-10cx220-a 10cx220 fpga б/у,0.644,yandex
2026-10-08,RU,it,Конфигурация компьютера,базовая конфигурация компьютера включает в себя,0.643,"yandex,google"
2026-10-08,RU,it,FPGA,отладочная плата fpga,0.643,yandex
2026-10-08,RU,it,FPGA,плис санаторий белоруссия,0.639,yandex
2026-10-08,RU,it,FPGA,плис онлайн,0.632,yandex
2026-10-08,RU,it,FPGA,fpga стажировка,0.628,google
2026-10-08,RU,it,FPGA,fpga плата это,0.618,google
2026-10-08,RU,economy,паритет покупательной способности,паритет покупательной способности рубля,0.611,"yandex,google"
2026-10-08,RU,it,FPGA,fpga основы,0.61,google
2026-10-08,RU,it,FPGA,fpga устройства,0.61,google
2026-10-08,RU,science,нейтронная звезда,нейтронная звезда гиф,0.61,"yandex,google"
2026-10-08,RU,it,Конфигурация компьютера,где находится конфигурация компьютера,0.6,yandex
2026-10-08,RU,economy,слияния и поглощения,глухов сделки слияния и поглощения,0.6,google
2026-10-08,RU,it,Конфигурация компьютера,конфигурация компьютера виндовс 11,0.6,google
2026-10-08,RU,science,нейтронная звезда,нейтронная звезда белый карлик,0.6,google
2026-10-08,RU,science,нейтронная звезда,нейтронная звезда или черная дыра,0.6,google
2026-10-08,RU,science,нейтронная звезда,нейтронная звезда обладающая исключительно сильным магнитным полем 8 букв,0.6,yandex
2026-10-08,RU,economy,паритет покупательной способности,паритет покупательной способности азербайджан,0.6,google
2026-10-08,RU,economy,паритет покупательной способности,паритет покупательной способности европа,0.6,google
2026-10-08,RU,economy,паритет покупательной способности,паритет покупательной способности израиль,0.6,google
2026-10-08,RU,economy,паритет покупательной способности,паритет покупательной способности литва,0.6,google
2026-10-08,RU,economy,паритет покупательной способности,паритет покупательной способности швейцарии,0.6,google
2026-10-08,RU,economy,слияния и поглощения,трансграничные слияния и поглощения,0.6,google
2026-10-08,RU,it,Конфигурация компьютера,утилита для определения конфигурации компьютера,0.6,yandex
2026-10-08,RU,it,FPGA,фрэнк бруно программирование fpga для начинающих,0.6,yandex
2026-10-08,RU,it,FPGA,полис осаго проверить,0.599,yandex
2026-10-08,RU,science,нейтронная звезда,нейтронная звезда 7 букв,0.596,"yandex,google"
2026-10-08,RU,it,FPGA,мис плис я плачу,0.593,yandex
2026-10-08,RU,economy,паритет покупательной способности,что такое паритет покупательной способности простыми словами,0.586,"yandex,google"
2026-10-08,RU,science,нейтронная звезда,нейтронная звезда опасна,0.584,google
2026-10-08,RU,science,нейтронная звезда,ближайшая нейтронная звезда,0.581,"yandex,google"
2026-10-08,RU,economy,цепочки поставок,логистика и цепочки поставок,0.58,yandex
2026-10-08,RU,science,нейтронная звезда,нейтронная звезда гравитация,0.58,google
2026-10-08,RU,it,FPGA,fpga стоимость,0.573,google
2026-10-08,RU,it,FPGA,плис беларусь,0.563,yandex
2026-10-08,RU,it,FPGA,fpga язык программирования,0.56,google
2026-10-08,RU,it,FPGA,плис язык программирования,0.56,yandex
2026-10-08,RU,economy,слияния и поглощения,юрист слияния и поглощения,0.56,google
2026-10-08,RU,economy,цепочки поставок,директор цепочки поставок,0.55,google
2026-10-08,RU,it,Конфигурация компьютера,конфигурация компьютера для ии,0.55,"yandex,google"
2026-10-08,RU,economy,цепочки поставок,менеджер цепочки поставок,0.55,google
2026-10-08,RU,economy,слияния и поглощения,слияния и поглощения m&a,0.54,google
2026-10-08,RU,it,FPGA,fpga ускоритель,0.53,google
2026-10-08,RU,it,Bounty Star,баунти хантер стар варс,0.53,google
2026-10-08,RU,economy,цепочки поставок,защита цепочки поставок,0.53,google
2026-10-08,RU,economy,паритет покупательной способности,паритет покупательной способности россии и сша,0.529,"yandex,google"
2026-10-08,RU,it,FPGA,fpga язык,0.523,google
2026-10-08,RU,science,нейтронная звезда,нейтронная звезда обои,0.52,google
2026-10-08,RU,it,Конфигурация компьютера,конфигурация компьютера для игр,0.5,"yandex,google"
2026-10-08,RU,it,FPGA,fpga с нуля,0.499,google
2026-10-08,RU,it,FPGA,fpga обучение,0.497,google
2026-10-08,RU,it,FPGA,fpga контроллер,0.494,yandex
2026-10-08,RU,it,FPGA,fpga с чего начать,0.48,google
2026-10-08,RU,it,Конфигурация компьютера,конфигурация компьютера как посмотреть,0.478,"yandex,google"
2026-10-08,RU,it,FPGA,fpga программирование,0.477,"yandex,google"
2026-10-08,RU,it,FPGA,яндекс плюс,0.477,yandex
2026-10-08,RU,it,FPGA,fpga программист,0.471,"yandex,google"
2026-10-08,RU,it,FPGA,fpga система,0.464,google
2026-10-08,RU,it,FPGA,fpga баротравма,0.45,google
2026-10-08,RU,it,FPGA,плис осаго,0.444,yandex
2026-10-08,RU,science,нейтронная звезда,нейтронная звезда реальное фото,0.433,"yandex,google"
2026-10-08,RU,it,Конфигурация компьютера,конфигурация компьютера днс,0.42,"yandex,google"
2026-10-08,RU,economy,паритет покупательной способности,паритет покупательной способности таблица,0.414,"yandex,google"
2026-10-08,RU,it,FPGA,fpga журнал,0.41,google
2026-10-08,RU,it,FPGA,fpga уроки,0.4,google
2026-10-08,RU,it,FPGA,плис это,0.38,yandex
2026-10-08,RU,science,нейтронная звезда,нейтронная звезда это пульсар,0.37,"yandex,google"
2026-10-08,RU,economy,паритет покупательной способности,паритет покупательной способности топ стран,0.3,"yandex,google"
2026-10-08,RU,it,FPGA,fpga процессор,0.273,"yandex,google"
2026-10-08,RU,science,нейтронная звезда,нейтронная звезда звук,0.22,"yandex,google"
2026-10-08,RU,it,FPGA,fpga отладочная плата,0.21,"yandex,google"
2026-10-08,RU,it,FPGA,fpga плис,0.134,"yandex,google"
2026-10-08,US,economy,game theory auction,applications of game theory in real economies,1.0,bing
2026-10-08,US,other,ceramics glaze,can you refire glazed ceramics,1.0,google
2026-10-08,US,it,homomorphic encryption,classical homomorphic encryption for quantum circuits,1.0,google
2026-10-08,US,it,distributed database consensus,distributed database consensus 11,1.0,yahoo
2026-10-08,US,it,distributed database consensus,distributed database consensus control,1.0,yahoo
2026-10-08,US,it,distributed database consensus,distributed database consensus history,1.0,yahoo
2026-10-08,US,it,distributed database consensus,distributed database consensus training,1.0,yahoo
2026-10-08,US,it,distributed database consensus,distributed database consensus using,1.0,yahoo
2026-10-08,US,it,distributed database consensus,distributed database consensus visual,1.0,yahoo
2026-10-08,US,it,distributed database consensus,distributed database consensus without evidence,1.0,yahoo
2026-10-08,US,economy,etf arbitrage,does an inverse etf use arbitrage,1.0,bing
2026-10-08,US,it,homomorphic encryption,fully homomorphic encryption jobs,1.0,google
2026-10-08,US,it,homomorphic encryption,fully homomorphic encryption textbook,1.0,google
2026-10-08,US,economy,game theory auction,game theory auction cincinnati,1.0,yahoo
2026-10-08,US,economy,game theory auction,game theory auction virginia beach,1.0,yahoo
2026-10-08,US,it,homomorphic encryption,homomorphic encryption lecture notes,1.0,google
2026-10-08,US,it,homomorphic encryption,homomorphic encryption not working,1.0,yahoo
2026-10-08,US,it,homomorphic encryption,homomorphic encryption questions and answers,1.0,yahoo
2026-10-08,US,it,homomorphic encryption,homomorphic encryption without permission,1.0,yahoo
2026-10-08,US,economy,game theory auction,how game theory auction company,1.0,yahoo
2026-10-08,US,it,homomorphic encryption,leveled fully homomorphic encryption without bootstrapping,1.0,google
2026-10-08,US,it,ros2,ros2 joint trajectory controller,1.0,bing
2026-10-08,US,it,serverless cold start,serverless cold start hot water,1.0,yahoo
2026-10-08,US,it,serverless cold start,serverless cold start last night,1.0,yahoo
2026-10-08,US,it,serverless cold start,serverless cold start settings,1.0,yahoo
2026-10-08,US,it,serverless cold start,serverless cold start transmission,1.0,yahoo
2026-10-08,US,economy,Stilapex polaris,stilapex polaris without aluminum,1.0,yahoo
2026-10-08,US,economy,game theory auction,game theory auction kalamazoo,0.99,yahoo
2026-10-08,US,it,homomorphic encryption,homomorphic encryption jurnal,0.99,yahoo
2026-10-08,US,it,homomorphic encryption,homomorphic encryption python,0.99,google
2026-10-08,US,it,homomorphic encryption,homomorphic encryption slides,0.99,google
2026-10-08,US,economy,Podotenus tricolor,podotenus tricolor car rental,0.99,yahoo
2026-10-08,US,economy,Podotenus tricolor,podotenus tricolor restaurant,0.99,yahoo
2026-10-08,US,other,ceramics glaze,pottery glaze magnetic mixer,0.98,yahoo
2026-10-08,US,it,ros2,ros2 talker listener example,0.98,bing
2026-10-08,US,economy,game theory auction,game theory auction history,0.97,yahoo
2026-10-08,US,it,homomorphic encryption,homomorphic encryption 9x12,0.97,yahoo
2026-10-08,US,economy,etf arbitrage,how does etf arbitrage work,0.97,google
2026-10-08,US,it,homomorphic encryption,homomorphic encryption methods review,0.969,bing
2026-10-08,US,economy,game theory auction,a theory of auctions and competitive bidding,0.962,bing
2026-10-08,US,economy,game theory auction,application of game theory,0.96,bing
2026-10-08,US,economy,game theory auction,game theory auction format,0.96,yahoo
2026-10-08,US,economy,etf arbitrage,gold etf vs arbitrage fund,0.96,google
2026-10-08,US,it,homomorphic encryption,homomorphic encryption 700,0.96,yahoo
2026-10-08,US,it,ros2,ros2 multithreadedexecutor,0.96,bing
2026-10-08,US,it,ros2,ros2 node list not working,0.96,yahoo
2026-10-08,US,it,serverless cold start,serverless cold start 6000,0.96,yahoo
2026-10-08,US,it,serverless cold start,serverless cold start cold,0.96,yahoo
2026-10-08,US,other,ceramics glaze,can you glaze ceramics at home,0.956,google
2026-10-08,US,it,homomorphic encryption,fully homomorphic encryption news,0.956,google
2026-10-08,US,it,homomorphic encryption,fully homomorphic encryption tutorial,0.956,google
2026-10-08,US,it,homomorphic encryption,homomorphic encryption solutions,0.956,google
2026-10-08,US,it,homomorphic encryption,is fully homomorphic encryption quantum safe,0.956,google
2026-10-08,US,it,ros2,ros2 jazzy install ubuntu 24.04,0.956,google
2026-10-08,US,it,serverless cold start,sagemaker serverless inference cold start time,0.956,google
2026-10-08,US,other,ceramics glaze,can ceramic glaze get old,0.95,yahoo
2026-10-08,US,economy,etf arbitrage,etf arbitrage for dummies,0.95,yahoo
2026-10-08,US,it,serverless cold start,serverless cold start 500,0.95,yahoo
2026-10-08,US,other,ceramics glaze,ceramic glazing for beginners,0.946,google
2026-10-08,US,economy,game theory auction,from decision theory to game theory pdf,0.943,bing
2026-10-08,US,other,ceramics glaze,ceramic glaze techniques,0.94,google
2026-10-08,US,other,ceramics glaze,ceramics glaze chemistry,0.94,yahoo
2026-10-08,US,it,serverless cold start,cold start idle problems,0.94,google
2026-10-08,US,economy,game theory auction,game theory auction 2023,0.94,yahoo
2026-10-08,US,other,ceramics glaze,glaze types for ceramics,0.94,bing
2026-10-08,US,economy,Podotenus tricolor,podotenus tricolor yeast,0.94,yahoo
2026-10-08,US,other,ceramics glaze,pottery glaze underglaze,0.94,google
2026-10-08,US,it,ros2,ros2 alternative dispute,0.94,yahoo
2026-10-08,US,it,ros2,ros2 create_subscription,0.94,bing
2026-10-08,US,economy,Stilapex polaris,stilapex polaris express,0.94,yahoo
2026-10-08,US,other,ceramics glaze,glaze for repairing ceramics,0.936,bing
2026-10-08,US,it,ros2,ros2 teleop_twist_keyboard,0.936,bing
2026-10-08,US,economy,etf arbitrage,can etf arbitrage stock,0.93,yahoo
2026-10-08,US,economy,game theory auction,explain the game theory,0.93,bing
2026-10-08,US,economy,game theory auction,game theory auction 80s,0.93,yahoo
2026-10-08,US,economy,game theory auction,game theory game online,0.93,bing
2026-10-08,US,other,ceramics glaze,gradient glaze ceramics,0.93,bing
2026-10-08,US,economy,etf arbitrage,how etf arbitrage bonds,0.93,yahoo
2026-10-08,US,economy,Podotenus tricolor,podotenus tricolor fish,0.93,yahoo
2026-10-08,US,economy,Podotenus tricolor,podotenus tricolor hoya,0.93,yahoo
2026-10-08,US,other,ceramics glaze,pottery glaze green tea,0.93,google
2026-10-08,US,it,ros2,ros2 example_interfaces,0.93,bing
2026-10-08,US,it,ros2,ros2 launch alternative,0.93,google
2026-10-08,US,economy,Stilapex polaris,stilapex polaris how to,0.93,yahoo
2026-10-08,US,economy,game theory auction,game theory problems and solutions,0.929,bing
2026-10-08,US,it,homomorphic encryption,homomorphic encryption jobs,0.926,google
2026-10-08,US,it,ros2,ros2 multithreaded executor,0.926,google
2026-10-08,US,economy,etf arbitrage,arbitrage etf in india,0.92,google
2026-10-08,US,other,ceramics glaze,ceramic glaze car wash,0.92,google
2026-10-08,US,it,serverless cold start,cold start programming,0.92,google
2026-10-08,US,it,serverless cold start,cold start temperature,0.92,google
2026-10-08,US,economy,Podotenus tricolor,podotenus tricolor 650,0.92,yahoo
2026-10-08,US,other,ceramics glaze,pottery glaze formulas,0.92,yahoo
2026-10-08,US,it,ros2,ros2 node kill command,0.92,google
2026-10-08,US,economy,Stilapex polaris,stilapex polaris 9 100,0.92,yahoo
2026-10-08,US,economy,Stilapex polaris,stilapex polaris front,0.92,yahoo
2026-10-08,US,other,ceramics glaze,ceramic glaze color chart,0.919,bing
2026-10-08,US,economy,game theory auction,introduction to game theory,0.918,bing
2026-10-08,US,economy,game theory auction,what is auction market theory,0.914,bing
2026-10-08,US,it,serverless cold start,aurora serverless v2 cold start time,0.911,google
2026-10-08,US,other,ceramics glaze,does glazed ceramic tile need to be sealed,0.911,google
2026-10-08,US,it,homomorphic encryption,fully homomorphic encryption neural network,0.911,google
2026-10-08,US,it,homomorphic encryption,homomorphic encryption simple example,0.911,google
2026-10-08,US,it,homomorphic encryption,homomorphic encryption training,0.911,google
2026-10-08,US,it,homomorphic encryption,is fully homomorphic encryption quantum resistant,0.911,google
2026-10-08,US,economy,Podotenus tricolor,podotenus tricolor xl,0.91,yahoo
2026-10-08,US,economy,game theory auction,what happened to game theory,0.91,bing
2026-10-08,US,it,ros2,ros2 controller manager,0.909,bing
2026-10-08,US,it,ros2,ros2 jazzy ubuntu version,0.908,bing
2026-10-08,US,economy,etf arbitrage,accelerate arbitrage etf manager,0.9,"bing,ddg"
2026-10-08,US,it,distributed database consensus,consensus algorithm in distributed systems,0.9,"bing,ddg"
2026-10-08,US,it,distributed database consensus,consensus algorithms in distributed system,0.9,"bing,ddg"
2026-10-08,US,economy,etf arbitrage,etf arbitrage assets,0.9,yahoo
2026-10-08,US,economy,game theory auction,game theory problems and solutions pdf,0.9,"bing,ddg"
2026-10-08,US,other,ceramics glaze,glaze guard ceramic tile sealer,0.9,"bing,ddg"
2026-10-08,US,it,homomorphic encryption,homomorphic encryption in federated learning,0.9,"bing,ddg"
2026-10-08,US,it,homomorphic encryption,homomorphic encryption within llms,0.9,"bing,ddg"
2026-10-08,US,economy,etf arbitrage,leveraged etf strategy for arbitrage,0.9,"bing,ddg"
2026-10-08,US,economy,etf arbitrage,liquid etf vs arbitrage fund,0.9,google
2026-10-08,US,other,ceramics glaze,pottery glaze for patina look ceramic,0.9,yahoo
2026-10-08,US,it,ros2,ros2 trigger service,0.9,yahoo
2026-10-08,US,economy,Stilapex polaris,stilapex polaris 570,0.9,yahoo
2026-10-08,US,economy,Stilapex polaris,stilapex polaris air,0.9,yahoo
2026-10-08,US,economy,Stilapex polaris,stilapex polaris oil,0.9,yahoo
2026-10-08,US,other,ceramics glaze,ceramic glaze mayco,0.89,google
2026-10-08,US,it,serverless cold start,cold start function,0.89,google
2026-10-08,US,other,ceramics glaze,glaze ceramic studio mckinney,0.89,"bing,ddg"
2026-10-08,US,economy,game theory auction,who gave game theory,0.883,bing
2026-10-08,US,it,ros2,ros2 communication protocol,0.881,yahoo
2026-10-08,US,other,ceramics glaze,ceramics glaze usa,0.88,yahoo
2026-10-08,US,economy,etf arbitrage,etf arbitrage year,0.88,yahoo
2026-10-08,US,economy,etf arbitrage,etfs arbitrage and contagion,0.88,google
2026-10-08,US,it,ros2,ros2 certification,0.88,google
2026-10-08,US,other,ceramics glaze,ceramic glaze car polish,0.878,bing
2026-10-08,US,it,ros2,ros2 alternative music,0.876,yahoo
2026-10-08,US,economy,game theory auction,auction market theory books,0.87,"bing,ddg"
2026-10-08,US,economy,etf arbitrage,etf arbitrage 30%,0.87,yahoo
2026-10-08,US,it,distributed database consensus,distributed database consensus concepts,0.867,yahoo
2026-10-08,US,it,distributed database consensus,distributed database consensus home,0.867,yahoo
2026-10-08,US,it,distributed database consensus,distributed database consensus tool,0.867,yahoo
2026-10-08,US,it,distributed database consensus,distributed database consensus university,0.867,yahoo
2026-10-08,US,it,distributed database consensus,distributed database consensus vision,0.867,yahoo
2026-10-08,US,it,distributed database consensus,distributed database consensus without ai,0.867,yahoo
2026-10-08,US,economy,game theory auction,game theory auction knoxville tn,0.867,yahoo
2026-10-08,US,it,homomorphic encryption,homomorphic encryption 9th edition,0.867,yahoo
2026-10-08,US,it,homomorphic encryption,homomorphic encryption javascript,0.867,yahoo
2026-10-08,US,it,homomorphic encryption,homomorphic encryption technology,0.867,google
2026-10-08,US,it,homomorphic encryption,homomorphic encryption without contrast,0.867,yahoo
2026-10-08,US,economy,game theory auction,how game theory auction process,0.867,yahoo
2026-10-08,US,it,homomorphic encryption,is homomorphic encryption quantum safe,0.867,google
2026-10-08,US,economy,Podotenus tricolor,podotenus tricolor butterfly bush,0.867,yahoo
2026-10-08,US,it,ros2,ros2 ethercat driver,0.867,bing
2026-10-08,US,economy,Stilapex polaris,stilapex polaris without drilling,0.867,yahoo
2026-10-08,US,other,ceramics glaze,ceramic glaze made of,0.866,google
2026-10-08,US,it,ros2,ros2 rviz alternative,0.866,google
2026-10-08,US,it,homomorphic encryption,homomorphic encryption he,0.861,google
2026-10-08,US,other,ceramics glaze,ceramic glaze suppliers uk,0.86,"bing,ddg"
2026-10-08,US,economy,etf arbitrage,etf ap arbitrage,0.86,google
2026-10-08,US,other,ceramics glaze,glaze sprayer for ceramics,0.86,"bing,ddg"
2026-10-08,US,it,ros2,ros2 jazzy lidar,0.86,yahoo
2026-10-08,US,it,ros2,ros2 jazzy windows,0.859,bing
2026-10-08,US,economy,game theory auction,auction market theory reddit,0.858,bing
2026-10-08,US,it,homomorphic encryption,homomorphic encryption scheme,0.857,yahoo
2026-10-08,US,it,homomorphic encryption,homomorphic encryption search,0.857,google
2026-10-08,US,other,ceramics glaze,pottery glaze making,0.856,yahoo
2026-10-08,US,economy,game theory auction,the game theory book,0.853,bing
2026-10-08,US,other,ceramics glaze,ceramics with matte glaze,0.85,"bing,ddg"
2026-10-08,US,it,serverless cold start,cold start time,0.85,google
2026-10-08,US,it,ros2,ros2 message_filters,0.85,bing
2026-10-08,US,it,ros2,ros2 control humble,0.848,bing
2026-10-08,US,economy,game theory auction,game theory auction for sale,0.847,yahoo
2026-10-08,US,it,homomorphic encryption,homomorphic encryption nedir,0.847,google
2026-10-08,US,it,ros2,ros2 create_publisher,0.847,bing
2026-10-08,US,it,serverless cold start,serverless cold start tuning,0.847,yahoo
2026-10-08,US,other,ceramics glaze,pottery glaze glass,0.846,google
2026-10-08,US,it,ros2,ros2 jazzy download,0.846,yahoo
2026-10-08,US,economy,etf arbitrage,altshares merger arbitrage etf,0.843,"bing,ddg"
2026-10-08,US,it,homomorphic encryption,homomorphic encryption in cloud computing,0.843,"bing,ddg"
2026-10-08,US,it,homomorphic encryption,homomorphic encryption wikipedia,0.843,"bing,ddg"
2026-10-08,US,economy,game theory auction,how much was game theory sold for,0.843,"bing,ddg"
2026-10-08,US,economy,game theory auction,putting auction theory to work,0.843,"bing,ddg"
2026-10-08,US,it,ros2,ros2 tutorial jazzy,0.843,bing
2026-10-08,US,it,serverless cold start,what is serverless starter warehouse,0.843,"bing,ddg"
2026-10-08,US,it,ros2,ros2 example interfaces,0.841,google
2026-10-08,US,other,ceramics glaze,ceramics glaze chemicals,0.84,yahoo
2026-10-08,US,it,serverless cold start,cold start problem in serverless computing,0.84,google
2026-10-08,US,economy,etf arbitrage,etf arbitrage and daily cash flow,0.84,google
2026-10-08,US,economy,game theory auction,love of the game auction,0.84,"bing,ddg"
2026-10-08,US,it,ros2,ros2 navsatfix,0.84,bing
2026-10-08,US,economy,etf arbitrage,etf arbitrage and wholesale,0.837,yahoo
2026-10-08,US,economy,game theory auction,game theory auction chicago,0.837,yahoo
2026-10-08,US,economy,game theory auction,game theory auction houston,0.837,yahoo
2026-10-08,US,it,homomorphic encryption,homomorphic encryption quiz,0.837,yahoo
2026-10-08,US,economy,Podotenus tricolor,podotenus tricolor x purple,0.837,yahoo
2026-10-08,US,it,serverless cold start,serverless cold start sound,0.837,yahoo
2026-10-08,US,other,ceramics glaze,types of glaze for ceramics,0.837,google
2026-10-08,US,other,ceramics glaze,gold ceramic glaze,0.836,bing
2026-10-08,US,economy,game theory auction,game theory in finance,0.833,bing
2026-10-08,US,other,ceramics glaze,ceramic glaze for mugs,0.831,google
2026-10-08,US,other,ceramics glaze,pottery glaze mid fire,0.831,yahoo
2026-10-08,US,it,ros2,ros2 coursera,0.83,yahoo
2026-10-08,US,it,homomorphic encryption,homomorphic encryption 7.0,0.827,yahoo
2026-10-08,US,other,ceramics glaze,pottery glaze usa,0.826,google
2026-10-08,US,it,ros2,ros2 example code,0.826,google
2026-10-08,US,it,ros2,ros2 node diagram,0.826,google
2026-10-08,US,economy,game theory auction,game theory and applications,0.823,"bing,ddg"
2026-10-08,US,it,serverless cold start,azure sql serverless cold start time,0.822,google
2026-10-08,US,other,ceramics glaze,does ceramic glaze contain lead,0.822,google
2026-10-08,US,it,homomorphic encryption,fully homomorphic encryption quantum,0.822,google
2026-10-08,US,it,homomorphic encryption,homomorphic encryption symmetric or asymmetric,0.822,google
2026-10-08,US,it,ros2,ros2 controller_manager spawner,0.822,yahoo
2026-10-08,US,it,ros2,ros2 turtlebot action server example,0.822,yahoo
2026-10-08,US,it,ros2,ros2 alternative rock,0.821,yahoo
2026-10-08,US,it,ros2,ros2 composable nodes,0.821,google
2026-10-08,US,it,ros2,ros2 nav2 alternative,0.821,google
2026-10-08,US,it,ros2,ros2 navigation stack,0.821,yahoo
2026-10-08,US,other,ceramics glaze,pottery glaze for sale,0.82,"google,yahoo"
2026-10-08,US,economy,etf arbitrage,how etf arbitrage account,0.817,yahoo
2026-10-08,US,it,serverless cold start,serverless cold start 5 0,0.817,yahoo
2026-10-08,US,it,serverless cold start,serverless cold start car,0.817,yahoo
2026-10-08,US,it,ros2,ros2 config file,0.816,yahoo
2026-10-08,US,it,homomorphic encryption,homomorphic encryption nodejs,0.812,google
2026-10-08,US,it,homomorphic encryption,homomorphic encryption cybersecurity,0.808,"bing,ddg"
2026-10-08,US,economy,etf arbitrage,can etf arbitrage stocks,0.807,yahoo
2026-10-08,US,other,ceramics glaze,ceramic glaze chemicals,0.807,bing
2026-10-08,US,other,ceramics glaze,ceramic glaze for plates,0.807,google
2026-10-08,US,other,ceramics glaze,do ceramic glazes go bad,0.807,google
2026-10-08,US,economy,game theory auction,game theory auction 2024,0.807,yahoo
2026-10-08,US,economy,game theory auction,game theory auction view,0.807,yahoo
2026-10-08,US,economy,game theory auction,game theory in economics,0.807,bing
2026-10-08,US,it,ros2,ros2 alternative meaning,0.807,yahoo
2026-10-08,US,it,serverless cold start,serverless cold start 60,0.807,yahoo
2026-10-08,US,economy,Stilapex polaris,stilapex polaris extreme,0.807,yahoo
2026-10-08,US,economy,game theory auction,game theory book pdf,0.806,bing
2026-10-08,US,economy,game theory auction,who made game theory,0.805,bing
2026-10-08,US,other,ceramics glaze,pottery glaze green,0.801,google
2026-10-08,US,other,ceramics glaze,ceramic glaze cone 6,0.8,"bing,ddg"
2026-10-08,US,it,distributed database consensus,concurrency control distributed databases,0.8,"bing,ddg"
2026-10-08,US,it,distributed database consensus,distributed database consensus 12,0.8,yahoo
2026-10-08,US,it,distributed database consensus,fda consensus standards database,0.8,"bing,ddg"
2026-10-08,US,economy,game theory auction,game theory in aking,0.8,"bing,ddg"
2026-10-08,US,other,ceramics glaze,pottery glaze for shingles pictures,0.8,yahoo
2026-10-08,US,it,ros2,ros2 no executable found,0.8,"bing,yahoo"
2026-10-08,US,it,ros2,ros2 types,0.8,google
2026-10-08,US,it,serverless cold start,serverless cold start locomotive,0.8,yahoo
2026-10-08,US,economy,Podotenus tricolor,podotenus tricolor yarn,0.797,yahoo
2026-10-08,US,other,ceramics glaze,pottery glaze materials,0.797,yahoo
2026-10-08,US,economy,Stilapex polaris,stilapex polaris fusion,0.797,yahoo
2026-10-08,US,economy,Stilapex polaris,stilapex polaris orange,0.797,yahoo
2026-10-08,US,economy,game theory auction,auction market theory trading,0.795,"bing,ddg"
2026-10-08,US,economy,game theory auction,auction market theory pdf,0.793,"bing,ddg"
2026-10-08,US,it,homomorphic encryption,homomorphic encryption neural nets,0.791,"bing,ddg"
2026-10-08,US,it,ros2,ros2 jazzy jalisco,0.791,google
2026-10-08,US,it,ros2,alternative to ros2,0.79,"bing,ddg"
2026-10-08,US,economy,game theory auction,game theory auction 83,0.787,yahoo
2026-10-08,US,economy,Podotenus tricolor,podotenus tricolor 600,0.787,yahoo
2026-10-08,US,economy,Podotenus tricolor,podotenus tricolor con,0.787,yahoo
2026-10-08,US,economy,Podotenus tricolor,podotenus tricolor hat,0.787,yahoo
2026-10-08,US,it,serverless cold start,beginner's guide to serverless,0.786,"bing,ddg"
2026-10-08,US,other,ceramics glaze,ceramic glaze calculation software,0.786,"bing,ddg"
2026-10-08,US,other,ceramics glaze,ceramic glaze companies,0.786,"google,bing"
2026-10-08,US,it,homomorphic encryption,homomorphic encryption deep learning,0.786,"bing,ddg"
2026-10-08,US,it,homomorphic encryption,homomorphic encryption in c programming,0.786,"bing,ddg"
2026-10-08,US,economy,etf arbitrage,is there any arbitrage etf in india,0.786,"bing,ddg"
2026-10-08,US,economy,game theory auction,who owns game theory,0.786,bing
2026-10-08,US,it,ros2,ros2 modbus,0.785,bing
2026-10-08,US,economy,game theory auction,game theory latest video,0.783,"bing,ddg"
2026-10-08,US,other,ceramics glaze,glaze paint for ceramics,0.783,"bing,ddg"
2026-10-08,US,economy,game theory auction,the auction game answers,0.783,bing
2026-10-08,US,other,ceramics glaze,ceramic glazed garden pots,0.782,google
2026-10-08,US,other,ceramics glaze,ceramic glazed utensil pot,0.782,google
2026-10-08,US,it,ros2,ros2 nav_msgs/msg/odometry,0.782,google
2026-10-08,US,it,serverless cold start,cold-start problem,0.78,"bing,ddg"
2026-10-08,US,economy,game theory auction,market auction theory books,0.78,bing
2026-10-08,US,it,ros2,ros2 3d lidar slam,0.78,"bing,ddg"
2026-10-08,US,it,ros2,ros2 map,0.78,yahoo
2026-10-08,US,other,ceramics glaze,ceramic glaze manufacturers india,0.778,google
2026-10-08,US,other,ceramics glaze,does ceramic glaze come out of clothes,0.778,google
2026-10-08,US,it,homomorphic encryption,homomorphic encryption post quantum,0.778,google
2026-10-08,US,it,homomorphic encryption,homomorphic encryption startup,0.778,google
2026-10-08,US,it,homomorphic encryption,homomorphic encryption transformer,0.778,google
2026-10-08,US,it,serverless cold start,railway serverless cold start time,0.778,google
2026-10-08,US,other,ceramics glaze,ceramic glaze markers,0.777,google
2026-10-08,US,it,ros2,ros2 rust alternative,0.777,google
2026-10-08,US,it,serverless cold start,cold start software,0.776,google
2026-10-08,US,it,ros2,foxglove ros2 alternative,0.772,google
2026-10-08,US,other,ceramics glaze,pottery glaze uk,0.771,google
2026-10-08,US,economy,etf arbitrage,etf arbitrage yahoo finance,0.77,yahoo
2026-10-08,US,it,ros2,ros2 jazzy docker,0.77,"google,bing"
2026-10-08,US,it,ros2,ros2 requirements,0.77,google
2026-10-08,US,other,ceramics glaze,glaze and underglaze definition ceramics,0.767,"bing,ddg"
2026-10-08,US,it,ros2,ros2 node parameters,0.767,google
2026-10-08,US,economy,Stilapex polaris,stilapex polaris 550,0.767,yahoo
2026-10-08,US,economy,Stilapex polaris,stilapex polaris 9 r,0.767,yahoo
2026-10-08,US,economy,Stilapex polaris,stilapex polaris ave,0.767,yahoo
2026-10-08,US,economy,game theory auction,game theory in economics pdf,0.766,"bing,ddg"
2026-10-08,US,economy,game theory auction,how to play the auction game,0.766,"bing,ddg"
2026-10-08,US,economy,game theory auction,game theory book amazon,0.765,bing
2026-10-08,US,it,ros2,ros2 jazzy ubuntu,0.765,bing
2026-10-08,US,it,ros2,ros2 engineer,0.763,bing
2026-10-08,US,other,ceramics glaze,walkers ceramics glazes,0.763,"bing,ddg"
2026-10-08,US,it,ros2,ros2 alternative minimum,0.762,yahoo
2026-10-08,US,it,serverless cold start,cold start latency in serverless computing,0.76,google
2026-10-08,US,economy,etf arbitrage,etf arbitrage and return predictability,0.76,google
2026-10-08,US,other,ceramics glaze,ceramic glazed uganda photos,0.758,google
2026-10-08,US,other,ceramics glaze,glazeware definition ceramics,0.757,"bing,ddg"
2026-10-08,US,economy,Stilapex polaris,stilapex polaris hd,0.757,yahoo
2026-10-08,US,it,ros2,ros2 cv_bridge,0.756,bing
2026-10-08,US,it,ros2,ros2 jazzy turtlesim,0.753,bing
2026-10-08,US,economy,game theory auction,a course in game theory pdf,0.752,"bing,ddg"
2026-10-08,US,it,serverless cold start,cold-start data,0.75,"bing,ddg"
2026-10-08,US,it,distributed database consensus,consensus-based,0.75,"bing,ddg"
2026-10-08,US,it,ros2,ros2 mcp server,0.75,bing
2026-10-08,US,it,ros2,ros2 nav_msgs,0.75,bing
2026-10-08,US,it,serverless cold start,serverless-devs,0.75,"bing,ddg"
2026-10-08,US,it,homomorphic encryption,homomorphic encryption news,0.748,google
2026-10-08,US,other,ceramics glaze,ceramic glazed urn,0.747,google
2026-10-08,US,it,homomorphic encryption,homomorphic encryption tools,0.747,"google,yahoo"
2026-10-08,US,other,ceramics glaze,pottery glaze gold,0.747,google
2026-10-08,US,economy,game theory auction,theory of the game,0.747,bing
2026-10-08,US,it,ros2,ros2 control github,0.746,"google,bing"
2026-10-08,US,it,ros2,ros2 colcon build,0.744,bing
2026-10-08,US,other,ceramics glaze,gloss glaze ceramics,0.743,"bing,ddg"
2026-10-08,US,other,ceramics glaze,ceramic glaze cracking,0.742,google
2026-10-08,US,other,ceramics glaze,ceramic glaze for clay,0.742,google
2026-10-08,US,other,ceramics glaze,ceramic glaze chemistry,0.741,"google,bing"
2026-10-08,US,economy,game theory auction,how does game theory work,0.741,bing
2026-10-08,US,it,ros2,ros2 terminal,0.741,yahoo
2026-10-08,US,it,serverless cold start,could not start server,0.74,"bing,ddg"
2026-10-08,US,economy,game theory auction,game theory khan academy,0.74,"bing,ddg"
2026-10-08,US,it,ros2,ros2 node info,0.74,"bing,ddg"
2026-10-08,US,economy,game theory auction,video game theory lot,0.739,bing
2026-10-08,US,other,ceramics glaze,ceramic glaze coating safe,0.738,google
2026-10-08,US,economy,game theory auction,game theory in econ,0.738,bing
2026-10-08,US,it,ros2,ros2 alternative to viagra,0.738,yahoo
2026-10-08,US,other,ceramics glaze,ceramic glaze car,0.737,google
2026-10-08,US,other,ceramics glaze,green glaze ceramic bowls,0.736,"bing,ddg"
2026-10-08,US,it,ros2,ros2 nav,0.736,yahoo
2026-10-08,US,it,serverless cold start,aurora serverless cold start time,0.733,google
2026-10-08,US,it,serverless cold start,azure sql database serverless cold start,0.733,google
2026-10-08,US,other,ceramics glaze,can glazed ceramic go in the oven,0.733,google
2026-10-08,US,other,ceramics glaze,ceramic glaze clear,0.733,"bing,ddg"
2026-10-08,US,other,ceramics glaze,ceramic glaze glow in the dark,0.733,google
2026-10-08,US,it,distributed database consensus,distributed database consensus criteria,0.733,yahoo
2026-10-08,US,it,distributed database consensus,distributed database consensus how to,0.733,yahoo
2026-10-08,US,it,distributed database consensus,distributed database consensus template,0.733,yahoo
2026-10-08,US,it,distributed database consensus,distributed database consensus use,0.733,yahoo
2026-10-08,US,it,distributed database consensus,distributed database consensus validation,0.733,yahoo
2026-10-08,US,it,distributed database consensus,distributed database consensus without using,0.733,yahoo
2026-10-08,US,economy,game theory auction,game theory auction fort wayne,0.733,yahoo
2026-10-08,US,it,homomorphic encryption,homomorphic encryption journal,0.733,yahoo
2026-10-08,US,it,homomorphic encryption,homomorphic encryption questions,0.733,yahoo
2026-10-08,US,it,homomorphic encryption,homomorphic encryption textbook,0.733,google
2026-10-08,US,it,homomorphic encryption,homomorphic encryption without limits,0.733,yahoo
2026-10-08,US,economy,Podotenus tricolor,podotenus tricolor how to grow,0.733,yahoo
2026-10-08,US,it,ros2,ros2 jazzy features,0.733,"bing,ddg"
2026-10-08,US,other,ceramics glaze,what type of glaze to use for ceramics,0.733,google
2026-10-08,US,it,ros2,ros2 examples,0.73,"google,yahoo"
2026-10-08,US,it,serverless cold start,cold start meaning in computer,0.729,"bing,ddg"
2026-10-08,US,it,homomorphic encryption,homomorphic encryption in cryptography,0.729,"bing,ddg"
2026-10-08,US,it,serverless cold start,introduction to serverless computing,0.729,"bing,ddg"
2026-10-08,US,economy,game theory auction,game theory pdf download,0.728,bing
2026-10-08,US,other,ceramics glaze,pottery glaze matte black,0.728,yahoo
2026-10-08,US,economy,etf arbitrage,etf arbitrage 30,0.727,yahoo
2026-10-08,US,it,ros2,ros2 jetson,0.726,bing
2026-10-08,US,economy,game theory auction,game theory auction knoxville,0.723,yahoo
2026-10-08,US,it,homomorphic encryption,homomorphic encryption nvidia,0.723,google
2026-10-08,US,it,homomorphic encryption,homomorphic encryption que es,0.723,google
2026-10-08,US,it,homomorphic encryption,homomorphic encryption system,0.723,yahoo
2026-10-08,US,other,ceramics glaze,pottery glaze mirror,0.722,yahoo
2026-10-08,US,economy,game theory auction,welcome to game theory,0.72,"bing,ddg"
2026-10-08,US,economy,game theory auction,game theory auction calendar,0.713,yahoo
2026-10-08,US,it,homomorphic encryption,homomorphic encryption speed,0.713,google
2026-10-08,US,economy,game theory auction,how game theory auction work,0.713,yahoo
2026-10-08,US,economy,Stilapex polaris,stilapex polaris without you,0.713,yahoo
2026-10-08,US,it,ros2,ros2 trace,0.711,google
2026-10-08,US,it,homomorphic encryption,homomorphic encryption apple,0.709,"bing,ddg"
2026-10-08,US,other,ceramics glaze,ceramic glaze for tiles,0.708,google
2026-10-08,US,it,ros2,ros2 gazebo alternative,0.708,google
2026-10-08,US,it,ros2,ros2 msg types,0.707,google
2026-10-08,US,it,ros2,ros2 mpc,0.705,bing
2026-10-08,US,it,homomorphic encryption,homomorphic encryption tool,0.703,yahoo
2026-10-08,US,it,ros2,ros2 tf tree,0.702,bing
2026-10-08,US,it,distributed database consensus,centralized and distributed database,0.7,"bing,ddg"
2026-10-08,US,it,serverless cold start,cold-start,0.7,"bing,ddg"
2026-10-08,US,it,distributed database consensus,fda recognized consensus standards database,0.7,"bing,ddg"
2026-10-08,US,economy,etf arbitrage,how to arbitrage etf,0.7,google
2026-10-08,US,it,serverless cold start,your server will not start,0.7,"bing,ddg"
2026-10-08,US,it,ros2,ros2 eloquent,0.697,bing
2026-10-08,US,it,ros2,ros2 test,0.696,bing
2026-10-08,US,economy,game theory auction,game theory auction houses,0.693,yahoo
2026-10-08,US,economy,Podotenus tricolor,podotenus tricolor youtube,0.693,yahoo
2026-10-08,US,it,ros2,ros2 create python package,0.693,yahoo
2026-10-08,US,it,ros2,ros2 joint state publisher,0.693,yahoo
2026-10-08,US,it,serverless cold start,serverless cold start code,0.693,yahoo
2026-10-08,US,economy,Stilapex polaris,stilapex polaris herbicide,0.693,yahoo
2026-10-08,US,economy,game theory auction,game theory in trading,0.691,bing
2026-10-08,US,it,ros2,ros2 nix,0.691,google
2026-10-08,US,other,ceramics glaze,can glazed ceramic go in the dishwasher,0.689,google
2026-10-08,US,other,ceramics glaze,ceramic glaze for air dry clay,0.689,google
2026-10-08,US,it,homomorphic encryption,homomorphic encryption and quantum computing,0.689,google
2026-10-08,US,other,ceramics glaze,pottery glaze midnight rain sapphire float,0.689,yahoo
2026-10-08,US,it,ros2,ros2 making a custom action node,0.689,yahoo
2026-10-08,US,economy,game theory auction,value of game in game theory,0.689,"bing,ddg"
2026-10-08,US,other,ceramics glaze,ceramic glaze glitter,0.688,google
2026-10-08,US,it,ros2,ros2 testing,0.687,yahoo
2026-10-08,US,it,ros2,ros2 topic hz,0.686,"google,bing"
2026-10-08,US,it,ros2,ros2 mujoco,0.685,bing
2026-10-08,US,economy,game theory auction,game theory auction value,0.683,yahoo
2026-10-08,US,it,homomorphic encryption,homomorphic encryption 70,0.683,yahoo
2026-10-08,US,it,homomorphic encryption,homomorphic encryption 90,0.683,yahoo
2026-10-08,US,it,ros2,ros2 alternative medicine,0.683,yahoo
2026-10-08,US,it,ros2,ros2 namespace,0.683,"bing,ddg"
2026-10-08,US,it,serverless cold start,serverless cold start 6.0,0.683,yahoo
2026-10-08,US,economy,Stilapex polaris,stilapex polaris explorer,0.683,yahoo
2026-10-08,US,it,ros2,ros2 jazzy gazebo,0.681,bing
2026-10-08,US,it,serverless cold start,cold start in serverless computing current trends and mitigation strategies,0.68,google
2026-10-08,US,economy,etf arbitrage,etf arbitrage and international diversification,0.68,google
2026-10-08,US,it,ros2,ros2 3d navigation,0.68,"bing,ddg"
2026-10-08,US,it,ros2,ros2 joy,0.68,"bing,ddg"
2026-10-08,US,it,homomorphic encryption,homomorphic encryption survey,0.679,google
2026-10-08,US,economy,game theory auction,how to use game theory,0.677,bing
2026-10-08,US,other,ceramics glaze,ceramic glaze mixer,0.676,"bing,ddg"
2026-10-08,US,it,ros2,ros2 jazzy vs humble,0.674,"google,bing"
2026-10-08,US,economy,game theory auction,game theory auction 2026,0.673,yahoo
2026-10-08,US,economy,Podotenus tricolor,podotenus tricolor black,0.673,yahoo
2026-10-08,US,it,serverless cold start,serverless cold start 50,0.673,yahoo
2026-10-08,US,it,ros2,ros2 component,0.672,bing
2026-10-08,US,other,ceramics glaze,glaze application for ceramics,0.671,"bing,ddg"
2026-10-08,US,economy,etf arbitrage,etf for arbitrage,0.67,google
2026-10-08,US,it,homomorphic encryption,homomorphic encryption java,0.67,"google,yahoo"
2026-10-08,US,it,homomorphic encryption,homomorphic encryption noise,0.669,google
2026-10-08,US,it,ros2,ros2 joy node,0.667,"bing,yahoo"
2026-10-08,US,it,ros2,ros2 numpy,0.667,yahoo
2026-10-08,US,it,serverless cold start,vless server 30 days,0.667,"bing,ddg"
2026-10-08,US,it,serverless cold start,what is cold start,0.666,"bing,ddg"
2026-10-08,US,economy,game theory auction,game theory auction 8th,0.663,yahoo
2026-10-08,US,economy,etf arbitrage,how etf arbitrage funds,0.663,yahoo
2026-10-08,US,it,ros2,ros2 mavros,0.66,bing
2026-10-08,US,it,ros2,ros2 alternative middleware,0.659,google
2026-10-08,US,it,ros2,ros2 tutorial humble,0.659,"google,bing"
2026-10-08,US,it,serverless cold start,azure sql serverless cold start,0.657,google
2026-10-08,US,it,ros2,ros2 timer,0.656,"bing,yahoo"
2026-10-08,US,economy,etf arbitrage,can etf arbitrage fund,0.653,yahoo
2026-10-08,US,other,ceramics glaze,ceramic glaze for sale,0.653,google
2026-10-08,US,other,ceramics glaze,ceramic glaze michaels,0.653,google
2026-10-08,US,economy,Podotenus tricolor,podotenus tricolor car,0.653,yahoo
2026-10-08,US,economy,Podotenus tricolor,podotenus tricolor x 2,0.653,yahoo
2026-10-08,US,it,ros2,ros2 topic list,0.65,"google,bing,ddg"
2026-10-08,US,it,ros2,ros2 joint state,0.649,bing
2026-10-08,US,other,ceramics glaze,can glazed ceramic go in the microwave,0.644,google
2026-10-08,US,it,homomorphic encryption,homomorphic encryption neural network,0.644,google
2026-10-08,US,it,homomorphic encryption,homomorphic encryption quantum,0.644,google
2026-10-08,US,it,homomorphic encryption,homomorphic encryption tutorial,0.644,google
2026-10-08,US,other,ceramics glaze,ceramic glaze coating,0.643,google
2026-10-08,US,economy,etf arbitrage,etf arbitrage account,0.643,yahoo
2026-10-08,US,economy,Podotenus tricolor,podotenus tricolor 6x,0.643,yahoo
2026-10-08,US,economy,Stilapex polaris,stilapex polaris area,0.643,yahoo
2026-10-08,US,economy,Stilapex polaris,stilapex polaris fuel,0.643,yahoo
2026-10-08,US,it,ros2,ros2 mapping,0.642,yahoo
2026-10-08,US,it,homomorphic encryption,homomorphic encryption dblp,0.641,"bing,ddg"
2026-10-08,US,other,ceramics glaze,ceramic glaze crazing,0.639,"bing,ddg"
2026-10-08,US,it,ros2,ros2 turtlebot3,0.638,bing
2026-10-08,US,it,ros2,ros2 cartographer,0.637,"bing,yahoo"
2026-10-08,US,it,ros2,ros2 matlab,0.635,bing
2026-10-08,US,it,ros2,ros2 dds alternative,0.633,google
2026-10-08,US,it,ros2,ros2 tutorials jazzy,0.633,google
2026-10-08,US,economy,Stilapex polaris,stilapex polaris 900,0.633,yahoo
2026-10-08,US,it,ros2,ros2 jammy,0.632,bing
2026-10-08,US,it,ros2,ros2 commands,0.63,"google,bing,ddg"
2026-10-08,US,it,ros2,ros2 messages,0.63,"google,bing,ddg"
2026-10-08,US,it,ros2,ros2 networking,0.628,google
2026-10-08,US,it,serverless cold start,serverless-dev,0.626,"bing,ddg"
2026-10-08,US,it,ros2,ros2 camera calibration,0.625,"google,bing,yahoo"
2026-10-08,US,other,ceramics glaze,ceramic glaze utensil holder,0.624,google
2026-10-08,US,other,ceramics glaze,pottery glaze mixer,0.623,yahoo
2026-10-08,US,it,ros2,ros2 message types,0.623,"google,bing,ddg"
2026-10-08,US,economy,Stilapex polaris,stilapex polaris 50,0.623,yahoo
2026-10-08,US,economy,Stilapex polaris,stilapex polaris oh,0.623,yahoo
2026-10-08,US,other,ceramics glaze,ceramic glaze mixture,0.621,"google,bing,ddg"
2026-10-08,US,economy,game theory auction,what is auction theory,0.62,"bing,ddg"
2026-10-08,US,it,distributed database consensus,what is consensus data,0.62,"bing,ddg"
2026-10-08,US,other,ceramics glaze,gloss ceramic glaze,0.619,"bing,ddg"
2026-10-08,US,it,ros2,ros2 micro ros,0.618,yahoo
2026-10-08,US,it,ros2,ros2 jazzy docs,0.617,"google,yahoo"
2026-10-08,US,it,homomorphic encryption,homomorphic encryption data privacy,0.614,"bing,ddg"
2026-10-08,US,it,ros2,ros2 cheat sheet,0.613,"google,bing"
2026-10-08,US,it,ros2,ros2 twist,0.612,bing
2026-10-08,US,other,ceramics glaze,ceramic glaze components,0.611,"bing,ddg"
2026-10-08,US,other,ceramics glaze,glaze for ceramics,0.609,"bing,ddg"
2026-10-08,US,it,ros2,ros2 jazzy installation guide,0.604,"bing,ddg"
2026-10-08,US,other,ceramics glaze,ceramic glaze usa,0.603,google
2026-10-08,US,other,ceramics glaze,ceramic glaze spray gun,0.601,"bing,ddg"
2026-10-08,US,it,serverless cold start,cold start the computer,0.601,"bing,ddg"
2026-10-08,US,it,ros2,ros2 jazzy tutorial,0.601,"bing,yahoo,ddg"
2026-10-08,US,it,serverless cold start,cold start serverless computing,0.6,google
2026-10-08,US,it,serverless cold start,databricks serverless cold start,0.6,google
2026-10-08,US,it,distributed database consensus,distributed database consensus 10,0.6,yahoo
2026-10-08,US,it,distributed database consensus,distributed database consensus code,0.6,yahoo
2026-10-08,US,it,distributed database consensus,distributed database consensus health,0.6,yahoo
2026-10-08,US,it,distributed database consensus,distributed database consensus theory,0.6,yahoo
2026-10-08,US,it,distributed database consensus,distributed database consensus user,0.6,yahoo
2026-10-08,US,it,distributed database consensus,distributed database consensus version,0.6,yahoo
2026-10-08,US,it,distributed database consensus,distributed database consensus without access,0.6,yahoo
2026-10-08,US,it,distributed database consensus,distributed database consensus zip code,0.6,yahoo
2026-10-08,US,economy,etf arbitrage,etf arbitrage and interest rate,0.6,yahoo
2026-10-08,US,it,homomorphic encryption,fully homomorphic encryption without bootstrapping,0.6,google
2026-10-08,US,economy,game theory auction,game theory auction fort worth,0.6,yahoo
2026-10-08,US,economy,game theory auction,game theory auction kansas city,0.6,yahoo
2026-10-08,US,other,ceramics glaze,glaze queen ceramics,0.6,"bing,ddg"
2026-10-08,US,it,homomorphic encryption,homomorphic encryption 9 digit,0.6,yahoo
2026-10-08,US,it,homomorphic encryption,homomorphic encryption not supported,0.6,yahoo
2026-10-08,US,it,homomorphic encryption,homomorphic encryption quantum resistant,0.6,google
2026-10-08,US,it,homomorphic encryption,homomorphic encryption question,0.6,yahoo
2026-10-08,US,it,homomorphic encryption,homomorphic encryption software,0.6,yahoo
2026-10-08,US,it,homomorphic encryption,homomorphic encryption without using,0.6,yahoo
2026-10-08,US,economy,etf arbitrage,index funds vs arbitrage funds,0.6,google
2026-10-08,US,economy,Podotenus tricolor,podotenus tricolor customer service,0.6,yahoo
2026-10-08,US,it,ros2,ros2 macos,0.6,"google,bing,ddg"
2026-10-08,US,it,serverless cold start,sagemaker serverless cold start,0.6,google
2026-10-08,US,it,serverless cold start,serverless cold start troubleshooting,0.6,yahoo
2026-10-08,US,it,ros2,ros2 command not found,0.598,"google,bing"
2026-10-08,US,it,ros2,ros2 nodelet,0.598,yahoo
2026-10-08,US,it,ros2,ros2 colcon,0.596,"bing,ddg"
2026-10-08,US,it,ros2,ros2 alternative halftime,0.594,yahoo
2026-10-08,US,economy,etf arbitrage,etf arbitrage 3x,0.593,yahoo
2026-10-08,US,it,ros2,ros2 explanation,0.593,yahoo
2026-10-08,US,other,ceramics glaze,can glazed ceramic be painted,0.59,google
2026-10-08,US,economy,etf arbitrage,etf arbitrage vs dropshipping,0.59,yahoo
2026-10-08,US,it,serverless cold start,serverless cold start control,0.59,yahoo
2026-10-08,US,economy,Stilapex polaris,stilapex polaris without glue,0.59,yahoo
2026-10-08,US,it,homomorphic encryption,homomorphic encryption techniques,0.589,"google,yahoo"
2026-10-08,US,it,ros2,ros2 jazzy tutorials,0.589,google
2026-10-08,US,other,ceramics glaze,pottery glaze milk glass,0.584,yahoo
2026-10-08,US,it,ros2,ros2 alternatives reddit,0.584,google
2026-10-08,US,it,ros2,ros2 topic pub,0.583,"google,bing,ddg"
2026-10-08,US,other,ceramics glaze,ceramics glaze x golden hour,0.58,yahoo
2026-10-08,US,it,ros2,ros2 eol,0.58,"google,bing,ddg"
2026-10-08,US,it,ros2,ros2 livox mid 360,0.58,google
2026-10-08,US,it,ros2,ros2 tf2,0.58,"google,bing,ddg"
2026-10-08,US,it,serverless cold start,serverless cold start 5 days,0.58,yahoo
2026-10-08,US,it,serverless cold start,serverless cold start diesel,0.58,yahoo
2026-10-08,US,it,ros2,ros2 teleop command,0.579,yahoo
2026-10-08,US,other,ceramics glaze,ceramic glaze combinations,0.574,"bing,ddg"
2026-10-08,US,it,ros2,ros2 twist msg,0.573,yahoo
2026-10-08,US,it,ros2,ros2 middleware,0.572,"google,bing"
2026-10-08,US,economy,etf arbitrage,etf arbitrage for beginners,0.57,yahoo
2026-10-08,US,economy,game theory auction,game theory auction company,0.57,yahoo
2026-10-08,US,it,serverless cold start,serverless cold start honda,0.57,yahoo
2026-10-08,US,other,ceramics glaze,ceramic glaze uses,0.569,google
2026-10-08,US,it,ros2,ros2 alternativeto,0.569,yahoo
2026-10-08,US,it,ros2,ros2 nav2 tutorial,0.566,"google,bing,ddg"
2026-10-08,US,economy,game theory auction,game theory auction values,0.56,yahoo
2026-10-08,US,it,homomorphic encryption,homomorphic encryption 7th,0.56,yahoo
2026-10-08,US,it,ros2,ros2_control documentation,0.56,yahoo
2026-10-08,US,it,serverless cold start,serverless cold start lead,0.56,yahoo
2026-10-08,US,other,ceramics glaze,ceramic glaze materials,0.559,"google,bing,ddg"
2026-10-08,US,it,serverless cold start,cold start and hot start,0.554,"bing,ddg"
2026-10-08,US,other,ceramics glaze,glaze recipes ceramics,0.553,"bing,ddg"
2026-10-08,US,economy,game theory auction,game theory auction house,0.55,yahoo
2026-10-08,US,economy,Podotenus tricolor,podotenus tricolor flower,0.55,yahoo
2026-10-08,US,economy,Podotenus tricolor,podotenus tricolor yellow,0.55,yahoo
2026-10-08,US,it,ros2,ros2 alternative airlines,0.55,yahoo
2026-10-08,US,it,serverless cold start,serverless cold start 650,0.55,yahoo
2026-10-08,US,economy,Stilapex polaris,stilapex polaris aluminum,0.55,yahoo
2026-10-08,US,economy,Stilapex polaris,stilapex polaris for sale,0.55,yahoo
2026-10-08,US,it,ros2,ros2 canopen,0.549,"bing,ddg"
2026-10-08,US,it,ros2,ros2 mac,0.547,"google,yahoo"
2026-10-08,US,it,ros2,ros2 esp32,0.543,"google,bing,ddg"
2026-10-08,US,it,ros2,ros2 manual,0.543,yahoo
2026-10-08,US,other,ceramics glaze,can pottery glaze freeze,0.54,yahoo
2026-10-08,US,economy,game theory auction,game theory auction 2025,0.54,yahoo
2026-10-08,US,economy,game theory auction,game theory auction 8 26,0.54,yahoo
2026-10-08,US,economy,game theory auction,game theory for auctions,0.54,google
2026-10-08,US,economy,game theory auction,how game theory auctions,0.54,yahoo
2026-10-08,US,economy,Podotenus tricolor,podotenus tricolor x ray,0.54,yahoo
2026-10-08,US,it,ros2,ros2 explained,0.54,"google,bing,yahoo"
2026-10-08,US,it,ros2,ros2 noetic,0.539,"bing,ddg"
2026-10-08,US,it,homomorphic encryption,homomorphic encryption image,0.537,"bing,ddg"
2026-10-08,US,it,ros2,ros2 msg,0.536,"bing,yahoo,ddg"
2026-10-08,US,other,ceramics glaze,ceramic glaze green,0.534,google
2026-10-08,US,it,serverless cold start,the cold start problem,0.534,"bing,ddg"
2026-10-08,US,other,ceramics glaze,ceramic glaze meaning,0.532,"google,bing,ddg"
2026-10-08,US,economy,etf arbitrage,can etf arbitrage funds,0.53,yahoo
2026-10-08,US,other,ceramics glaze,ceramics glaze for sale,0.53,google
2026-10-08,US,economy,etf arbitrage,how etf arbitrage works,0.53,google
2026-10-08,US,economy,Podotenus tricolor,podotenus tricolor blue,0.53,yahoo
2026-10-08,US,economy,Podotenus tricolor,podotenus tricolor high,0.53,yahoo
2026-10-08,US,it,ros2,ros2 executors,0.529,google
2026-10-08,US,it,ros2,ros2 node kill,0.529,google
2026-10-08,US,it,ros2,ros2 environment,0.527,yahoo
2026-10-08,US,economy,etf arbitrage,can etfs be arbitraged,0.52,google
2026-10-08,US,other,ceramics glaze,ceramic glaze formulas,0.52,google
2026-10-08,US,other,ceramics glaze,ceramics glaze 4 piece,0.52,yahoo
2026-10-08,US,economy,etf arbitrage,etf for arbitrage fund,0.52,google
2026-10-08,US,economy,etf arbitrage,how etf arbitrage work,0.52,yahoo
2026-10-08,US,economy,Podotenus tricolor,podotenus tricolor red,0.52,yahoo
2026-10-08,US,other,ceramics glaze,glaze definition ceramics,0.517,"bing,ddg"
2026-10-08,US,it,ros2,ros2 ekf,0.513,"bing,yahoo,ddg"
2026-10-08,US,it,ros2,ros2 node list,0.511,"bing,ddg"
2026-10-08,US,economy,Podotenus tricolor,podotenus tricolor 60,0.51,yahoo
2026-10-08,US,economy,Stilapex polaris,stilapex polaris edge,0.51,yahoo
2026-10-08,US,economy,Stilapex polaris,stilapex polaris hose,0.51,yahoo
2026-10-08,US,economy,Stilapex polaris,stilapex polaris ohio,0.51,yahoo
2026-10-08,US,other,ceramics glaze,ceramic glaze for pottery,0.507,"bing,ddg"
2026-10-08,US,other,ceramics glaze,ceramic glaze forum,0.504,"bing,ddg"
2026-10-08,US,it,ros2,ros2 mqtt,0.501,"bing,yahoo,ddg"
2026-10-08,US,other,ceramics glaze,ceramics glaze mixer,0.5,google
2026-10-08,US,other,ceramics glaze,ceramics glaze using,0.5,yahoo
2026-10-08,US,it,distributed database consensus,consensus in distributed system,0.5,"bing,ddg"
2026-10-08,US,economy,Stilapex polaris,stilapex polaris 500,0.5,yahoo
2026-10-08,US,it,ros2,ros2 topics,0.499,google
2026-10-08,US,it,ros2,ros2 executor,0.497,"bing,yahoo,ddg"
2026-10-08,US,other,ceramics glaze,ceramic glaze msds,0.494,"bing,ddg"
2026-10-08,US,it,serverless cold start,s. n. l. cold open,0.494,"bing,ddg"
2026-10-08,US,economy,etf arbitrage,etf arbitrage 3 way,0.49,yahoo
2026-10-08,US,economy,etf arbitrage,etf arbitrage yield,0.49,yahoo
2026-10-08,US,it,ros2,ros2 3588,0.49,"bing,ddg"
2026-10-08,US,economy,Stilapex polaris,stilapex polaris 90,0.49,yahoo
2026-10-08,US,it,ros2,ros2 navigation2,0.482,"bing,yahoo,ddg"
2026-10-08,US,other,ceramics glaze,ceramic glaze gold,0.48,google
2026-10-08,US,it,ros2,ros2 3d a* planner,0.48,"bing,ddg"
2026-10-08,US,other,ceramics glaze,ceramic glaze glass,0.479,"google,yahoo"
2026-10-08,US,other,ceramics glaze,ceramics glasgow,0.474,"bing,ddg"
2026-10-08,US,it,ros2,ros2 mobile robot,0.47,yahoo
2026-10-08,US,it,ros2,ros2 turtlesim,0.469,"bing,yahoo,ddg"
2026-10-08,US,it,ros2,ros2 create package,0.461,"google,bing,ddg"
2026-10-08,US,other,ceramics glaze,ceramic glaze uk,0.46,google
2026-10-08,US,economy,etf arbitrage,etf arbitrage 80,0.46,yahoo
2026-10-08,US,it,homomorphic encryption,homomorphic encryption org,0.46,"bing,ddg"
2026-10-08,US,it,ros2,ros2 ethercat,0.459,"google,bing,ddg"
2026-10-08,US,other,ceramics glaze,ceramic glaze combos,0.457,"bing,ddg"
2026-10-08,US,it,ros2,ros2 course,0.453,"google,bing,yahoo,ddg"
2026-10-08,US,it,ros2,ros2 nodes,0.444,google
2026-10-08,US,it,ros2,ros2 example,0.42,"bing,yahoo,ddg"
2026-10-08,US,it,ros2,ros2 c++,0.394,"bing,ddg"
2026-10-08,US,it,ros2,ros2 jobs,0.376,"google,bing,yahoo,ddg"
2026-10-08,US,other,ceramics glaze,glaze on ceramics,0.37,"bing,ddg"
2026-10-08,US,it,ros2,ros2 echo,0.368,"google,bing,ddg"
2026-10-08,US,other,ceramics glaze,ceramic glaze for cars,0.364,"google,bing,ddg"
2026-10-08,US,it,ros2,ros2 moveit,0.354,"google,yahoo"
2026-10-08,US,it,ros2,ros2 mcap,0.347,"bing,ddg"
2026-10-08,US,it,ros2,ros2 cli,0.337,"bing,ddg"
2026-10-08,US,it,ros2,ros2 topic echo,0.328,"google,bing,yahoo,ddg"
2026-10-08,US,other,ceramics glaze,ceramic glaze mug,0.327,"google,bing,ddg"
2026-10-08,US,it,ros2,ros2 tf,0.327,"bing,ddg"
2026-10-08,US,it,ros2,ros2 node,0.323,"bing,yahoo,ddg"
2026-10-08,US,it,ros2,ros2 mcp,0.313,"google,bing,ddg"
2026-10-08,US,it,ros2,ros2 echo topic,0.307,"google,bing,ddg"
2026-10-08,US,it,ros2,ros2 alternatives,0.27,"google,bing,ddg"
2026-10-08,US,it,ros2,ros2 3d slam,0.22,"google,bing,ddg"
