date,market,seed,term,score,engines
2026-09-29,CN,茶具,"茶具是什么意思,茶杯算茶具吗",0.84,baidu
2026-09-29,CN,多肉植物,多肉植物为什么有白色絮状物,0.83,baidu
2026-09-29,CN,多肉植物,多肉植物怎么扦插好看又好养,0.83,baidu
2026-09-29,CN,多肉植物,多肉植物能不能吸收二手烟,0.82,baidu
2026-09-29,CN,茶具,茶具为什么价格差距悬殊,0.81,baidu
2026-09-29,CN,茶具,茶具多少钱一套算高档的,0.81,baidu
2026-09-29,CN,多肉植物,多肉植物掉叶子是什么原因造成的,0.806,baidu
2026-09-29,CN,茶具,茶具能不能送人给别人,0.8,baidu
2026-09-29,CN,茶具,茶道茶具使用视频教程,0.8,baidu
2026-09-29,CN,茶具,茶具去哪里买比较好,0.79,baidu
2026-09-29,CN,茶具,茶具怎么画简单漂亮,0.79,baidu
2026-09-29,CN,多肉植物,多肉一般的价格表,0.78,baidu
2026-09-29,CN,多肉植物,多肉哪里产的最好,0.78,baidu
2026-09-29,CN,多肉植物,多肉植物是什么目,0.78,baidu
2026-09-29,CN,多肉植物,多肉植物种植技巧,0.78,baidu
2026-09-29,CN,茶具,茶具图片真实照片,0.78,baidu
2026-09-29,CN,多肉植物,多肉植物为什么一碰就掉了,0.776,baidu
2026-09-29,CN,茶具,茶具最全的地方去哪里买,0.766,baidu
2026-09-29,CN,多肉植物,多肉植物图片,0.76,baidu
2026-09-29,CN,多肉植物,多肉植物是什么样子的,0.756,baidu
2026-09-29,CN,多肉植物,多肉植物能不能浇啤酒,0.756,baidu
2026-09-29,CN,茶具,茶具为什么会有主人杯,0.756,baidu
2026-09-29,CN,多肉植物,多肉价值多少元一盆,0.746,baidu
2026-09-29,CN,多肉植物,多肉植物这样养图鉴,0.746,baidu
2026-09-29,CN,茶具,茶具多少钱一套带图,0.746,baidu
2026-09-29,CN,多肉植物,多肉植物产地哪里,0.736,baidu
2026-09-29,CN,多肉植物,多肉植物怎么移植,0.736,baidu
2026-09-29,CN,茶具,茶具怎么清洗茶垢,0.736,baidu
2026-09-29,CN,茶具,茶具能不能送人用,0.736,baidu
2026-09-29,CN,多肉植物,多肉植物为什么不能多浇水,0.731,baidu
2026-09-29,CN,茶具,茶具是什么做的,0.726,baidu
2026-09-29,CN,多肉植物,多肉植物怎么养视频教程,0.721,baidu
2026-09-29,CN,多肉植物,多肉植物怎么浇水才正确,0.721,baidu
2026-09-29,CN,多肉植物,多肉植物能不能带上高铁,0.721,baidu
2026-09-29,CN,多肉植物,多肉植物推荐香气满屋飘香哪种好,0.717,baidu
2026-09-29,CN,茶具,茶具制作方法,0.716,baidu
2026-09-29,CN,多肉植物,"多肉植物为什么只长高,不长肉",0.707,baidu
2026-09-29,CN,多肉植物,多肉植物哪里有卖的,0.701,baidu
2026-09-29,CN,茶具,茶具为什么有油漆味,0.701,baidu
2026-09-29,CN,多肉植物,多肉植物能不能用磷酸二氢钾,0.697,baidu
2026-09-29,CN,多肉植物,多肉植物是什么?,0.691,baidu
2026-09-29,CN,茶具,茶具哪里进货便宜,0.691,baidu
2026-09-29,CN,茶具,茶具推荐消毒材质,0.691,baidu
2026-09-29,CN,茶具,茶具能不能上高铁,0.691,baidu
2026-09-29,CN,多肉植物,多肉多少钱一个,0.681,baidu
2026-09-29,CN,茶具,茶具是什么类目,0.681,baidu
2026-09-29,CN,茶具,茶具是什么意思网络用语,0.677,baidu
2026-09-29,CN,多肉植物,多肉植物是什么时候在中国流行的,0.672,baidu
2026-09-29,CN,茶具,茶具多少钱?,0.671,baidu
2026-09-29,CN,茶具,一套茶具使用步骤视频,0.667,baidu
2026-09-29,CN,多肉植物,多肉植物哪里卖的最好,0.667,baidu
2026-09-29,CN,茶具,百度一套蓝田玉工夫茶具多少钱,0.662,baidu
2026-09-29,CN,茶具,茶具怎么夸,0.661,baidu
2026-09-29,CN,多肉植物,多肉植物是什么味道,0.657,baidu
2026-09-29,CN,茶具,茶具视频,0.651,baidu
2026-09-29,CN,多肉植物,多肉植物制作教程,0.647,baidu
2026-09-29,CN,多肉植物,多肉植物怎么换盆,0.647,baidu
2026-09-29,CN,茶具,景德镇茶具多少钱,0.647,baidu
2026-09-29,CN,茶具,茶具为什么那么贵,0.647,baidu
2026-09-29,CN,茶具,茶具哪里的最正宗,0.647,baidu
2026-09-29,CN,茶具,茶具能不能过安检,0.647,baidu
2026-09-29,CN,多肉植物,多肉花多少钱,0.627,baidu
2026-09-29,CN,茶具,茶具推荐文案,0.627,baidu
2026-09-29,CN,多肉植物,多肉植物为什么叫法师,0.622,baidu
2026-09-29,CN,多肉植物,多肉植物怎么修剪枝条,0.622,baidu
2026-09-29,CN,茶具,茶具是什么类目的产品,0.622,baidu
2026-09-29,CN,多肉植物,多肉植物为什么会无缘无故枯萎,0.618,baidu
2026-09-29,CN,茶具,茶具怎么选,0.617,baidu
2026-09-29,CN,多肉植物,多肉植物能不能水培,0.612,baidu
2026-09-29,CN,茶具,茶具哪里买比较便宜,0.612,baidu
2026-09-29,CN,茶具,茶具能不能用洗洁精,0.612,baidu
2026-09-29,CN,多肉植物,多肉植物推荐清新和香气哪种,0.608,baidu
2026-09-29,CN,多肉植物,多肉植物推荐1种,0.602,baidu
2026-09-29,CN,茶具,茶具为什么会变色,0.602,baidu
2026-09-29,CN,茶具,茶具为什么不自动上水了?,0.598,baidu
2026-09-29,CN,多肉植物,多肉教程的步骤,0.592,baidu
2026-09-29,CN,多肉植物,多肉植物哪里买,0.592,baidu
2026-09-29,CN,茶具,茶具推荐一整套,0.592,baidu
2026-09-29,CN,多肉植物,多肉植物价钱,0.582,baidu
2026-09-29,CN,茶具,茶具怎么清洗,0.582,baidu
2026-09-29,CN,茶具,茶具都怎么用,0.582,baidu
2026-09-29,CN,多肉植物,多肉植物 多少钱一株,0.578,baidu
2026-09-29,CN,多肉植物,多肉植物是什么类植物,0.578,baidu
2026-09-29,CN,茶具,茶具哪里买质量好便宜,0.578,baidu
2026-09-29,CN,多肉植物,多肉植物推荐香气最香几个品种,0.573,baidu
2026-09-29,CN,多肉植物,多肉植物能不能喷水,0.568,baidu
2026-09-29,CN,茶具,硅元陶瓷茶具多少钱,0.568,baidu
2026-09-29,CN,茶具,茶具怎么画手绘初一,0.568,baidu
2026-09-29,CN,茶具,茶具是什么材质的好,0.568,baidu
2026-09-29,CN,多肉植物,多肉植物哪里有批发市场最大,0.563,baidu
2026-09-29,CN,多肉植物,多肉植物哪里来的,0.558,baidu
2026-09-29,CN,多肉植物,多肉植物怎么浇水,0.558,baidu
2026-09-29,CN,茶具,茶具全套使用教程,0.558,baidu
2026-09-29,CN,多肉植物,多肉植物能不能放在卧室?,0.553,baidu
2026-09-29,CN,茶具,茶具推荐 知乎,0.548,baidu
2026-09-29,CN,茶具,茶具能不能送人,0.548,baidu
2026-09-29,CN,多肉植物,多肉植物是什么植物类群,0.543,baidu
2026-09-29,CN,茶具,百度一套泥兴茶具多少钱,0.543,baidu
2026-09-29,CN,多肉植物,多肉植物步骤,0.538,baidu
2026-09-29,CN,多肉植物,多肉植物 多少钱一颗,0.533,baidu
2026-09-29,CN,多肉植物,多肉植物为什么叫多肉,0.533,baidu
2026-09-29,CN,多肉植物,多肉植物怎么养长得好,0.533,baidu
2026-09-29,CN,多肉植物,多肉植物 教程图解,0.523,baidu
2026-09-29,CN,茶具,茶具为什么那么便宜,0.523,baidu
2026-09-29,CN,茶具,茶具能不能带上高铁,0.523,baidu
2026-09-29,CN,茶具,茶具怎么用的步骤,0.513,baidu
2026-09-29,CN,茶具,茶具是什么材质,0.503,baidu
2026-09-29,CN,茶具,茶具哪里有卖,0.493,baidu
2026-09-29,CN,茶具,茶具推荐品牌,0.493,baidu
2026-09-29,CN,多肉植物,多肉植物为什么会变色,0.489,baidu
2026-09-29,CN,多肉植物,多肉植物哪里批发便宜,0.489,baidu
2026-09-29,CN,多肉植物,多肉植物推荐种植品种,0.489,baidu
2026-09-29,CN,多肉植物,多肉植物能不能上飞机,0.489,baidu
2026-09-29,CN,茶具,茶具为什么有很多裂痕,0.489,baidu
2026-09-29,CN,茶具,茶具怎么画,0.483,baidu
2026-09-29,CN,多肉植物,多肉植物 教程图片,0.479,baidu
2026-09-29,CN,多肉植物,多肉植物多少钱一棵,0.479,baidu
2026-09-29,CN,茶具,茶具怎么用视频教程,0.479,baidu
2026-09-29,CN,茶具,龙腾凤鸣茶具多少钱,0.479,baidu
2026-09-29,CN,多肉植物,多肉植物为什么不能放屋里养,0.474,baidu
2026-09-29,CN,多肉植物,多肉植物怎么繁殖,0.469,baidu
2026-09-29,CN,多肉植物,多肉植物是什么科,0.469,baidu
2026-09-29,CN,茶具,茶具能不能上飞机,0.469,baidu
2026-09-29,CN,茶具,茶具是什么意思,0.459,baidu
2026-09-29,CN,茶具,茶具哪里的好,0.449,baidu
2026-09-29,CN,茶具,喝茶最好的茶具是什么,0.444,baidu
2026-09-29,CN,多肉植物,多肉植物能不能晒太阳,0.444,baidu
2026-09-29,CN,茶具,茶具为什么有三个杯的,0.444,baidu
2026-09-29,CN,多肉植物,多肉植物 教程视频,0.434,baidu
2026-09-29,CN,多肉植物,多肉植物多少钱一个,0.434,baidu
2026-09-29,CN,多肉植物,多肉植物是什么意思,0.434,baidu
2026-09-29,CN,茶具,茶具哪里的比较有名,0.434,baidu
2026-09-29,CN,茶具,茶具能不能带上飞机,0.434,baidu
2026-09-29,CN,茶具,茶具推荐,0.429,baidu
2026-09-29,CN,茶具,四季喝茶茶具推荐,0.424,baidu
2026-09-29,CN,多肉植物,多肉植物哪里最多,0.424,baidu
2026-09-29,CN,多肉植物,多肉植物推荐新手,0.424,baidu
2026-09-29,CN,茶具,一套茶具多少钱,0.414,baidu
2026-09-29,CN,多肉植物,多肉植物为什么会掉叶子,0.41,baidu
2026-09-29,CN,茶具,茶具能不能直接带上飞机,0.41,baidu
2026-09-29,CN,茶具,茶具怎么摆放,0.404,baidu
2026-09-29,CN,多肉植物,多肉植物哪里出产最多,0.4,baidu
2026-09-29,CN,多肉植物,多肉植物多少钱一盆啊,0.4,baidu
2026-09-29,CN,茶具,杨聚斌汝瓷茶具多少钱,0.4,baidu
2026-09-29,CN,茶具,茶具为什么吸不出来水,0.4,baidu
2026-09-29,CN,多肉植物,多肉植物是什么科属,0.39,baidu
2026-09-29,CN,茶具,盛茶汤的茶具是什么,0.39,baidu
2026-09-29,CN,茶具,茶具哪里产的最好?,0.39,baidu
2026-09-29,CN,茶具,茶具教程,0.384,baidu
2026-09-29,CN,多肉植物,多肉植物能不能吃,0.38,baidu
2026-09-29,CN,多肉植物,多肉植物推荐,0.36,baidu
2026-09-29,CN,多肉植物,多肉植物教程,0.36,baidu
2026-09-29,CN,茶具,普洱茶具推荐,0.36,baidu
2026-09-29,CN,茶具,茶具教程视频,0.36,baidu
2026-09-29,DE,Modelleisenbahn,modelleisenbahn ankauf in der nähe von berlin,1.0,bing
2026-09-29,DE,Modelleisenbahn,modelleisenbahn ausstellung heute,1.0,google
2026-09-29,DE,Modelleisenbahn,modelleisenbahn bei ebay angebot,1.0,bing
2026-09-29,DE,Modelleisenbahn,modelleisenbahn börse in der nähe,1.0,google
2026-09-29,DE,Modelleisenbahn,modelleisenbahn fertiggelände h0,1.0,bing
2026-09-29,DE,Modelleisenbahn,modelleisenbahn gebraucht ebay,1.0,google
2026-09-29,DE,Modelleisenbahn,modelleisenbahn gebraucht ebay kleinanzeigen,1.0,bing
2026-09-29,DE,Modelleisenbahn,modelleisenbahn geschäft in der nähe angebote,1.0,bing
2026-09-29,DE,Modelleisenbahn,modelleisenbahn h0 kabelquerschnitt für weichensteuerung,1.0,google
2026-09-29,DE,Modelleisenbahn,modelleisenbahn hersteller deutschland,1.0,google
2026-09-29,DE,Modelleisenbahn,modelleisenbahn in der nähe ausstellen,1.0,bing
2026-09-29,DE,Modelleisenbahn,modelleisenbahn kaufen in der nähe,1.0,google
2026-09-29,DE,Modelleisenbahn,modelleisenbahn kaufen in der nähe günstig,1.0,bing
2026-09-29,DE,Modelleisenbahn,modelleisenbahn laden in der nähe von mir,1.0,bing
2026-09-29,DE,Modelleisenbahn,modelleisenbahn landschaft gestalten,1.0,google
2026-09-29,DE,Modelleisenbahn,modelleisenbahn neuheiten 2026 pdf,1.0,bing
2026-09-29,DE,Modelleisenbahn,modelleisenbahn trix express gebraucht kaufen,1.0,bing
2026-09-29,DE,Modelleisenbahn,modelleisenbahn tt gebraucht ebay kleinanzeigen,1.0,google
2026-09-29,DE,Modelleisenbahn,modelleisenbahn verkaufen erfahrungen,1.0,google
2026-09-29,DE,Modelleisenbahn,modelleisenbahn fertiganlagen,0.99,google
2026-09-29,DE,Modelleisenbahn,modelleisenbahn wilhelmshaven,0.99,bing
2026-09-29,DE,Modelleisenbahn,modelleisenbahn portal roco,0.97,bing
2026-09-29,DE,Modelleisenbahn,modelleisenbahn welche spur,0.97,google
2026-09-29,DE,Modelleisenbahn,modelleisenbahn analoges gleichstromsystem,0.964,bing
2026-09-29,DE,Modelleisenbahn,modelleisenbahn club einsiedeln,0.964,bing
2026-09-29,DE,Modelleisenbahn,modelleisenbahn fleischmann spur n,0.964,bing
2026-09-29,DE,Modelleisenbahn,modelleisenbahn geschäft in der nähe kontakt,0.964,bing
2026-09-29,DE,Modelleisenbahn,modelleisenbahn in der nähe besuchen,0.964,bing
2026-09-29,DE,Modelleisenbahn,modelleisenbahn led beleuchtung,0.964,bing
2026-09-29,DE,Modelleisenbahn,modelleisenbahn neuheiten 2025,0.964,bing
2026-09-29,DE,Modelleisenbahn,modelleisenbahn tt zubehör gebraucht kaufen,0.964,bing
2026-09-29,DE,Modelleisenbahn,modelleisenbahn wiehe in thüringen,0.964,bing
2026-09-29,DE,Modelleisenbahn,modelleisenbahn h0 zubehör,0.96,bing
2026-09-29,DE,Modelleisenbahn,modelleisenbahn anfänger gleisplan,0.956,google
2026-09-29,DE,Modelleisenbahn,modelleisenbahn beleuchtung häuser,0.956,google
2026-09-29,DE,Modelleisenbahn,modelleisenbahn gebraucht david viehmann,0.956,bing
2026-09-29,DE,Modelleisenbahn,modelleisenbahn grundplatte bauen,0.956,google
2026-09-29,DE,Modelleisenbahn,modelleisenbahn h0 komplettanlage zu verschenken,0.956,google
2026-09-29,DE,Modelleisenbahn,modelleisenbahn vitrine plexiglas,0.956,google
2026-09-29,DE,Modelleisenbahn,modelleisenbahn wiehe öffnungszeiten,0.956,google
2026-09-29,DE,Modelleisenbahn,modelleisenbahn club wien,0.95,bing
2026-09-29,DE,Modelleisenbahn,modelleisenbahn innsbruck,0.95,google
2026-09-29,DE,Modelleisenbahn,modelleisenbahn fachgeschäfte,0.946,google
2026-09-29,DE,Modelleisenbahn,modelleisenbahn pc spiel,0.94,google
2026-09-29,DE,Modelleisenbahn,piko modelleisenbahn qualität,0.94,google
2026-09-29,DE,Modelleisenbahn,modelleisenbahn baupläne h0,0.934,bing
2026-09-29,DE,Modelleisenbahn,modelleisenbahn friedrichstadt,0.927,bing
2026-09-29,DE,Modelleisenbahn,modelleisenbahn h0 gleichstrom,0.927,bing
2026-09-29,DE,Modelleisenbahn,modelleisenbahn in der nähe mieten,0.927,bing
2026-09-29,DE,Modelleisenbahn,modelleisenbahn kauf in der nähe preise,0.927,bing
2026-09-29,DE,Modelleisenbahn,modelleisenbahn youtube deutsch,0.927,bing
2026-09-29,DE,Modelleisenbahn,modelleisenbahn verwaltung,0.924,bing
2026-09-29,DE,Modelleisenbahn,modelleisenbahn gleispläne h0,0.917,bing
2026-09-29,DE,Modelleisenbahn,modelleisenbahn an und verkauf,0.911,google
2026-09-29,DE,Modelleisenbahn,modelleisenbahn gebraucht verkaufen,0.911,bing
2026-09-29,DE,Modelleisenbahn,modelleisenbahn kaufen gebraucht,0.911,google
2026-09-29,DE,Modelleisenbahn,modelleisenbahn trassenbausatz,0.911,google
2026-09-29,DE,Modelleisenbahn,modelleisenbahn verkaufen tipps,0.911,google
2026-09-29,DE,Modelleisenbahn,modelleisenbahn hannover,0.904,bing
2026-09-29,DE,Modelleisenbahn,modelleisenbahn 1 qualität aus 2 hand,0.9,google
2026-09-29,DE,Modelleisenbahn,modelleisenbahn in wiehe,0.896,google
2026-09-29,DE,Modelleisenbahn,modelleisenbahn krokodil,0.896,google
2026-09-29,DE,Modelleisenbahn,modelleisenbahn norwegen,0.896,google
2026-09-29,DE,Modelleisenbahn,modelleisenbahn ho kleinanzeigen,0.891,bing
2026-09-29,DE,Modelleisenbahn,modelleisenbahn komplettanlage ho kaufen,0.891,bing
2026-09-29,DE,Modelleisenbahn,modelleisenbahn fertiggelände,0.881,bing
2026-09-29,DE,Modelleisenbahn,modelleisenbahn lünen bastler,0.881,bing
2026-09-29,DE,Modelleisenbahn,modelleisenbahn anlage h0,0.877,bing
2026-09-29,DE,Modelleisenbahn,modelleisenbahn tt ddr,0.876,google
2026-09-29,DE,Modelleisenbahn,modelleisenbahn für kinder,0.871,google
2026-09-29,DE,Modelleisenbahn,modelleisenbahn lokomotive,0.871,google
2026-09-29,DE,Modelleisenbahn,modelleisenbahn trafo analog,0.871,bing
2026-09-29,DE,Modelleisenbahn,modelleisenbahn burgdorf,0.867,bing
2026-09-29,DE,Modelleisenbahn,modelleisenbahn flohmarkt termine,0.867,google
2026-09-29,DE,Modelleisenbahn,modelleisenbahn landschaft kaufen,0.867,google
2026-09-29,DE,Modelleisenbahn,modelleisenbahn personalisiert,0.867,google
2026-09-29,DE,Modelleisenbahn,modelleisenbahn pratteln,0.867,bing
2026-09-29,DE,Modelleisenbahn,modelleisenbahn von lima,0.867,bing
2026-09-29,DE,Modelleisenbahn,modelleisenbahn wetzikon,0.867,bing
2026-09-29,DE,Modelleisenbahn,modelleisenbahn winterlandschaft,0.867,google
2026-09-29,DE,Modelleisenbahn,modelleisenbahn kleinste spur,0.857,google
2026-09-29,DE,Modelleisenbahn,modelleisenbahn termine,0.857,bing
2026-09-29,DE,Modelleisenbahn,modelleisenbahn knittelfeld öffnungszeiten,0.855,bing
2026-09-29,DE,Modelleisenbahn,modelleisenbahn neuhausen am rheinfall,0.855,bing
2026-09-29,DE,Modelleisenbahn,modelleisenbahn planen und bauen,0.855,bing
2026-09-29,DE,Modelleisenbahn,modelleisenbahn kabel querschnitt,0.85,google
2026-09-29,DE,Modelleisenbahn,modelleisenbahn filme youtube,0.845,bing
2026-09-29,DE,Modelleisenbahn,modelleisenbahn pc,0.844,bing
2026-09-29,DE,Modelleisenbahn,modelleisenbahn bahnhof,0.841,google
2026-09-29,DE,Modelleisenbahn,modelleisenbahn in bayern,0.841,bing
2026-09-29,DE,Modelleisenbahn,modelleisenbahn porsche,0.841,google
2026-09-29,DE,Modelleisenbahn,modelleisenbahn winnenden,0.841,bing
2026-09-29,DE,Modelleisenbahn,modelleisenbahn neuss,0.837,bing
2026-09-29,DE,Modelleisenbahn,modelleisenbahn lichtensteig,0.835,bing
2026-09-29,DE,Modelleisenbahn,modelleisenbahn häuser,0.831,google
2026-09-29,DE,Modelleisenbahn,modelleisenbahn nearby,0.831,google
2026-09-29,DE,Modelleisenbahn,modelleisenbahn viet nam,0.831,bing
2026-09-29,DE,Modelleisenbahn,modelleisenbahn bausatz h0,0.827,google
2026-09-29,DE,Modelleisenbahn,modelleisenbahn tauschbörse,0.825,bing
2026-09-29,DE,Modelleisenbahn,modelleisenbahn ausstellung 2026,0.822,google
2026-09-29,DE,Modelleisenbahn,modelleisenbahn beleuchtung häuser anschließen,0.822,google
2026-09-29,DE,Modelleisenbahn,modelleisenbahn händler in der nähe,0.822,google
2026-09-29,DE,Modelleisenbahn,modelleisenbahn im koffer selber bauen,0.822,google
2026-09-29,DE,Modelleisenbahn,modelleisenbahn komplettanlage h0 digital,0.822,google
2026-09-29,DE,Modelleisenbahn,modelleisenbahn platte gebraucht kaufen,0.822,google
2026-09-29,DE,Modelleisenbahn,modelleisenbahn tt komplettanlagen,0.822,google
2026-09-29,DE,Modelleisenbahn,modelleisenbahn piko h0,0.821,bing
2026-09-29,DE,Modelleisenbahn,modelleisenbahn h0 gebraucht kaufen,0.818,bing
2026-09-29,DE,Modelleisenbahn,modelleisenbahn geschäfte,0.817,google
2026-09-29,DE,Modelleisenbahn,modelleisenbahn h0 märklin,0.815,bing
2026-09-29,DE,Modelleisenbahn,modelleisenbahn auktionen,0.805,bing
2026-09-29,DE,Modelleisenbahn,modelleisenbahn basel,0.801,bing
2026-09-29,DE,Modelleisenbahn,modelleisenbahn bauen lassen,0.798,bing
2026-09-29,DE,Modelleisenbahn,modelleisenbahn chemnitz,0.795,bing
2026-09-29,DE,Modelleisenbahn,modelleisenbahn vitrinen,0.795,bing
2026-09-29,DE,Modelleisenbahn,modelleisenbahn club,0.791,bing
2026-09-29,DE,Modelleisenbahn,modelleisenbahn anlage,0.787,google
2026-09-29,DE,Modelleisenbahn,modelleisenbahn tunnel,0.787,google
2026-09-29,DE,Modelleisenbahn,modelleisenbahn verein,0.787,google
2026-09-29,DE,Modelleisenbahn,modelleisenbahn c-gleis altern,0.782,bing
2026-09-29,DE,Modelleisenbahn,modelleisenbahn neumünster,0.782,google
2026-09-29,DE,Modelleisenbahn,modelleisenbahn geschäfte in der nähe,0.778,bing
2026-09-29,DE,Modelleisenbahn,modelleisenbahn vitrine h0,0.778,bing
2026-09-29,DE,Modelleisenbahn,modelleisenbahn h0 anlagenbau,0.772,bing
2026-09-29,DE,Modelleisenbahn,modelleisenbahn kalender 2026,0.772,bing
2026-09-29,DE,Modelleisenbahn,quacksalber modelleisenbahn,0.77,google
2026-09-29,DE,Modelleisenbahn,modelleisenbahn thüringen,0.768,bing
2026-09-29,DE,Modelleisenbahn,modelleisenbahn freiburg,0.758,bing
2026-09-29,DE,Modelleisenbahn,modelleisenbahnbörse,0.755,bing
2026-09-29,DE,Modelleisenbahn,modelleisenbahn börsen 2025,0.752,bing
2026-09-29,DE,Modelleisenbahn,modelleisenbahn vitrine,0.752,google
2026-09-29,DE,Modelleisenbahn,modelleisenbahn cottbus,0.748,bing
2026-09-29,DE,Modelleisenbahn,modelleisenbahn waggons,0.748,bing
2026-09-29,DE,Modelleisenbahn,modelleisenbahn hamburg wunderland,0.745,bing
2026-09-29,DE,Modelleisenbahn,modelleisenbahn kauf in der nähe,0.745,bing
2026-09-29,DE,Modelleisenbahn,modelleisenbahn planen software kostenlos,0.745,bing
2026-09-29,DE,Modelleisenbahn,modelleisenbahn videos kostenlos,0.745,bing
2026-09-29,DE,Modelleisenbahn,modelleisenbahn wil,0.745,bing
2026-09-29,DE,Modelleisenbahn,modelleisenbahn anlagenbau,0.742,bing
2026-09-29,DE,Modelleisenbahn,modelleisenbahn aargau,0.738,bing
2026-09-29,DE,Modelleisenbahn,modelleisenbahn hersteller,0.738,google
2026-09-29,DE,Modelleisenbahn,modelleisenbahn ice h0,0.738,bing
2026-09-29,DE,Modelleisenbahn,modelleisenbahn wiehe im harz,0.735,bing
2026-09-29,DE,Modelleisenbahn,modelleisenbahn ankauf erfahrungen,0.733,google
2026-09-29,DE,Modelleisenbahn,modelleisenbahn geschäft in der nähe,0.733,google
2026-09-29,DE,Modelleisenbahn,modelleisenbahn ho komplettanlagen,0.733,google
2026-09-29,DE,Modelleisenbahn,modelleisenbahn laden in der nähe,0.733,google
2026-09-29,DE,Modelleisenbahn,modelleisenbahn tt lokomotiven,0.733,google
2026-09-29,DE,Modelleisenbahn,modelleisenbahn trafo 16v,0.732,bing
2026-09-29,DE,Modelleisenbahn,modelleisenbahn lünen,0.728,bing
2026-09-29,DE,Modelleisenbahn,modelleisenbahn pirna,0.728,bing
2026-09-29,DE,Modelleisenbahn,modelleisenbahn wert,0.722,google
2026-09-29,DE,Modelleisenbahn,modelleisenbahn in fürth,0.718,google
2026-09-29,DE,Modelleisenbahn,modelleisenbahn im harz,0.712,bing
2026-09-29,DE,Modelleisenbahn,modelleisenbahn lok,0.712,google
2026-09-29,DE,Modelleisenbahn,modelleisenbahn niessen,0.712,bing
2026-09-29,DE,Modelleisenbahn,modelleisenbahn vereine,0.712,bing
2026-09-29,DE,Modelleisenbahn,modelleisenbahn fürth odenwald,0.709,bing
2026-09-29,DE,Modelleisenbahn,modelleisenbahn nrw,0.708,bing
2026-09-29,DE,Modelleisenbahn,modelleisenbahn weihnachten,0.703,google
2026-09-29,DE,Modelleisenbahn,modelleisenbahn wohlen,0.702,bing
2026-09-29,DE,Modelleisenbahn,modelleisenbahn verkaufen in der nähe,0.7,"google,bing"
2026-09-29,DE,Modelleisenbahn,querlochstecker modelleisenbahn,0.7,google
2026-09-29,DE,Modelleisenbahn,modelleisenbahn h0e willhaben,0.699,bing
2026-09-29,DE,Modelleisenbahn,modelleisenbahn fertigbau mefb,0.689,google
2026-09-29,DE,Modelleisenbahn,modelleisenbahn verkaufen preise,0.689,google
2026-09-29,DE,Modelleisenbahn,modelleisenbahn wangen im allgäu,0.689,google
2026-09-29,DE,Modelleisenbahn,modelleisenbahn fürth,0.688,google
2026-09-29,DE,Modelleisenbahn,modelleisenbahn laden,0.688,google
2026-09-29,DE,Modelleisenbahn,modelleisenbahn leer,0.682,bing
2026-09-29,DE,Modelleisenbahn,modelleisenbahn knittelfeld,0.679,bing
2026-09-29,DE,Modelleisenbahn,modelleisenbahn trix,0.678,google
2026-09-29,DE,Modelleisenbahn,modelleisenbahn anlagen,0.675,bing
2026-09-29,DE,Modelleisenbahn,modelleisenbahn tt ebay,0.675,bing
2026-09-29,DE,Modelleisenbahn,modelleisenbahn fleischmann h0,0.673,bing
2026-09-29,DE,Modelleisenbahn,modelleisenbahn videos h0 neue,0.673,bing
2026-09-29,DE,Modelleisenbahn,modelleisenbahn wunderland hamburg,0.673,bing
2026-09-29,DE,Modelleisenbahn,quelle modelleisenbahn,0.67,google
2026-09-29,DE,Modelleisenbahn,modelleisenbahn h0 gebraucht,0.669,google
2026-09-29,DE,Modelleisenbahn,modelleisenbahn interlaken,0.669,bing
2026-09-29,DE,Modelleisenbahn,modelleisenbahn bilder,0.665,bing
2026-09-29,DE,Modelleisenbahn,modelleisenbahn kalender 2027 bild und heimat,0.664,"google,bing"
2026-09-29,DE,Modelleisenbahn,modelleisenbahn planungssoftware,0.656,"google,bing"
2026-09-29,DE,Modelleisenbahn,modelleisenbahn cäsar,0.655,bing
2026-09-29,DE,Modelleisenbahn,modelleisenbahn nießen,0.653,google
2026-09-29,DE,Modelleisenbahn,modelleisenbahn börse 2026,0.649,google
2026-09-29,DE,Modelleisenbahn,modelleisenbahn tt forum,0.649,bing
2026-09-29,DE,Modelleisenbahn,modelleisenbahn linz,0.645,bing
2026-09-29,DE,Modelleisenbahn,modelleisenbahn landschaft selber bauen,0.644,google
2026-09-29,DE,Modelleisenbahn,modelleisenbahn landschaftsbau,0.636,bing
2026-09-29,DE,Modelleisenbahn,modelleisenbahn tt komplettanlage,0.636,bing
2026-09-29,DE,Modelleisenbahn,modelleisenbahn gebraucht.de,0.624,google
2026-09-29,DE,Modelleisenbahn,modelleisenbahn tt kaufen,0.623,bing
2026-09-29,DE,Modelleisenbahn,modelleisenbahn gebraucht kaufen,0.611,"google,bing"
2026-09-29,DE,Modelleisenbahn,modelleisenbahn calw,0.609,bing
2026-09-29,DE,Modelleisenbahn,modelleisenbahnladen,0.609,bing
2026-09-29,DE,Modelleisenbahn,modelleisenbahn börsen 2026,0.606,bing
2026-09-29,DE,Modelleisenbahn,modelleisenbahn in hamburg,0.604,google
2026-09-29,DE,Modelleisenbahn,modelleisenbahn wunderland,0.604,google
2026-09-29,DE,Modelleisenbahn,modelleisenbahn clipart,0.603,bing
2026-09-29,DE,Modelleisenbahn,modelleisenbahn leipzig,0.603,bing
2026-09-29,DE,Modelleisenbahn,modelleisenbahn bauen anfänger,0.6,google
2026-09-29,DE,Modelleisenbahn,modelleisenbahn club in der nähe,0.6,bing
2026-09-29,DE,Modelleisenbahn,modelleisenbahn noch,0.6,"google,bing"
2026-09-29,DE,Modelleisenbahn,modelleisenbahn quietscht,0.6,google
2026-09-29,DE,Modelleisenbahn,modelleisenbahn tisch,0.599,google
2026-09-29,DE,Modelleisenbahn,modelleisenbahn wuppertal,0.586,bing
2026-09-29,DE,Modelleisenbahn,modelleisenbahn köln,0.573,bing
2026-09-29,DE,Modelleisenbahn,modelleisenbahn neuheiten 2026,0.567,"google,bing"
2026-09-29,DE,Modelleisenbahn,modelleisenbahn youtube,0.566,bing
2026-09-29,DE,Modelleisenbahn,modelleisenbahn kinder,0.564,google
2026-09-29,DE,Modelleisenbahn,modelleisenbahn im allgäu,0.561,"google,bing"
2026-09-29,DE,Modelleisenbahn,modelleisenbahn landschaft,0.56,google
2026-09-29,DE,Modelleisenbahn,modelleisenbahn börse,0.554,google
2026-09-29,DE,Modelleisenbahn,modelleisenbahn trafo,0.554,google
2026-09-29,DE,Modelleisenbahn,modelleisenbahn lgb,0.546,"google,bing"
2026-09-29,DE,Modelleisenbahn,modelleisenbahn platte,0.52,google
2026-09-29,DE,Modelleisenbahn,modelleisenbahn komplettanlage,0.518,"google,bing"
2026-09-29,DE,Modelleisenbahn,modelleisenbahn wien,0.511,"google,bing"
2026-09-29,DE,Modelleisenbahn,modelleisenbahn wiehe,0.51,google
2026-09-29,DE,Modelleisenbahn,modelleisenbahn in wien,0.497,"google,bing"
2026-09-29,DE,Modelleisenbahn,xxl modelleisenbahn,0.49,google
2026-09-29,DE,Modelleisenbahn,modelleisenbahn gleispläne,0.482,"google,bing"
2026-09-29,DE,Modelleisenbahn,modelleisenbahn ausstellung in der nähe,0.478,"google,bing"
2026-09-29,DE,Modelleisenbahn,modelleisenbahn flohmarkt,0.472,"google,bing"
2026-09-29,DE,Modelleisenbahn,modelleisenbahn fleischmann,0.452,"google,bing"
2026-09-29,DE,Modelleisenbahn,modelleisenbahn ho,0.447,"google,bing"
2026-09-29,DE,Modelleisenbahn,modelleisenbahn größen,0.442,"google,bing"
2026-09-29,DE,Modelleisenbahn,modelleisenbahn planer kostenlos,0.433,"google,bing"
2026-09-29,DE,Modelleisenbahn,modelleisenbahn verein in der nähe,0.433,"google,bing"
2026-09-29,DE,Modelleisenbahn,modelleisenbahn kalender 2027,0.423,"google,bing"
2026-09-29,DE,Modelleisenbahn,modelleisenbahn nürnberg,0.418,"google,bing"
2026-09-29,DE,Modelleisenbahn,modelleisenbahn preise,0.402,"google,bing"
2026-09-29,DE,Modelleisenbahn,modelleisenbahn videos,0.398,"google,bing"
2026-09-29,DE,Modelleisenbahn,modelleisenbahn bauen,0.388,"google,bing"
2026-09-29,DE,Modelleisenbahn,modelleisenbahn im koffer,0.383,"google,bing"
2026-09-29,DE,Modelleisenbahn,modelleisenbahn gmbh,0.378,"google,bing"
2026-09-29,DE,Modelleisenbahn,modelleisenbahn wiki,0.378,"google,bing"
2026-09-29,DE,Modelleisenbahn,modelleisenbahn berlin,0.353,"google,bing"
2026-09-29,DE,Modelleisenbahn,modelleisenbahn nord,0.309,"google,bing"
2026-09-29,DE,Modelleisenbahn,modelleisenbahn lippe,0.299,"google,bing"
2026-09-29,DE,Modelleisenbahn,modelleisenbahn piko,0.289,"google,bing"
2026-09-29,DE,Modelleisenbahn,modelleisenbahn ice,0.279,"google,bing"
2026-09-29,DE,Modelleisenbahn,modelleisenbahn figuren,0.274,"google,bing"
2026-09-29,DE,Modelleisenbahn,modelleisenbahn quedlinburg,0.27,"google,bing"
2026-09-29,DE,Modelleisenbahn,modelleisenbahn n spur,0.264,"google,bing"
2026-09-29,DE,Modelleisenbahn,modelleisenbahn planer,0.264,"google,bing"
2026-09-29,DE,Modelleisenbahn,modelleisenbahn kaufen,0.22,"google,bing"
2026-09-29,DE,Modelleisenbahn,modelleisenbahn n,0.206,"google,bing"
2026-09-29,JP,古民家 DIY,youtube 家族で築 150 年の古民家再生,0.9,bing
2026-09-29,JP,盆栽,初盆に やってはいけない こと 浄土真宗,0.9,bing
2026-09-29,JP,古民家 DIY,そら ゆめさとがえり 古民家 diy,0.88,google
2026-09-29,JP,万年筆 インク,万年筆 インク カートリッジ 互換性,0.88,bing
2026-09-29,JP,万年筆 インク,万年筆 インク フラッシュ おすすめ,0.88,google
2026-09-29,JP,万年筆 インク,万年筆 インク ブルーブラック 人気,0.88,bing
2026-09-29,JP,万年筆 インク,万年筆 インク ブルーブラック 比較,0.88,bing
2026-09-29,JP,万年筆 インク,lamy 万年筆インクカートリッジ,0.87,bing
2026-09-29,JP,万年筆 インク,パイロット 万年筆 インク 350,0.87,google
2026-09-29,JP,万年筆 インク,万年筆 インク ペリカン レビュー,0.87,bing
2026-09-29,JP,万年筆 インク,万年筆 インク 使ってないのに減る,0.87,bing
2026-09-29,JP,盆栽,7月盆と8月 お盆 があるのは なぜ か,0.864,bing
2026-09-29,JP,古民家 DIY,diy 古民家再生 動画 きみこ,0.86,bing
2026-09-29,JP,万年筆 インク,万年筆 インク 初心者 おすすめ,0.86,google
2026-09-29,JP,古民家 DIY,古民家 風呂 リフォーム diy,0.86,bing
2026-09-29,JP,万年筆 インク,つけペン 万年筆 インク 違い,0.85,google
2026-09-29,JP,万年筆 インク,万年筆 インク 違う メーカー,0.85,google
2026-09-29,JP,古民家 DIY,古民家再生 diy ユーチューブ jp チャンネル,0.85,"bing,ddg"
2026-09-29,JP,万年筆 インク,無印 万年筆 インク 出 ない,0.85,google
2026-09-29,JP,盆栽,盆栽 水 やり できない 時,0.84,google
2026-09-29,JP,万年筆 インク,万年筆 インク 入れ方 パイロット,0.834,bing
2026-09-29,JP,万年筆 インク,万年筆 インク 補充 コンバーター,0.834,bing
2026-09-29,JP,万年筆 インク,カラー インク 万年筆 インク 違い,0.83,google
2026-09-29,JP,古民家 DIY,古民家 スケルトン diy,0.83,google
2026-09-29,JP,古民家 DIY,古民家 天井 断熱 diy,0.83,google
2026-09-29,JP,盆栽,盆栽 初心者 キット 道具,0.83,bing
2026-09-29,JP,盆栽,盆栽 手入れ 初心者 向け,0.83,bing
2026-09-29,JP,万年筆 インク,万年筆 インク 他社 製,0.82,google
2026-09-29,JP,万年筆 インク,万年筆 インク 経年劣化,0.82,google
2026-09-29,JP,古民家 DIY,古民家 吹き抜け diy,0.82,google
2026-09-29,JP,盆栽,盆栽 必要なもの 育て方,0.82,bing
2026-09-29,JP,万年筆 インク,万年筆 インクフロー 渋くする,0.814,bing
2026-09-29,JP,万年筆 インク,万年筆 インク ems,0.81,google
2026-09-29,JP,万年筆 インク,万年筆 インク 消費量,0.81,bing
2026-09-29,JP,万年筆 インク,万年筆 インク 詰まり,0.81,google
2026-09-29,JP,古民家 DIY,古民家 下駄箱 diy,0.81,google
2026-09-29,JP,古民家 DIY,古民家 暮らし diy 夫婦 ユーチューブ,0.81,"bing,ddg"
2026-09-29,JP,古民家 DIY,古民家を 自分一人で diyして完成 動画,0.81,"bing,ddg"
2026-09-29,JP,古民家 DIY,古民家再生 hobby and craft,0.81,"bing,ddg"
2026-09-29,JP,盆栽,盆栽 number_i,0.81,google
2026-09-29,JP,盆栽,盆栽 何年かかる 成長,0.81,bing
2026-09-29,JP,万年筆 インク,parker 万年筆 インク 出ない,0.807,bing
2026-09-29,JP,万年筆 インク,万年筆 インク 染め,0.8,google
2026-09-29,JP,万年筆 インク,万年筆 インク替え方,0.8,bing
2026-09-29,JP,古民家 DIY,古民家 窓枠 diy,0.8,google
2026-09-29,JP,盆栽,盆栽 の 見極め 方,0.8,google
2026-09-29,JP,盆栽,盆栽 クチナシ 剪定,0.8,bing
2026-09-29,JP,古民家 DIY,古民家 フローリング diy,0.796,google
2026-09-29,JP,盆栽,盆栽 手入れ 初心者 コツ,0.794,bing
2026-09-29,JP,万年筆 インク,万年筆 インク ボトル 最後まで使うには,0.791,bing
2026-09-29,JP,古民家 DIY,古民家 棚 diy,0.79,google
2026-09-29,JP,盆栽,盆栽 ナンバーアイ,0.79,google
2026-09-29,JP,盆栽,盆栽 初心者 黒松,0.79,google
2026-09-29,JP,盆栽,盆栽 自動水やり機,0.79,google
2026-09-29,JP,盆栽,盆栽 赤松 育て方,0.79,bing
2026-09-29,JP,盆栽,つくる・育てる・飾る 超ミニ盆栽,0.787,bing
2026-09-29,JP,万年筆 インク,セーラー 万年筆インク 紫,0.786,google
2026-09-29,JP,万年筆 インク,万年筆 インク 切れ 目安,0.786,google
2026-09-29,JP,盆栽,盆栽 初心者 キット 通販,0.786,bing
2026-09-29,JP,盆栽,盆栽 必要なもの 手入れ,0.784,bing
2026-09-29,JP,万年筆 インク,万年筆 インク 入れ方 カートリッジ,0.78,"bing,ddg"
2026-09-29,JP,万年筆 インク,万年筆 インク 入れ方 コンバーター,0.78,"bing,ddg"
2026-09-29,JP,古民家 DIY,古民家 キッチン リフォーム diy,0.78,"bing,ddg"
2026-09-29,JP,古民家 DIY,古民家diy ユーチュー バー 人気,0.78,"bing,ddg"
2026-09-29,JP,盆栽,梅 盆栽 9 月,0.78,google
2026-09-29,JP,盆栽,盆栽 よろずえん,0.78,bing
2026-09-29,JP,盆栽,盆栽 人気 種類,0.78,google
2026-09-29,JP,盆栽,盆栽 高級 1億,0.78,bing
2026-09-29,JP,万年筆 インク,万年筆 インクフロー 良くする,0.777,bing
2026-09-29,JP,盆栽,盆栽 何に使う 贈り物,0.774,bing
2026-09-29,JP,万年筆 インク,ガラス ペン 万年筆 インク 違い,0.77,google
2026-09-29,JP,万年筆 インク,万年筆 インク 種類 カートリッジ,0.77,"bing,ddg"
2026-09-29,JP,万年筆 インク,万年筆 インク 筆 塗り,0.77,google
2026-09-29,JP,盆栽,盆栽 の 種類,0.77,bing
2026-09-29,JP,盆栽,盆栽 アイドル,0.77,google
2026-09-29,JP,盆栽,盆栽 直射日光,0.77,bing
2026-09-29,JP,盆栽,盆栽 高いやつ,0.77,google
2026-09-29,JP,万年筆 インク,万年筆 インク 絵の具,0.766,google
2026-09-29,JP,万年筆 インク,万年筆 インク 消す,0.764,bing
2026-09-29,JP,万年筆 インク,万年筆 インク 楽しみ方,0.763,google
2026-09-29,JP,古民家 DIY,廃墟の古民家を diy で再生する田舎暮らし,0.763,"bing,ddg"
2026-09-29,JP,万年筆 インク,万年筆 インク 小分け 100均,0.76,"bing,ddg"
2026-09-29,JP,万年筆 インク,万年筆 使い始め インク 出ない,0.76,"bing,ddg"
2026-09-29,JP,盆栽,盆栽 ヒノキ,0.76,google
2026-09-29,JP,盆栽,盆栽 折り紙,0.76,bing
2026-09-29,JP,盆栽,盆栽 置き場,0.76,google
2026-09-29,JP,万年筆 インク,万年筆 インク 乾きにくい,0.757,bing
2026-09-29,JP,万年筆 インク,万年筆 インク 相場,0.756,google
2026-09-29,JP,万年筆 インク,万年筆 インク 通販,0.756,google
2026-09-29,JP,古民家 DIY,古民家 土壁 diy,0.756,google
2026-09-29,JP,古民家 DIY,古民家 外装 diy,0.756,google
2026-09-29,JP,古民家 DIY,古民家 浴室 diy,0.756,google
2026-09-29,JP,盆栽,盆栽 の 良し 悪し,0.756,google
2026-09-29,JP,万年筆 インク,万年筆 インク替え,0.754,bing
2026-09-29,JP,万年筆 インク,万年筆 インク 別 メーカー,0.751,google
2026-09-29,JP,古民家 DIY,youtube 古 民家 物件,0.75,"bing,ddg"
2026-09-29,JP,盆栽,お盆 を 滑ら なく する方法,0.75,"bing,ddg"
2026-09-29,JP,万年筆 インク,万年筆 インク 古い レビュー,0.75,"bing,ddg"
2026-09-29,JP,万年筆 インク,万年筆 インク 染み抜き 方法,0.75,"bing,ddg"
2026-09-29,JP,万年筆 インク,万年筆 インク切れ,0.75,bing
2026-09-29,JP,万年筆 インク,万年筆 インク蒸発を防ぐ方法は,0.75,"bing,ddg"
2026-09-29,JP,古民家 DIY,古民家 薪ストーブ diy,0.75,google
2026-09-29,JP,盆栽,盆栽 展示,0.75,google
2026-09-29,JP,盆栽,盆栽 用語,0.75,google
2026-09-29,JP,万年筆 インク,パイロット 万年筆 インク 30ml,0.747,google
2026-09-29,JP,万年筆 インク,万年筆 インク 補充方法,0.747,bing
2026-09-29,JP,古民家 DIY,古民家 リノベーション diy 費用,0.747,google
2026-09-29,JP,盆栽,盆栽 必要なもの 初心者,0.747,bing
2026-09-29,JP,盆栽,盆栽 手入れ ベスト方法,0.747,bing
2026-09-29,JP,古民家 DIY,diy で楽しむ空き家再生古民家リノベ,0.746,"bing,ddg"
2026-09-29,JP,盆栽,万博 盆栽 9 月,0.746,google
2026-09-29,JP,盆栽,盆栽 ジンの作り方,0.746,bing
2026-09-29,JP,盆栽,盆栽 初心者 種類,0.746,google
2026-09-29,JP,万年筆 インク,万年筆 インク エメラルド,0.741,google
2026-09-29,JP,万年筆 インク,万年筆 インクフロー 良すぎる,0.741,bing
2026-09-29,JP,古民家 DIY,古民家 床下 断熱 diy,0.741,google
2026-09-29,JP,盆栽,盆栽 初心者 どこで 買う,0.741,google
2026-09-29,JP,古民家 DIY,diy 古民家リノベーション,0.74,"bing,ddg"
2026-09-29,JP,古民家 DIY,diy 古民家再生動画きみこ,0.74,"bing,ddg"
2026-09-29,JP,万年筆 インク,万年筆 インク 服 落とし方,0.74,google
2026-09-29,JP,盆栽,盆栽 ニュース docomo,0.74,"bing,ddg"
2026-09-29,JP,盆栽,盆栽 初心者 おすすめ 種類,0.74,"bing,ddg"
2026-09-29,JP,盆栽,盆栽 ネット販売,0.736,google
2026-09-29,JP,盆栽,盆栽 必要な道具,0.736,google
2026-09-29,JP,盆栽,初盆に やってはいけない こと 浄土宗,0.733,"bing,ddg"
2026-09-29,JP,万年筆 インク,万年筆 インク 空ボトル,0.731,google
2026-09-29,JP,万年筆 インク,lamy 万年筆インク補充,0.73,"bing,ddg"
2026-09-29,JP,万年筆 インク,万年筆 インク 水で薄める,0.73,"bing,ddg"
2026-09-29,JP,万年筆 インク,万年筆 インク オーダー メイド,0.727,google
2026-09-29,JP,盆栽,盆栽 何に使う 趣味,0.727,bing
2026-09-29,JP,盆栽,盆栽 ヤフオク,0.726,bing
2026-09-29,JP,盆栽,盆栽 引き取り,0.726,bing
2026-09-29,JP,盆栽,盆栽 譲ります,0.726,google
2026-09-29,JP,万年筆 インク,万年筆 書き出し インク 出ない,0.724,"bing,ddg"
2026-09-29,JP,盆栽,盆栽 お祝い,0.724,bing
2026-09-29,JP,盆栽,盆栽 日よけ,0.724,bing
2026-09-29,JP,万年筆 インク,万年筆 インク 出ない カートリッジ,0.723,"bing,ddg"
2026-09-29,JP,万年筆 インク,万年筆 インク 付け方,0.721,google
2026-09-29,JP,古民家 DIY,diy 古民家リフォーム,0.72,"bing,ddg"
2026-09-29,JP,万年筆 インク,万年筆 インク カートリッジ メーカー 違い,0.72,google
2026-09-29,JP,万年筆 インク,万年筆 インク カートリッジ 違い,0.72,google
2026-09-29,JP,盆栽,盆栽 手入れ 簡単 種類,0.72,"bing,ddg"
2026-09-29,JP,盆栽,盆栽 ぬいぐるみ ガチャガチャ,0.717,google
2026-09-29,JP,万年筆 インク,万年筆 インク ターコイズ,0.716,google
2026-09-29,JP,盆栽,盆栽 アプリ,0.716,google
2026-09-29,JP,万年筆 インク,万年筆 インク 出ない かすれ,0.714,"bing,ddg"
2026-09-29,JP,盆栽,盆栽 起源,0.714,bing
2026-09-29,JP,盆栽,お盆は、いつからいつまで,0.711,bing
2026-09-29,JP,万年筆 インク,万年筆 インク むら,0.711,google
2026-09-29,JP,万年筆 インク,万年筆 インク 消費期限,0.711,bing
2026-09-29,JP,古民家 DIY,古民家 外観 diy,0.711,google
2026-09-29,JP,古民家 DIY,古民家 風呂 diy,0.711,google
2026-09-29,JP,盆栽,盆栽 手入れ 簡単 道具,0.711,bing
2026-09-29,JP,盆栽,盆栽 樹齢1000年,0.711,google
2026-09-29,JP,古民家 DIY,diy 古民家再生動画,0.71,"bing,ddg"
2026-09-29,JP,万年筆 インク,万年筆 インク 消し方,0.71,google
2026-09-29,JP,盆栽,盆栽 必要な道具 種類,0.71,"bing,ddg"
2026-09-29,JP,万年筆 インク,万年筆 インク 絵 を 描く,0.707,google
2026-09-29,JP,古民家 DIY,古民家 屋根葺き替え diy,0.707,google
2026-09-29,JP,古民家 DIY,古民家 玄関 引き戸 diy,0.707,google
2026-09-29,JP,盆栽,盆栽 懸崖,0.706,google
2026-09-29,JP,盆栽,盆栽 農家,0.706,bing
2026-09-29,JP,盆栽,盆栽 鉄平,0.706,google
2026-09-29,JP,万年筆 インク,万年筆 インク 出ない 固まった,0.703,"bing,ddg"
2026-09-29,JP,盆栽,盆栽 何年かかる 完成,0.701,bing
2026-09-29,JP,盆栽,盆栽 必要なもの 道具,0.701,bing
2026-09-29,JP,盆栽,黒松 盆栽 9 月,0.701,google
2026-09-29,JP,万年筆 インク,万年筆 インク 寿命,0.7,"bing,ddg"
2026-09-29,JP,万年筆 インク,万年筆 インク 携帯,0.7,"bing,ddg"
2026-09-29,JP,万年筆 インク,万年筆 インク 海外,0.7,"bing,ddg"
2026-09-29,JP,万年筆 インク,万年筆 インク 蒸発,0.7,"bing,ddg"
2026-09-29,JP,盆栽,盆栽 何が楽しい魅力,0.7,"bing,ddg"
2026-09-29,JP,盆栽,盆栽 卓,0.696,google
2026-09-29,JP,万年筆 インク,lamy 万年筆インク交換方法,0.693,"bing,ddg"
2026-09-29,JP,万年筆 インク,万年筆 インク 店舗,0.691,bing
2026-09-29,JP,万年筆 インク,万年筆 インク 洗濯,0.691,bing
2026-09-29,JP,盆栽,盆栽 オンライン,0.691,google
2026-09-29,JP,盆栽,盆栽 手入れ不要,0.691,google
2026-09-29,JP,万年筆 インク,万年筆 インク 黒,0.69,"bing,ddg"
2026-09-29,JP,万年筆 インク,万年筆インク 染料,0.69,"bing,ddg"
2026-09-29,JP,万年筆 インク,万年筆インク 福袋,0.69,"bing,ddg"
2026-09-29,JP,古民家 DIY,古民家diy 失敗,0.69,"bing,ddg"
2026-09-29,JP,万年筆 インク,万年筆 インク つけペン,0.687,google
2026-09-29,JP,古民家 DIY,古民家 電気配線 diy,0.687,google
2026-09-29,JP,盆栽,盆栽 お土産,0.687,bing
2026-09-29,JP,盆栽,盆栽 網伏せ,0.687,bing
2026-09-29,JP,万年筆 インク,万年筆 インク 落とし方 服,0.683,"bing,ddg"
2026-09-29,JP,盆栽,盆栽 初心者 おすすめ 室内,0.683,"bing,ddg"
2026-09-29,JP,盆栽,盆栽 盗み,0.683,google
2026-09-29,JP,万年筆 インク,万年筆 インク成分,0.681,bing
2026-09-29,JP,盆栽,盆栽 の 正面,0.681,google
2026-09-29,JP,盆栽,盆栽 木の種類,0.681,google
2026-09-29,JP,盆栽,盆栽 楽しみ方,0.681,google
2026-09-29,JP,万年筆 インク,万年筆インク 海,0.68,"bing,ddg"
2026-09-29,JP,盆栽,盆栽 有名な場所,0.68,"bing,ddg"
2026-09-29,JP,盆栽,盆栽 世界 9 月 号,0.677,google
2026-09-29,JP,盆栽,盆栽 壁紙,0.677,bing
2026-09-29,JP,盆栽,盆栽 庭園,0.677,bing
2026-09-29,JP,古民家 DIY,古民家を diy で再生する田舎暮らし,0.676,"bing,ddg"
2026-09-29,JP,古民家 DIY,古民家 屋根 葺き替え diy,0.672,google
2026-09-29,JP,盆栽,盆栽 日本一,0.671,google
2026-09-29,JP,盆栽,盆栽 やっとこ,0.67,"bing,ddg"
2026-09-29,JP,盆栽,盆栽 ジオラマ,0.67,"bing,ddg"
2026-09-29,JP,盆栽,盆栽 ジョウロ,0.67,"google,bing"
2026-09-29,JP,盆栽,盆栽 日当たり,0.67,"google,bing"
2026-09-29,JP,万年筆 インク,万年筆 インク ムラ,0.667,google
2026-09-29,JP,万年筆 インク,万年筆 インク 空色,0.667,google
2026-09-29,JP,万年筆 インク,万年筆 インク 使用期限,0.663,"bing,ddg"
2026-09-29,JP,盆栽,盆栽 手入れ 簡単 方法,0.663,"bing,ddg"
2026-09-29,JP,万年筆 インク,万年筆 インク 紫 おすすめ,0.662,google
2026-09-29,JP,盆栽,盆栽 太くする,0.661,bing
2026-09-29,JP,万年筆 インク,万年筆 インク 筆ペン,0.66,google
2026-09-29,JP,古民家 DIY,古民家 耐震補強 diy,0.66,google
2026-09-29,JP,盆栽,youtube 盆栽 楓 植え替え,0.656,"bing,ddg"
2026-09-29,JP,万年筆 インク,顔料インクと染料インクの違い万年筆,0.656,"bing,ddg"
2026-09-29,JP,万年筆 インク,万年筆 インク 人気色,0.653,"bing,ddg"
2026-09-29,JP,盆栽,盆栽 必要なもの 室内,0.653,"bing,ddg"
2026-09-29,JP,古民家 DIY,古民家 床張り替え diy,0.652,google
2026-09-29,JP,盆栽,盆栽 雨,0.651,google
2026-09-29,JP,万年筆 インク,万年筆 インク メーカー 違い,0.65,"bing,google,ddg"
2026-09-29,JP,盆栽,盆栽 農地,0.65,"bing,ddg"
2026-09-29,JP,盆栽,盆栽 ジンシャリ,0.647,google
2026-09-29,JP,盆栽,盆栽 テラリウム,0.647,google
2026-09-29,JP,万年筆 インク,万年筆 インク 処分,0.643,"bing,ddg"
2026-09-29,JP,万年筆 インク,万年筆 インク 種類,0.643,"bing,ddg"
2026-09-29,JP,盆栽,盆栽 何が楽しい趣味,0.643,"bing,ddg"
2026-09-29,JP,盆栽,盆栽 太い幹を曲げる,0.643,"bing,ddg"
2026-09-29,JP,古民家 DIY,古民家 ガレージ diy,0.642,google
2026-09-29,JP,盆栽,盆栽 愛媛,0.641,bing
2026-09-29,JP,盆栽,盆栽 鬼無,0.641,bing
2026-09-29,JP,万年筆 インク,万年筆 インク 選び方,0.637,"google,bing"
2026-09-29,JP,盆栽,盆栽 棚 屋外,0.637,google
2026-09-29,JP,盆栽,盆栽 アパレル,0.634,"google,bing"
2026-09-29,JP,盆栽,盆栽 タトゥー,0.634,"google,bing"
2026-09-29,JP,万年筆 インク,万年筆 インク 作り方,0.632,google
2026-09-29,JP,万年筆 インク,万年筆 インク 染め物,0.632,google
2026-09-29,JP,万年筆 インク,万年筆 インク 珍しい,0.632,google
2026-09-29,JP,万年筆 インク,万年筆 インク 他社,0.629,google
2026-09-29,JP,盆栽,盆栽 の歴史,0.627,google
2026-09-29,JP,盆栽,盆栽 二重鉢,0.627,google
2026-09-29,JP,万年筆 インク,lamy 万年筆インク出ない,0.626,"bing,ddg"
2026-09-29,JP,万年筆 インク,万年筆 インク 落とし方 手,0.626,"bing,ddg"
2026-09-29,JP,万年筆 インク,万年筆インク 筆,0.623,"bing,ddg"
2026-09-29,JP,古民家 DIY,古民家 台所 diy,0.622,google
2026-09-29,JP,盆栽,盆栽 用土,0.617,google
2026-09-29,JP,万年筆 インク,万年筆 インクフロー 比較,0.616,"bing,ddg"
2026-09-29,JP,盆栽,盆栽 初心者 おすすめ 本,0.616,"bing,ddg"
2026-09-29,JP,万年筆 インク,万年筆 インク エーデル シュタイン,0.613,google
2026-09-29,JP,盆栽,盆栽 やじま園,0.613,"bing,ddg"
2026-09-29,JP,盆栽,盆栽 日本文化,0.613,"bing,ddg"
2026-09-29,JP,盆栽,盆栽 amazon,0.612,google
2026-09-29,JP,盆栽,盆栽 町 99 3,0.612,google
2026-09-29,JP,万年筆 インク,万年筆 インク付き,0.61,"bing,ddg"
2026-09-29,JP,万年筆 インク,万年筆 ボールペン インク 違い,0.61,google
2026-09-29,JP,盆栽,盆栽 肥料 ホームセンター,0.608,google
2026-09-29,JP,万年筆 インク,万年筆 インク 水に強い,0.606,"bing,ddg"
2026-09-29,JP,盆栽,盆栽 手入れ 簡単 コツ,0.606,"bing,ddg"
2026-09-29,JP,盆栽,盆栽の育て方,0.603,"bing,ddg"
2026-09-29,JP,盆栽,盆栽 の 目利き,0.602,google
2026-09-29,JP,盆栽,盆栽 ニューエラ,0.602,google
2026-09-29,JP,盆栽,盆栽 肥料ケース,0.602,google
2026-09-29,JP,盆栽,盆栽 自動水やり,0.602,google
2026-09-29,JP,万年筆 インク,万年筆 インク 振る,0.6,google
2026-09-29,JP,古民家 DIY,古民家 diy 手順,0.6,google
2026-09-29,JP,万年筆 インク,万年筆 インクフローを良くする方法,0.599,"bing,ddg"
2026-09-29,JP,万年筆 インク,万年筆顔料インクと染料インクの違い,0.599,"bing,ddg"
2026-09-29,JP,万年筆 インク,万年筆 インク メルカリ,0.598,google
2026-09-29,JP,万年筆 インク,万年筆 インク 使い切る,0.598,google
2026-09-29,JP,古民家 DIY,古民家 玄関ドア diy,0.598,google
2026-09-29,JP,盆栽,盆栽 の 作り方 初心者,0.598,google
2026-09-29,JP,盆栽,盆栽 タックル,0.597,"google,bing"
2026-09-29,JP,盆栽,盆栽 youtuber,0.596,"bing,ddg"
2026-09-29,JP,万年筆 インク,万年筆 インク メーカー 揃える,0.593,google
2026-09-29,JP,盆栽,盆栽 岡崎,0.593,"bing,ddg"
2026-09-29,JP,盆栽,盆栽 浅鉢,0.593,"bing,ddg"
2026-09-29,JP,盆栽,盆栽 置き場所,0.592,google
2026-09-29,JP,万年筆 インク,万年筆 インク 水性,0.591,"bing,ddg"
2026-09-29,JP,古民家 DIY,古民家 寒さ 対策 diy,0.59,google
2026-09-29,JP,古民家 DIY,古民家 窓 diy,0.59,google
2026-09-29,JP,盆栽,盆栽 アーティスト,0.59,"google,bing,ddg"
2026-09-29,JP,万年筆 インク,万年筆 インク 出ない プラチナ,0.589,"bing,ddg"
2026-09-29,JP,万年筆 インク,万年筆 インク 紫式部,0.588,google
2026-09-29,JP,古民家 DIY,古民家 引き戸 diy,0.588,google
2026-09-29,JP,万年筆 インク,万年筆 インク 人気,0.586,"bing,ddg"
2026-09-29,JP,万年筆 インク,万年筆 インク 比較,0.586,"bing,ddg"
2026-09-29,JP,盆栽,盆栽 何が楽しい理由,0.586,"bing,ddg"
2026-09-29,JP,万年筆 インク,万年筆 インク 掃除,0.578,google
2026-09-29,JP,万年筆 インク,万年筆 インク 英語,0.578,google
2026-09-29,JP,古民家 DIY,古民家 diy 屋根,0.578,google
2026-09-29,JP,古民家 DIY,古民家 土間 diy,0.578,google
2026-09-29,JP,万年筆 インク,万年筆 インク 色,0.576,"bing,ddg"
2026-09-29,JP,万年筆 インク,万年筆 インク充填,0.576,"bing,ddg"
2026-09-29,JP,古民家 DIY,古民家diy 日南,0.576,"bing,ddg"
2026-09-29,JP,盆栽,盆栽 ジンとシャリ,0.576,"bing,ddg"
2026-09-29,JP,古民家 DIY,古民家 床 張り替え diy,0.573,google
2026-09-29,JP,盆栽,盆栽 高い,0.572,google
2026-09-29,JP,盆栽,盆栽 オブジェ,0.57,"google,bing,ddg"
2026-09-29,JP,盆栽,盆栽 タネから,0.57,"google,bing,ddg"
2026-09-29,JP,古民家 DIY,diylog 古民家 diy,0.569,"bing,ddg"
2026-09-29,JP,万年筆 インク,万年筆 インク エメラルド グリーン,0.569,google
2026-09-29,JP,万年筆 インク,万年筆 インク 専門店 東京,0.569,"bing,ddg"
2026-09-29,JP,盆栽,盆栽・伝統園芸植物の鑑賞知識,0.569,"bing,ddg"
2026-09-29,JP,盆栽,盆栽 初心者 値段,0.568,google
2026-09-29,JP,万年筆 インク,万年筆 インク 耐水性 ラミー,0.564,google
2026-09-29,JP,万年筆 インク,万年筆 インク 350ml,0.563,google
2026-09-29,JP,古民家 DIY,古民家 外壁 塗装 diy,0.563,google
2026-09-29,JP,盆栽,盆栽 店,0.562,google
2026-09-29,JP,盆栽,盆栽 苗,0.562,google
2026-09-29,JP,盆栽,youtube 盆栽 寄せ植え 楓盆栽,0.561,"bing,ddg"
2026-09-29,JP,盆栽,盆栽 日光,0.561,"google,bing"
2026-09-29,JP,万年筆 インク,万年筆 インク 冬将軍,0.56,google
2026-09-29,JP,万年筆 インク,万年筆 インク 顔料 染料 違い,0.56,google
2026-09-29,JP,盆栽,盆栽 キット,0.56,"google,bing,ddg"
2026-09-29,JP,万年筆 インク,万年筆 インク 水性 油性,0.559,"bing,ddg"
2026-09-29,JP,万年筆 インク,万年筆 インク 速乾 カートリッジ,0.559,google
2026-09-29,JP,盆栽,盆栽 鉢 9 号,0.558,google
2026-09-29,JP,盆栽,盆栽 耐用年数,0.556,"bing,ddg"
2026-09-29,JP,万年筆 インク,万年筆 インク 継ぎ足し,0.553,google
2026-09-29,JP,盆栽,盆栽 購入,0.55,"google,bing,ddg"
2026-09-29,JP,万年筆 インク,万年筆 インク 入れ替え,0.549,"bing,ddg"
2026-09-29,JP,古民家 DIY,古民家 diy youtuber,0.549,google
2026-09-29,JP,古民家 DIY,古民家 外壁 リフォーム diy,0.549,google
2026-09-29,JP,盆栽,盆栽 手入れ 手順 剪定,0.549,"bing,ddg"
2026-09-29,JP,盆栽,盆栽の作り方,0.546,"bing,ddg"
2026-09-29,JP,万年筆 インク,万年筆 インク 速乾性,0.543,google
2026-09-29,JP,盆栽,盆栽 価格,0.541,"google,bing"
2026-09-29,JP,万年筆 インク,万年筆 インク メーカー 特徴,0.539,google
2026-09-29,JP,盆栽,盆栽 山採り,0.538,google
2026-09-29,JP,盆栽,盆栽 人工,0.536,"bing,ddg"
2026-09-29,JP,盆栽,盆栽 西川,0.536,"bing,ddg"
2026-09-29,JP,古民家 DIY,古民家 diy 予算,0.533,google
2026-09-29,JP,古民家 DIY,古民家 diy 道具,0.533,google
2026-09-29,JP,盆栽,盆栽 日除け 作り方,0.533,google
2026-09-29,JP,万年筆 インク,万年筆 インク 一覧,0.529,"bing,ddg"
2026-09-29,JP,万年筆 インク,万年筆 インク 東京,0.529,"bing,ddg"
2026-09-29,JP,万年筆 インク,万年筆 インク詰まり,0.529,"bing,ddg"
2026-09-29,JP,盆栽,盆栽 何が楽しいのか,0.529,"bing,ddg"
2026-09-29,JP,盆栽,盆栽 体験,0.528,google
2026-09-29,JP,盆栽,盆栽 入門,0.528,google
2026-09-29,JP,盆栽,盆栽 樹齢,0.528,google
2026-09-29,JP,盆栽,盆栽 ジンとは,0.526,"google,bing,ddg"
2026-09-29,JP,万年筆 インク,万年筆インク メーカーが同じでなくてもいい,0.524,"bing,ddg"
2026-09-29,JP,万年筆 インク,万年筆 インク 昔,0.523,google
2026-09-29,JP,盆栽,盆栽 初心者 教室,0.523,google
2026-09-29,JP,万年筆 インク,万年筆インク 英語,0.519,"bing,ddg"
2026-09-29,JP,万年筆 インク,万年筆 インク ターコイズブルー,0.517,google
2026-09-29,JP,古民家 DIY,古民家を自分一人で diy して完成動画,0.514,"bing,ddg"
2026-09-29,JP,盆栽,盆栽 9月の作業,0.513,google
2026-09-29,JP,盆栽,盆栽 値段 高級,0.513,google
2026-09-29,JP,万年筆 インク,万年筆 インク ケース,0.51,google
2026-09-29,JP,盆栽,盆栽 ヤマモミジ,0.509,"bing,ddg"
2026-09-29,JP,盆栽,盆栽 日本,0.506,"google,bing,ddg"
2026-09-29,JP,盆栽,趣味が盆栽という人ほど、お金持ちである,0.504,"bing,ddg"
2026-09-29,JP,盆栽,盆栽 寄せ植え,0.503,google
2026-09-29,JP,盆栽,盆栽 有名人,0.503,"bing,ddg,google"
2026-09-29,JP,盆栽,盆栽 盗まれた,0.503,google
2026-09-29,JP,万年筆 インク,ガラスペン万年筆インク違い,0.501,"bing,ddg"
2026-09-29,JP,盆栽,181 0001 東京都三鷹市井の頭 2 丁目 27 − 9 小品盆栽季の風,0.5,"bing,ddg"
2026-09-29,JP,万年筆 インク,万年筆 インク 使い方,0.499,google
2026-09-29,JP,盆栽,盆栽 じょうろ,0.499,"bing,ddg"
2026-09-29,JP,盆栽,盆栽 枯れる,0.493,google
2026-09-29,JP,盆栽,盆栽 買取,0.493,"google,bing,ddg"
2026-09-29,JP,万年筆 インク,万年筆インク ターコイズ,0.491,"bing,ddg"
2026-09-29,JP,万年筆 インク,万年筆 インク 向き,0.489,google
2026-09-29,JP,古民家 DIY,古民家 diy 断熱,0.489,google
2026-09-29,JP,盆栽,盆栽 9月 植え替え,0.489,google
2026-09-29,JP,盆栽,盆栽 人気ランキング,0.489,google
2026-09-29,JP,盆栽,盆栽 農水省,0.489,"bing,ddg"
2026-09-29,JP,古民家 DIY,古民家 diy 動画,0.486,"bing,ddg,google"
2026-09-29,JP,万年筆 インク,染料インクと顔料インクの違い万年筆,0.484,"bing,ddg"
2026-09-29,JP,盆栽,盆栽 偽物,0.483,google
2026-09-29,JP,盆栽,盆栽 屋内,0.483,google
2026-09-29,JP,盆栽,盆栽 延岡,0.483,google
2026-09-29,JP,盆栽,盆栽 手入れ 手順 松,0.481,"bing,ddg"
2026-09-29,JP,古民家 DIY,古民家 diy 柱,0.479,google
2026-09-29,JP,盆栽,盆栽 初心者 室内,0.479,google
2026-09-29,JP,盆栽,盆栽 岡山,0.479,"bing,ddg"
2026-09-29,JP,盆栽,盆栽 海外,0.479,"bing,ddg"
2026-09-29,JP,盆栽,盆栽 盗難,0.479,"bing,ddg"
2026-09-29,JP,盆栽,盆栽 高松,0.479,"bing,ddg"
2026-09-29,JP,万年筆 インク,プラチナ万年筆 3776 センチュリーインク,0.477,"bing,ddg"
2026-09-29,JP,古民家 DIY,さとゆめさとがえり古民家 diy,0.474,"bing,ddg"
2026-09-29,JP,万年筆 インク,万年筆 インク 原料,0.471,"bing,ddg"
2026-09-29,JP,万年筆 インク,万年筆 インク 安い,0.471,"bing,ddg"
2026-09-29,JP,万年筆 インク,万年筆 インク 文豪,0.471,"bing,ddg"
2026-09-29,JP,万年筆 インク,万年筆 インクつける,0.471,"bing,ddg"
2026-09-29,JP,盆栽,盆栽 やり方,0.471,"google,bing,ddg"
2026-09-29,JP,盆栽,盆栽 何に使う 意味,0.471,"bing,ddg"
2026-09-29,JP,古民家 DIY,古民家 diy 畳,0.47,google
2026-09-29,JP,盆栽,盆栽 何年かかる,0.469,google
2026-09-29,JP,盆栽,盆栽 肥料 時期,0.469,google
2026-09-29,JP,盆栽,盆栽 赤玉土だけ,0.466,"google,bing,ddg"
2026-09-29,JP,万年筆 インク,万年筆 インク メーカー,0.464,google
2026-09-29,JP,万年筆 インク,万年筆 インク 詰め替え,0.464,google
2026-09-29,JP,盆栽,盆栽 日陰,0.461,"google,bing,ddg"
2026-09-29,JP,盆栽,盆栽 の育て方,0.459,google
2026-09-29,JP,盆栽,盆栽 オリーブ,0.456,"google,bing,ddg"
2026-09-29,JP,古民家 DIY,古民家diy 壁,0.451,"bing,ddg"
2026-09-29,JP,古民家 DIY,古民家diy体験,0.451,"bing,ddg"
2026-09-29,JP,盆栽,盆栽 jetro,0.451,"bing,ddg"
2026-09-29,JP,盆栽,盆栽 展示会,0.449,google
2026-09-29,JP,盆栽,盆栽 ぬいぐるみ,0.447,"google,bing,ddg"
2026-09-29,JP,盆栽,盆栽 初心者 松,0.447,"google,bing,ddg"
2026-09-29,JP,万年筆 インク,万年筆 インク 無印,0.444,google
2026-09-29,JP,万年筆 インク,万年筆 インク 素材,0.444,google
2026-09-29,JP,古民家 DIY,古民家 diy 玄関,0.444,google
2026-09-29,JP,古民家 DIY,1 万円で買った古民家 diy 動画,0.437,"bing,ddg"
2026-09-29,JP,盆栽,盆栽 盗まれる,0.437,google
2026-09-29,JP,盆栽,盆栽 有名,0.436,"bing,ddg,google"
2026-09-29,JP,盆栽,盆栽 高級,0.436,"google,bing,ddg"
2026-09-29,JP,盆栽,盆栽 数え方,0.431,"bing,ddg"
2026-09-29,JP,盆栽,盆栽 初心者 もみじ,0.429,"google,bing,ddg"
2026-09-29,JP,盆栽,盆栽 日除け,0.427,"google,bing,ddg"
2026-09-29,JP,盆栽,盆栽 手入れ 手順 冬,0.424,"bing,ddg"
2026-09-29,JP,盆栽,盆栽 人口,0.421,"bing,ddg"
2026-09-29,JP,盆栽,盆栽 高額,0.421,"bing,ddg"
2026-09-29,JP,万年筆 インク,万年筆 インク 30ml,0.42,google
2026-09-29,JP,万年筆 インク,万年筆 インク エルバン,0.42,google
2026-09-29,JP,古民家 DIY,古民家 diy インスタ,0.42,google
2026-09-29,JP,古民家 DIY,そらゆめさとがえり古民家 diy,0.417,"bing,ddg"
2026-09-29,JP,盆栽,はじめての盆栽 つくり方&育て方,0.417,"bing,ddg"
2026-09-29,JP,盆栽,盆栽 初心者 キット,0.414,"bing,ddg"
2026-09-29,JP,盆栽,盆栽 肥料 おすすめ,0.414,"bing,ddg"
2026-09-29,JP,万年筆 インク,万年筆 インク 絵,0.412,"google,bing,ddg"
2026-09-29,JP,万年筆 インク,万年筆 インク 代わり,0.41,google
2026-09-29,JP,万年筆 インク,万年筆 インク 初心者,0.41,google
2026-09-29,JP,万年筆 インク,万年筆 インク 消せる,0.41,google
2026-09-29,JP,盆栽,盆栽 に できない 木,0.41,google
2026-09-29,JP,万年筆 インク,カクノ 万年筆 インク 出ない,0.407,"bing,ddg"
2026-09-29,JP,万年筆 インク,万年筆 インク メーカー 比較,0.407,"bing,ddg"
2026-09-29,JP,万年筆 インク,万年筆インク 通販,0.404,"bing,ddg"
2026-09-29,JP,万年筆 インク,万年筆 インク 月夜,0.4,google
2026-09-29,JP,万年筆 インク,万年筆 インク 自作,0.4,google
2026-09-29,JP,万年筆 インク,万年筆 インク 蛍光,0.4,"google,bing,ddg"
2026-09-29,JP,万年筆 インク,万年筆 インク 違い,0.4,google
2026-09-29,JP,古民家 DIY,古民家 diy 天井,0.4,google
2026-09-29,JP,古民家 DIY,古民家 diy 民泊,0.4,google
2026-09-29,JP,古民家 DIY,古民家 diy 砂壁,0.4,google
2026-09-29,JP,古民家 DIY,古民家 diy 耐震,0.4,google
2026-09-29,JP,古民家 DIY,古民家 内装 diy,0.4,google
2026-09-29,JP,古民家 DIY,古民家 縁側 diy,0.4,google
2026-09-29,JP,古民家 DIY,古民家 diy ユーチューブ,0.397,"bing,ddg"
2026-09-29,JP,盆栽,盆栽 安い,0.394,google
2026-09-29,JP,盆栽,盆栽 定義,0.394,google
2026-09-29,JP,盆栽,盆栽 寿命,0.394,google
2026-09-29,JP,盆栽,盆栽 野生,0.394,google
2026-09-29,JP,万年筆 インク,万年筆ボールペン違いインク,0.387,"bing,ddg"
2026-09-29,JP,盆栽,盆栽 9,0.384,google
2026-09-29,JP,盆栽,盆栽 やまと園,0.384,"bing,ddg"
2026-09-29,JP,万年筆 インク,万年筆 インク 耐光性,0.381,"google,bing,ddg"
2026-09-29,JP,盆栽,盆栽 人気,0.379,"bing,ddg,google"
2026-09-29,JP,盆栽,盆栽 ぬりえ,0.374,"bing,ddg"
2026-09-29,JP,盆栽,盆栽 輸出,0.372,"google,bing,ddg"
2026-09-29,JP,万年筆 インク,万年筆 インク 古い,0.371,"google,bing,ddg"
2026-09-29,JP,万年筆 インク,ペリカン万年筆インクの入れ方初心者,0.37,"bing,ddg"
2026-09-29,JP,万年筆 インク,プラチナ万年筆 3776 インク,0.36,"bing,ddg"
2026-09-29,JP,盆栽,盆栽 塗り絵,0.36,"bing,ddg,google"
2026-09-29,JP,盆栽,盆栽 雨の日,0.36,google
2026-09-29,JP,盆栽,盆栽 youtube,0.357,"bing,ddg"
2026-09-29,JP,盆栽,盆栽の土,0.354,"bing,ddg"
2026-09-29,JP,盆栽,新盆 しない と いけない の,0.35,"bing,ddg"
2026-09-29,JP,盆栽,盆栽 9月,0.35,google
2026-09-29,JP,盆栽,盆栽 おすすめ,0.348,"google,bing,ddg"
2026-09-29,JP,盆栽,盆栽 塗り絵 無料,0.347,"bing,ddg"
2026-09-29,JP,万年筆 インク,万年筆 インク 服についた,0.344,"google,bing,ddg"
2026-09-29,JP,盆栽,盆栽 棚,0.34,google
2026-09-29,JP,盆栽,盆栽 手入れ 基本,0.323,"google,bing,ddg"
2026-09-29,JP,盆栽,盆栽 大宮,0.321,"google,bing,ddg"
2026-09-29,JP,盆栽,盆栽 赤松,0.321,"google,bing,ddg"
2026-09-29,JP,盆栽,盆栽 農薬,0.321,"google,bing,ddg"
2026-09-29,JP,万年筆 インク,万年筆 インク lamy,0.32,"bing,ddg"
2026-09-29,JP,万年筆 インク,万年筆インクメーカー違い,0.32,"bing,ddg"
2026-09-29,JP,盆栽,盆栽 庭,0.318,"google,bing,ddg"
2026-09-29,JP,盆栽,盆栽 東京,0.307,"bing,ddg"
2026-09-29,JP,盆栽,盆栽 農業,0.307,"bing,ddg"
2026-09-29,JP,万年筆 インク,万年筆 インク 高級,0.3,"bing,ddg"
2026-09-29,JP,盆栽,盆栽 竹,0.297,"bing,ddg"
2026-09-29,JP,盆栽,盆栽 アート,0.293,"google,bing,ddg"
2026-09-29,JP,万年筆 インク,万年筆 インク フラッシュ,0.287,"google,bing,ddg"
2026-09-29,JP,盆栽,盆栽 樹形,0.283,"google,bing,ddg"
2026-09-29,JP,盆栽,盆栽 農林水産省,0.28,"bing,ddg"
2026-09-29,JP,古民家 DIY,古民家 diy どこから,0.277,"google,bing,ddg"
2026-09-29,JP,盆栽,盆栽 オンラインショップ,0.277,"google,bing,ddg"
2026-09-29,JP,万年筆 インク,万年筆 インク 耐水性,0.267,"google,bing,ddg"
2026-09-29,JP,盆栽,盆栽 初心者 おすすめ,0.267,"google,bing,ddg"
2026-09-29,JP,盆栽,盆栽 日暮し,0.26,"bing,ddg"
2026-09-29,JP,万年筆 インク,万年筆 インク 速乾,0.257,"google,bing,ddg"
2026-09-29,JP,盆栽,盆栽 高崎,0.25,"bing,ddg"
2026-09-29,JP,盆栽,盆栽 ジン,0.207,"google,bing,ddg"
2026-09-29,JP,盆栽,盆栽 苗木,0.207,"google,bing,ddg"
2026-09-29,JP,盆栽,盆栽 苔,0.197,"google,bing,ddg"
2026-09-29,JP,万年筆 インク,万年筆 インク 紫,0.19,"google,bing,ddg"
2026-09-29,JP,盆栽,盆栽 おしゃれ,0.17,"google,bing,ddg"
2026-09-29,JP,盆栽,盆栽 手入れ,0.16,"google,bing,ddg"
2026-09-29,JP,盆栽,盆栽 肥料,0.15,"google,bing,ddg"
2026-09-29,JP,盆栽,盆栽 黒松,0.15,"google,bing,ddg"
2026-09-29,KR,필름카메라,카카오톡 선물하기 필름카메라,0.85,google
2026-09-29,KR,필름카메라,일회용 필름 카메라 타이머,0.84,google
2026-09-29,KR,필름카메라,필름카메라 필름 교체 방법,0.84,google
2026-09-29,KR,필름카메라,필름카메라 감도400 100 차이,0.823,naver
2026-09-29,KR,필름카메라,라이카 필름카메라 디시,0.82,google
2026-09-29,KR,필름카메라,바로 나오는 필름카메라,0.82,google
2026-09-29,KR,필름카메라,부산 필름카메라 자판기,0.82,google
2026-09-29,KR,필름카메라,필름 카메라 추천 입문,0.82,naver
2026-09-29,KR,필름카메라,필름카메라 날짜표기방법,0.82,naver
2026-09-29,KR,필름카메라,중형 필름카메라 추천,0.81,google
2026-09-29,KR,캠핑,캠핑 장 야영장 차이,0.81,google
2026-09-29,KR,필름카메라,필름카메라 가죽케이스,0.81,google
2026-09-29,KR,필름카메라,후지필름 카메라 가방,0.81,naver
2026-09-29,KR,필름카메라,폴라로이드 카메라 필름카메라,0.806,google
2026-09-29,KR,캠핑,캠핑 카고 트레일러,0.8,google
2026-09-29,KR,캠핑,캠핑 탄소매트 더블,0.8,naver
2026-09-29,KR,캠핑,캠핑용품 정리 방법,0.8,google
2026-09-29,KR,필름카메라,필름 카메라 사는곳,0.8,naver
2026-09-29,KR,필름카메라,하이엔드 필름카메라,0.8,google
2026-09-29,KR,필름카메라,나루토 필름카메라,0.79,google
2026-09-29,KR,필름카메라,마이큐 필름카메라,0.79,google
2026-09-29,KR,필름카메라,아그파 필름카메라,0.79,google
2026-09-29,KR,필름카메라,즉석카메라 필름카메라 차이,0.79,google
2026-09-29,KR,필름카메라,차은우 필름카메라,0.79,google
2026-09-29,KR,캠핑,캠핑 라이터 토치,0.79,naver
2026-09-29,KR,캠핑,캠핑 삼겹살 불판,0.79,naver
2026-09-29,KR,캠핑,캠핑 추천 밀키트,0.79,naver
2026-09-29,KR,필름카메라,필름 카메라 장점,0.79,naver
2026-09-29,KR,필름카메라,필름카메라 사이즈,0.79,google
2026-09-29,KR,필름카메라,필름카메라 자동 slr 뜻,0.783,naver
2026-09-29,KR,캠핑,겨울 캠핑 추천,0.78,google
2026-09-29,KR,캠핑,고릴라캠핑 장작,0.78,naver
2026-09-29,KR,캠핑,캠핑 가능 장소,0.78,google
2026-09-29,KR,캠핑,캠핑 망치 세트,0.78,naver
2026-09-29,KR,캠핑,캠핑 왜건 카트,0.78,naver
2026-09-29,KR,캠핑,캠핑 하는 남자,0.78,google
2026-09-29,KR,캠핑,경기도 노지 캠핑 추천,0.776,google
2026-09-29,KR,필름카메라,라이카 자동 필름카메라,0.776,google
2026-09-29,KR,필름카메라,필름카메라 사진 찍는법,0.776,naver
2026-09-29,KR,캠핑,왜관 캠핑 장,0.77,google
2026-09-29,KR,캠핑,캠핑 라면포트,0.77,google
2026-09-29,KR,캠핑,캠핑 바람막이,0.77,google
2026-09-29,KR,캠핑,왜목 마을 노지 캠핑,0.766,google
2026-09-29,KR,필름카메라,자동 필름카메라 추천,0.766,google
2026-09-29,KR,캠핑,캠핑 아침 메뉴 추천,0.766,google
2026-09-29,KR,필름카메라,필름카메라 감도100 400 차이,0.766,naver
2026-09-29,KR,필름카메라,필름카메라 사진 보정,0.766,google
2026-09-29,KR,필름카메라,하만 흑백 필름카메라,0.766,google
2026-09-29,KR,캠핑,캠핑 가리비,0.76,naver
2026-09-29,KR,캠핑,캠핑 받침대,0.76,naver
2026-09-29,KR,캠핑,캠핑 아울렛,0.76,google
2026-09-29,KR,캠핑,캠핑 하이볼,0.76,naver
2026-09-29,KR,캠핑,다이소 캠핑 파우치,0.756,naver
2026-09-29,KR,캠핑,땡큐캠핑 추천인코드,0.756,naver
2026-09-29,KR,필름카메라,아이맥스 필름카메라,0.756,google
2026-09-29,KR,캠핑,캠핑 장 예약 어플,0.756,google
2026-09-29,KR,캠핑,캠핑 할로윈 꾸미기,0.756,naver
2026-09-29,KR,필름카메라,필름카메라 자가현상,0.756,google
2026-09-29,KR,필름카메라,입문 필름카메라 추천 디시,0.751,google
2026-09-29,KR,캠핑,수입캠핑카,0.75,naver
2026-09-29,KR,캠핑,캠핑 마을,0.75,google
2026-09-29,KR,캠핑,캠핑 사고,0.75,google
2026-09-29,KR,캠핑,캠핑 차이,0.75,naver
2026-09-29,KR,캠핑,캠핑 팝업,0.75,google
2026-09-29,KR,캠핑,캠핑 타프 매듭법,0.746,google
2026-09-29,KR,필름카메라,필름카메라 가이드,0.746,google
2026-09-29,KR,캠핑,캠핑 장 양도 방법,0.743,google
2026-09-29,KR,필름카메라,폴라로이드 필름카메라 차이,0.74,google
2026-09-29,KR,필름카메라,필름카메라 날짜 바꾸는 법,0.74,naver
2026-09-29,KR,캠핑,캠핑 사진 모음,0.736,google
2026-09-29,KR,필름카메라,마미야 필름카메라,0.733,google
2026-09-29,KR,필름카메라,라이카 필름카메라 m6,0.731,google
2026-09-29,KR,필름카메라,아이폰 필름카메라 어플,0.731,google
2026-09-29,KR,필름카메라,필름카메라 느낌 카메라,0.731,google
2026-09-29,KR,필름카메라,바로 인화되는 필름카메라,0.73,google
2026-09-29,KR,캠핑,야영 캠핑 차이,0.73,google
2026-09-29,KR,캠핑,우중캠핑 타프,0.726,naver
2026-09-29,KR,캠핑,캠핑 강염버너,0.726,naver
2026-09-29,KR,캠핑,캠핑 만두전골,0.726,naver
2026-09-29,KR,캠핑,캠핑 아이스박스 디시,0.721,google
2026-09-29,KR,필름카메라,필름카메라 자동 수동,0.721,google
2026-09-29,KR,캠핑,캠핑 간편식,0.716,google
2026-09-29,KR,캠핑,캠핑 라면밥,0.716,naver
2026-09-29,KR,캠핑,캠핑 라이너,0.716,google
2026-09-29,KR,캠핑,캠핑 마운틴,0.716,google
2026-09-29,KR,캠핑,캠핑 사각팬,0.716,naver
2026-09-29,KR,캠핑,캠핑 압축팩,0.716,naver
2026-09-29,KR,캠핑,캠핑 팔라스,0.716,google
2026-09-29,KR,필름카메라,필름카메라 장수 보는 법,0.716,naver
2026-09-29,KR,필름카메라,필름카메라 마이너 갤러리 - 커뮤니티 포털 디시인사이드,0.714,google
2026-09-29,KR,캠핑,캠핑 삼겹살 굽는법,0.711,google
2026-09-29,KR,필름카메라,필름카메라 사용기간,0.711,naver
2026-09-29,KR,캠핑,캠핑 발판,0.706,naver
2026-09-29,KR,캠핑,캠핑 장판,0.706,naver
2026-09-29,KR,캠핑,캠핑 카고,0.706,google
2026-09-29,KR,캠핑,캠핑 라이트 추천,0.701,google
2026-09-29,KR,캠핑,캠핑 카라반 대여,0.701,google
2026-09-29,KR,캠핑,캠핑 하우스 가격,0.701,google
2026-09-29,KR,필름카메라,필름카메라 파는곳,0.701,google
2026-09-29,KR,필름카메라,디지털카메라 필름카메라 차이,0.7,google
2026-09-29,KR,캠핑,오토캠핑 캠핑 차이,0.7,google
2026-09-29,KR,필름카메라,아트박스 필름카메라 후기,0.697,google
2026-09-29,KR,필름카메라,필름카메라 디지털 카메라,0.697,google
2026-09-29,KR,필름카메라,m 마운트 필름카메라,0.696,google
2026-09-29,KR,캠핑,캠핑하다,0.696,google
2026-09-29,KR,캠핑,대형캠핑카,0.693,naver
2026-09-29,KR,캠핑,노지 캠핑 추천,0.691,google
2026-09-29,KR,캠핑,아토즈캠핑 하남,0.691,naver
2026-09-29,KR,캠핑,캠핑 간이화장실,0.691,google
2026-09-29,KR,캠핑,캠핑 라면 포트,0.691,naver
2026-09-29,KR,캠핑,캠핑 망치 추천,0.691,naver
2026-09-29,KR,캠핑,캠핑 장소 추천,0.691,google
2026-09-29,KR,필름카메라,필름카메라 가게,0.691,google
2026-09-29,KR,필름카메라,하만 필름카메라,0.691,google
2026-09-29,KR,필름카메라,나고야 필름카메라,0.69,google
2026-09-29,KR,필름카메라,라이카 필름카메라 중고,0.687,google
2026-09-29,KR,필름카메라,필름카메라 사진 보는법,0.687,google
2026-09-29,KR,필름카메라,필름카메라 셀프 타이머,0.687,google
2026-09-29,KR,필름카메라,필름카메라 디지털 카메라 디시,0.682,google
2026-09-29,KR,캠핑,왜목마을 캠핑,0.681,google
2026-09-29,KR,캠핑,캠핑 갑오징어,0.681,naver
2026-09-29,KR,필름카메라,캐논 필름카메라 나무위키,0.68,google
2026-09-29,KR,필름카메라,입문 필름카메라 추천,0.677,google
2026-09-29,KR,캠핑,캠핑 하는 똘이 아빠,0.677,google
2026-09-29,KR,필름카메라,필름카메라 사진 규격,0.677,naver
2026-09-29,KR,필름카메라,필름카메라 스캔 방법,0.677,google
2026-09-29,KR,필름카메라,하프프레임 필름카메라,0.677,google
2026-09-29,KR,필름카메라,후지필름 카메라 추천,0.677,naver
2026-09-29,KR,캠핑,캠핑장 예약 방법,0.676,google
2026-09-29,KR,캠핑,캠핑 마스터,0.671,google
2026-09-29,KR,캠핑,캠핑 방수포,0.671,naver
2026-09-29,KR,캠핑,캠핑 사다리,0.671,naver
2026-09-29,KR,캠핑,캠핑 앞치마,0.671,naver
2026-09-29,KR,캠핑,캠핑 타이키,0.671,google
2026-09-29,KR,필름카메라,필름카메라 감도400 차이,0.669,naver
2026-09-29,KR,캠핑,왜목 오토 캠핑 장,0.667,google
2026-09-29,KR,캠핑,캠핑 라이트 스탠드,0.667,naver
2026-09-29,KR,캠핑,캠핑 삼겹살 준비물,0.667,google
2026-09-29,KR,캠핑,캠핑 타프 영어 로,0.667,google
2026-09-29,KR,캠핑,캠핑 바베큐 그릴,0.657,google
2026-09-29,KR,필름카메라,필름카메라 가격대,0.657,google
2026-09-29,KR,캠핑,25인승캠핑카,0.656,naver
2026-09-29,KR,캠핑,왜목 마을 오토 캠핑 장,0.652,google
2026-09-29,KR,캠핑,캠핑 탕,0.651,naver
2026-09-29,KR,필름카메라,니콘 필름카메라 마운트,0.649,google
2026-09-29,KR,캠핑,캠핑 라면 추천,0.647,google
2026-09-29,KR,캠핑,캠핑 마키 성능,0.647,google
2026-09-29,KR,캠핑,캠핑 왜건 추천,0.647,naver
2026-09-29,KR,필름카메라,라이카 필름카메라 추천,0.642,google
2026-09-29,KR,필름카메라,토이카메라 필름카메라 차이,0.64,google
2026-09-29,KR,필름카메라,필름카메라 디지털 카메라 차이,0.638,google
2026-09-29,KR,캠핑,캠핑 사각냄비,0.637,naver
2026-09-29,KR,캠핑,캠핑 타포린백,0.637,naver
2026-09-29,KR,필름카메라,필름카메라 사진 스캔,0.632,naver
2026-09-29,KR,필름카메라,필름카메라 사진 확인,0.632,google
2026-09-29,KR,필름카메라,하프 필름카메라 디시,0.632,google
2026-09-29,KR,캠핑,캠핑 가습기,0.627,naver
2026-09-29,KR,캠핑,캠핑 장난감,0.627,naver
2026-09-29,KR,캠핑,캠핑 파티룸,0.627,google
2026-09-29,KR,캠핑,캠핑 핫도그,0.627,naver
2026-09-29,KR,필름카메라,아트박스 필름카메라,0.622,google
2026-09-29,KR,캠핑,캠핑 바베큐 준비물,0.622,google
2026-09-29,KR,캠핑,캠핑 하기 좋은 차,0.622,google
2026-09-29,KR,캠핑,오토캠핑 차이,0.62,google
2026-09-29,KR,필름카메라,일회용 필름카메라 아트박스,0.618,google
2026-09-29,KR,캠핑,캠핑 가격,0.617,google
2026-09-29,KR,캠핑,캠핑 밥솥,0.617,naver
2026-09-29,KR,캠핑,캠핑 장소,0.617,google
2026-09-29,KR,캠핑,캠핑 카레,0.617,google
2026-09-29,KR,캠핑,다이소 캠핑 망치,0.612,naver
2026-09-29,KR,캠핑,캠핑 만들기 도안,0.612,google
2026-09-29,KR,캠핑,캠핑 삼겹살 두께,0.612,google
2026-09-29,KR,캠핑,캠핑 카라반 가격,0.612,google
2026-09-29,KR,필름카메라,필름카메라 가성비,0.612,google
2026-09-29,KR,필름카메라,바람의나라 필름카메라,0.61,google
2026-09-29,KR,필름카메라,필름카메라 날짜 순서,0.61,naver
2026-09-29,KR,캠핑,캠핑 하는 방법,0.609,google
2026-09-29,KR,캠핑,고릴라캠핑 타프,0.602,naver
2026-09-29,KR,캠핑,고릴라캠핑 파주,0.602,naver
2026-09-29,KR,캠핑,대형 캠핑 가방,0.602,naver
2026-09-29,KR,캠핑,캠핑 간식 추천,0.602,google
2026-09-29,KR,캠핑,캠핑 추천 요리,0.602,naver
2026-09-29,KR,필름카메라,필름카메라 자석,0.602,google
2026-09-29,KR,필름카메라,필름카메라 나무위키,0.6,google
2026-09-29,KR,캠핑,캠핑카렌트가격,0.599,naver
2026-09-29,KR,필름카메라,라이카 필름카메라 종류,0.598,google
2026-09-29,KR,캠핑,캠핑 사이드월,0.592,naver
2026-09-29,KR,캠핑,캠핑 아침메뉴,0.592,naver
2026-09-29,KR,캠핑,캠핑 추천 템,0.592,google
2026-09-29,KR,캠핑,캠핑 하드쿨러,0.592,naver
2026-09-29,KR,캠핑,기장 노지 캠핑 추천,0.588,naver
2026-09-29,KR,필름카메라,필름카메라 가격 디시,0.588,google
2026-09-29,KR,필름카메라,하프 필름카메라 추천,0.588,google
2026-09-29,KR,필름카메라,후지 필름카메라 추천,0.588,google
2026-09-29,KR,필름카메라,필름카메라 감도 차이,0.581,naver
2026-09-29,KR,캠핑,캠프 캠핑 차이,0.58,google
2026-09-29,KR,필름카메라,필름카메라 dslr 차이,0.58,google
2026-09-29,KR,캠핑,왜목 마을 캠핑 장,0.578,google
2026-09-29,KR,캠핑,캠핑 마시멜로 굽기,0.578,google
2026-09-29,KR,캠핑,캠핑 사이드 테이블,0.578,google
2026-09-29,KR,캠핑,캠핑 파워뱅크 디시,0.578,google
2026-09-29,KR,캠핑,캠핑 장갑,0.572,naver
2026-09-29,KR,캠핑,캠핑 타운,0.572,google
2026-09-29,KR,필름카메라,필름카메라 작동방법,0.571,naver
2026-09-29,KR,캠핑,캠핑 마카롱 히터,0.568,naver
2026-09-29,KR,필름카메라,필름카메라 사이트,0.568,google
2026-09-29,KR,필름카메라,일회용 필름카메라 사용법,0.563,naver
2026-09-29,KR,캠핑,캠핑 노가다 방법,0.561,google
2026-09-29,KR,필름카메라,필름카메라 마이너,0.561,google
2026-09-29,KR,필름카메라,필름카메라 날짜 표시,0.56,google
2026-09-29,KR,캠핑,캠핑 파티라이트,0.558,naver
2026-09-29,KR,필름카메라,필름카메라 자동,0.558,google
2026-09-29,KR,필름카메라,라이카 cl 필름카메라,0.553,google
2026-09-29,KR,캠핑,캠핑 바베큐 메뉴 추천,0.553,google
2026-09-29,KR,캠핑,캠핑 추천요리,0.548,google
2026-09-29,KR,캠핑,2026 캠핑 박람회,0.543,naver
2026-09-29,KR,캠핑,캠핑 아이스박스 추천,0.543,google
2026-09-29,KR,필름카메라,코닥 하프 필름카메라,0.543,google
2026-09-29,KR,필름카메라,필름카메라 가죽 교체,0.543,google
2026-09-29,KR,필름카메라,필름카메라 사진 인화,0.543,google
2026-09-29,KR,필름카메라,필름카메라 추천 더쿠,0.543,google
2026-09-29,KR,필름카메라,필름카메라 타임스탬프,0.543,google
2026-09-29,KR,필름카메라,필름카메라 현상 방법,0.543,google
2026-09-29,KR,캠핑,캠핑카트레일러,0.541,naver
2026-09-29,KR,캠핑,백패킹 캠핑 차이,0.54,google
2026-09-29,KR,캠핑,캠핑 발전기,0.538,google
2026-09-29,KR,캠핑,캠핑 삼각대,0.538,naver
2026-09-29,KR,캠핑,캠핑 알전구,0.538,naver
2026-09-29,KR,캠핑,캠핑 하우스,0.538,google
2026-09-29,KR,필름카메라,필름카메라 자판기 위치,0.534,naver
2026-09-29,KR,캠핑,캠핑 하기 좋은 곳,0.533,google
2026-09-29,KR,필름카메라,필름카메라 자가수리,0.533,google
2026-09-29,KR,캠핑,캠핑 라쳇,0.528,naver
2026-09-29,KR,캠핑,캠핑 장어,0.528,naver
2026-09-29,KR,캠핑,캠핑 할인,0.528,naver
2026-09-29,KR,캠핑,캠핑라운드,0.528,google
2026-09-29,KR,캠핑,캠핑 사이드테이블,0.523,naver
2026-09-29,KR,필름카메라,필름카메라 아이콘,0.523,google
2026-09-29,KR,필름카메라,필름카메라 카운트,0.523,google
2026-09-29,KR,필름카메라,필름카메라 날짜 넣는법,0.52,naver
2026-09-29,KR,필름카메라,필름카메라 추천 2025,0.519,google
2026-09-29,KR,캠핑,캠핑 카,0.518,google
2026-09-29,KR,캠핑,캠핑 뱀 퇴치 방법,0.514,google
2026-09-29,KR,캠핑,캠핑 사이트 뜻,0.513,google
2026-09-29,KR,캠핑,캠핑 아이스쿨러,0.513,naver
2026-09-29,KR,캠핑,캠핑 왜건 대형,0.513,naver
2026-09-29,KR,캠핑,캠핑 추천 디시,0.513,google
2026-09-29,KR,필름카메라,필름카메라 날짜 효과,0.51,google
2026-09-29,KR,필름카메라,필름카메라 디카 차이,0.51,google
2026-09-29,KR,필름카메라,라이카 필름카메라 가격,0.509,google
2026-09-29,KR,필름카메라,코닥 필름카메라 사용법,0.509,naver
2026-09-29,KR,필름카메라,필름카메라 인화 하는법,0.509,google
2026-09-29,KR,필름카메라,필름카메라 카운터 고장,0.509,google
2026-09-29,KR,필름카메라,필름카메라 감는법,0.504,naver
2026-09-29,KR,캠핑,노지캠핑 추천,0.503,naver
2026-09-29,KR,캠핑,캠핑 탕 요리,0.503,google
2026-09-29,KR,캠핑,캠핑웨건 추천,0.503,google
2026-09-29,KR,캠핑,글램핑 캠핑 차이점,0.5,google
2026-09-29,KR,캠핑,캠핑 파워뱅크 추천,0.5,"naver,google"
2026-09-29,KR,캠핑,캠핑 가랜드,0.493,google
2026-09-29,KR,캠핑,캠핑 라운지,0.493,google
2026-09-29,KR,캠핑,캠핑 마카롱,0.493,naver
2026-09-29,KR,캠핑,캠핑 할로윈,0.493,naver
2026-09-29,KR,필름카메라,필름카메라 아날로그,0.489,google
2026-09-29,KR,캠핑,캠핑 만화,0.483,google
2026-09-29,KR,필름카메라,필름카메라 바다,0.48,google
2026-09-29,KR,필름카메라,필름카메라 마이너갤러리,0.477,google
2026-09-29,KR,필름카메라,필름카메라 작동확인방법,0.477,naver
2026-09-29,KR,캠핑,캠핑 칼,0.473,google
2026-09-29,KR,캠핑,캠핑 압력밥솥,0.47,"naver,google"
2026-09-29,KR,캠핑,캠핑 마시멜로우,0.469,naver
2026-09-29,KR,필름카메라,필름카메라 가방,0.469,google
2026-09-29,KR,필름카메라,필름카메라 작례,0.469,google
2026-09-29,KR,필름카메라,일본 필름카메라 가격,0.467,naver
2026-09-29,KR,캠핑,캠핑 장 노가다 방법,0.467,google
2026-09-29,KR,필름카메라,캐논 필름카메라 라인업,0.464,google
2026-09-29,KR,캠핑,캠핑카대여,0.464,naver
2026-09-29,KR,필름카메라,필름카메라 잘 찍는 법,0.464,google
2026-09-29,KR,캠핑,캠핑 타프팬,0.46,"naver,google"
2026-09-29,KR,필름카메라,필름카메라 날짜 폰트,0.46,google
2026-09-29,KR,캠핑,캠핑 장 가격,0.459,google
2026-09-29,KR,캠핑,캠핑 하이체어,0.459,naver
2026-09-29,KR,필름카메라,필름카메라 아웃포커싱,0.454,google
2026-09-29,KR,캠핑,글램핑과 캠핑 차이,0.45,google
2026-09-29,KR,캠핑,캠핑 장박,0.45,"naver,google"
2026-09-29,KR,캠핑,캠핑 아이콘,0.449,google
2026-09-29,KR,캠핑,캠핑 추천템,0.449,naver
2026-09-29,KR,캠핑,캠핑 가위,0.439,naver
2026-09-29,KR,캠핑,캠핑 왜함,0.439,google
2026-09-29,KR,캠핑,캠핑 카페,0.439,google
2026-09-29,KR,캠핑,캠핑 한끼,0.439,google
2026-09-29,KR,필름카메라,필름카메라 카운터,0.434,google
2026-09-29,KR,캠핑,캠핑 삽,0.429,naver
2026-09-29,KR,캠핑,캠핑 아침 메뉴,0.424,google
2026-09-29,KR,캠핑,캠핑 왜함 디시,0.424,google
2026-09-29,KR,캠핑,캠핑 하레 성능,0.424,google
2026-09-29,KR,필름카메라,필름카메라 감성,0.424,google
2026-09-29,KR,필름카메라,필름카메라 아이폰 보정,0.42,google
2026-09-29,KR,필름카메라,필름카메라 안될때 방법,0.42,naver
2026-09-29,KR,필름카메라,필름카메라 타이머 기능,0.42,naver
2026-09-29,KR,필름카메라,필름카메라 하늘 찍는법,0.42,naver
2026-09-29,KR,캠핑,캠핑 압축가방,0.414,naver
2026-09-29,KR,필름카메라,필름카메라 바로 인화,0.41,google
2026-09-29,KR,필름카메라,필름카메라 밤에찍는법,0.41,naver
2026-09-29,KR,필름카메라,필름카메라 인화 방법,0.41,google
2026-09-29,KR,필름카메라,필름카메라 잘 찍는법,0.41,naver
2026-09-29,KR,필름카메라,필름카메라 차광스펀지,0.41,google
2026-09-29,KR,캠핑,캠핑카렌트,0.407,naver
2026-09-29,KR,필름카메라,필름카메라 자동 수동 차이,0.407,"naver,google"
2026-09-29,KR,캠핑,캠핑 반합,0.406,"naver,google"
2026-09-29,KR,캠핑,캠핑 카라반,0.404,google
2026-09-29,KR,캠핑,글램 핑 캠핑 차이,0.4,google
2026-09-29,KR,필름카메라,필름카메라 맡기는법,0.4,naver
2026-09-29,KR,캠핑,캠핑 마키,0.394,google
2026-09-29,KR,캠핑,캠핑 막창,0.394,naver
2026-09-29,KR,캠핑,캠핑 사진,0.394,google
2026-09-29,KR,캠핑,캠핑 팝콘,0.394,naver
2026-09-29,KR,캠핑,캠핑 한우,0.394,naver
2026-09-29,KR,캠핑,캠핑 장비 대여,0.391,"naver,google"
2026-09-29,KR,캠핑,캠핑 추천 메뉴,0.391,"naver,google"
2026-09-29,KR,캠핑,글램핑 캠핑 차이,0.39,naver
2026-09-29,KR,캠핑,나만의 캠핑 방법,0.39,google
2026-09-29,KR,필름카메라,필름카메라 라이카,0.39,google
2026-09-29,KR,필름카메라,필름카메라 만들기,0.39,google
2026-09-29,KR,필름카메라,필름카메라 자판기,0.39,google
2026-09-29,KR,필름카메라,필름카메라 타이머,0.39,google
2026-09-29,KR,캠핑,캠핑 발포매트,0.381,"naver,google"
2026-09-29,KR,캠핑,고릴라캠핑 하남,0.38,naver
2026-09-29,KR,캠핑,캠핑 라디에이터,0.38,naver
2026-09-29,KR,필름카메라,필름카메라 카페,0.38,google
2026-09-29,KR,필름카메라,필름카메라 하프,0.38,google
2026-09-29,KR,캠핑,캠핑 파스타,0.371,"naver,google"
2026-09-29,KR,캠핑,캠핑 장 추천,0.37,google
2026-09-29,KR,캠핑,캠핑 파일드라이버,0.357,"naver,google"
2026-09-29,KR,캠핑,캠핑 카트,0.35,google
2026-09-29,KR,캠핑,캠핑 하레,0.35,google
2026-09-29,KR,캠핑,캠핑 추천 장소,0.347,"naver,google"
2026-09-29,KR,필름카메라,일회용 필름카메라 추천,0.342,"naver,google"
2026-09-29,KR,캠핑,캠핑 마시멜로,0.337,"naver,google"
2026-09-29,KR,캠핑,캠핑 안주,0.317,"naver,google"
2026-09-29,KR,캠핑,캠핑 라면 냄비,0.302,"naver,google"
2026-09-29,KR,필름카메라,필름카메라 사진 옮기기,0.298,"naver,google"
2026-09-29,KR,캠핑,캠핑 장작,0.272,"naver,google"
2026-09-29,KR,캠핑,캠핑 타프 추천,0.258,"naver,google"
2026-09-29,KR,캠핑,캠핑 자충매트,0.248,"naver,google"
2026-09-29,KR,캠핑,캠핑 탄소매트,0.248,"naver,google"
2026-09-29,KR,캠핑,캠핑 박람회,0.238,"naver,google"
2026-09-29,KR,캠핑,캠핑 가스,0.228,"naver,google"
2026-09-29,KR,캠핑,캠핑 아침,0.228,"naver,google"
2026-09-29,KR,캠핑,캠핑 파우치,0.193,"naver,google"
2026-09-29,KR,캠핑,캠핑 간식,0.183,"naver,google"
2026-09-29,KR,캠핑,캠핑 라면,0.183,"naver,google"
2026-09-29,KR,캠핑,캠핑 장비,0.183,"naver,google"
2026-09-29,KR,캠핑,캠핑 탁자,0.183,"naver,google"
2026-09-29,KR,캠핑,캠핑 가스버너,0.159,"naver,google"
2026-09-29,KR,캠핑,캠핑 라이트,0.149,"naver,google"
2026-09-29,KR,캠핑,캠핑 삼겹살,0.149,"naver,google"
2026-09-29,KR,캠핑,캠핑 파라솔,0.149,"naver,google"
2026-09-29,KR,캠핑,캠핑 망치,0.139,"naver,google"
2026-09-29,KR,캠핑,캠핑 박스,0.139,"naver,google"
2026-09-29,KR,필름카메라,필름카메라 차이,0.13,"naver,google"
2026-09-29,KR,캠핑,캠핑 추천 음식,0.124,"naver,google"
2026-09-29,KR,필름카메라,필름카메라 사진,0.124,"naver,google"
2026-09-29,KR,캠핑,캠핑 라이터,0.104,"naver,google"
2026-09-29,KR,캠핑,캠핑 사이트,0.104,"naver,google"
2026-09-29,KR,캠핑,캠핑 아이스박스,0.08,"naver,google"
2026-09-29,KR,필름카메라,필름카메라 가격,0.08,"naver,google"
2026-09-29,KR,필름카메라,필름카메라 날짜,0.08,"naver,google"
2026-09-29,KR,캠핑,캠핑 파워뱅크,0.07,"naver,google"
2026-09-29,KR,캠핑,캠핑 바베큐,0.06,"naver,google"
2026-09-29,KR,캠핑,캠핑 가방,0.05,"naver,google"
2026-09-29,KR,캠핑,캠핑 왜건,0.05,"naver,google"
2026-09-29,KR,캠핑,캠핑 추천,0.05,"naver,google"
2026-09-29,KR,캠핑,캠핑 타프,0.05,"naver,google"
2026-09-29,RU,рыбалка,макушатник для рыбалки своими руками на сазана,1.0,yandex
2026-09-29,RU,рыбалка,почему рыбалка удивительная не является словосочетанием,1.0,yandex
2026-09-29,RU,рыбалка,рыбалка для детей своими руками,1.0,google
2026-09-29,RU,рыбалка,рыбалка осенью на поплавочную удочку,1.0,yandex
2026-09-29,RU,аквариум,аквариум поезд в огне аккорды,0.99,google
2026-09-29,RU,аквариум,аквариум я уезжаю в деревню,0.97,google
2026-09-29,RU,аквариум,аквариум цельный бесшовный,0.96,yandex
2026-09-29,RU,аквариум,аквариум зеленый налет на стекле как избавиться,0.956,yandex
2026-09-29,RU,аквариум,аквариум цилиндрический купить,0.956,google
2026-09-29,RU,рыбалка,бойлы для рыбалки своими руками,0.956,yandex
2026-09-29,RU,аквариум,аквариум хабаровск купить,0.95,google
2026-09-29,RU,рыбалка,рыбалка это хобби или нет,0.95,google
2026-09-29,RU,рыбалка,как рыбалка влияет на психику,0.946,google
2026-09-29,RU,рыбалка,рыбалка это тихая охота песня,0.946,google
2026-09-29,RU,аквариум,аквариум угловой высокий,0.94,google
2026-09-29,RU,рыбалка,рыбалка липецкая область,0.94,google
2026-09-29,RU,рыбалка,рыбалка резинка своими руками,0.94,google
2026-09-29,RU,рыбалка,как рыбалка в коньково истра,0.936,yandex
2026-09-29,RU,аквариум,аквариум цихлидник фото,0.93,google
2026-09-29,RU,рыбалка,почему нравится рыбалка,0.93,google
2026-09-29,RU,аквариум,аквариум картинка для детей,0.926,yandex
2026-09-29,RU,аквариум,аквариум хургада гранд цена,0.926,google
2026-09-29,RU,аквариум,аквариум золотая рыбка,0.92,google
2026-09-29,RU,аквариум,аквариум южная америка,0.92,google
2026-09-29,RU,рыбалка,как рыбалка в саньково,0.92,yandex
2026-09-29,RU,рыбалка,рыбалка ящики террария,0.92,google
2026-09-29,RU,рыбалка,рыбалка егорьевский рыбхоз,0.916,google
2026-09-29,RU,аквариум,аквариум заставка на рабочий стол,0.911,yandex
2026-09-29,RU,аквариум,аквариум уход и содержание для начинающих,0.911,yandex
2026-09-29,RU,аквариум,аквариум я не могу оторвать глаз от тебя,0.911,yandex
2026-09-29,RU,рыбалка,почему рыбалка с острогой запрещена,0.911,google
2026-09-29,RU,аквариум,аквариум купить авито,0.91,google
2026-09-29,RU,аквариум,аквариум на 10 литров,0.91,google
2026-09-29,RU,рыбалка,рыбалка онлайн на телефон,0.906,google
2026-09-29,RU,аквариум,аквариум хургада гранд билеты,0.901,google
2026-09-29,RU,рыбалка,рыбалка ленинградская область,0.901,google
2026-09-29,RU,аквариум,аквариум электронный,0.9,google
2026-09-29,RU,рыбалка,магнитная рыбалка своими руками,0.9,google
2026-09-29,RU,аквариум,аквариум пест мм2 валюта,0.896,google
2026-09-29,RU,рыбалка,рыбалка это отдых цитаты,0.896,yandex
2026-09-29,RU,аквариум,аквариум шар купить,0.89,google
2026-09-29,RU,аквариум,аквариум нож мм2 валюта,0.886,google
2026-09-29,RU,аквариум,аквариум флория стамбул,0.886,google
2026-09-29,RU,рыбалка,рыбалка чеховский район,0.886,google
2026-09-29,RU,рыбалка,рыбалка это спорт или хобби,0.881,google
2026-09-29,RU,рыбалка,как рыбалка намана,0.88,google
2026-09-29,RU,рыбалка,рыбалка без границ,0.88,google
2026-09-29,RU,рыбалка,рыбалка черногория,0.88,google
2026-09-29,RU,аквариум,аквариум песни скачать,0.876,yandex
2026-09-29,RU,аквариум,аквариум ясаш усуллари,0.876,google
2026-09-29,RU,рыбалка,рыбалка узбекистан ташкент,0.871,yandex
2026-09-29,RU,аквариум,аквариум животные,0.87,google
2026-09-29,RU,аквариум,аквариум якушкина,0.87,yandex
2026-09-29,RU,рыбалка,рыбалка егорьевск,0.87,google
2026-09-29,RU,рыбалка,рыбалка у самвела,0.87,google
2026-09-29,RU,аквариум,аквариум узкий и длинный купить,0.867,yandex
2026-09-29,RU,аквариум,аквариум фикус религиозный текст,0.867,google
2026-09-29,RU,аквариум,аквариум электрический пес аккорды,0.867,google
2026-09-29,RU,аквариум,аквариум еще один раз,0.866,yandex
2026-09-29,RU,аквариум,аквариум ювель купить,0.866,yandex
2026-09-29,RU,рыбалка,почему снится рыбалка,0.866,google
2026-09-29,RU,рыбалка,рыбалка живу на земле,0.866,yandex
2026-09-29,RU,аквариум,аквариум ксиоми 20 литров,0.861,google
2026-09-29,RU,аквариум,аквариум зелаква,0.86,yandex
2026-09-29,RU,аквариум,аквариум хайнань,0.86,yandex
2026-09-29,RU,рыбалка,рыбалка фристрит,0.86,yandex
2026-09-29,RU,рыбалка,рыбалка цандрипш,0.86,google
2026-09-29,RU,аквариум,аквариум евы сериал 2010 2011,0.857,yandex
2026-09-29,RU,аквариум,аквариум сяоми 20 литров,0.851,yandex
2026-09-29,RU,рыбалка,рыбалка блокс фрутс вики,0.851,google
2026-09-29,RU,аквариум,аквариум египет,0.85,google
2026-09-29,RU,аквариум,аквариум платан,0.85,yandex
2026-09-29,RU,аквариум,аквариум узелок,0.85,yandex
2026-09-29,RU,аквариум,аквариум флория,0.85,yandex
2026-09-29,RU,рыбалка,рыбалка боровое,0.85,yandex
2026-09-29,RU,рыбалка,рыбалка житомир,0.85,google
2026-09-29,RU,рыбалка,рыбалка лепсари,0.85,yandex
2026-09-29,RU,рыбалка,рыбалка русская,0.85,yandex
2026-09-29,RU,рыбалка,рыбалка энгельс,0.85,yandex
2026-09-29,RU,аквариум,аквариум зеленеет что делать,0.847,google
2026-09-29,RU,аквариум,аквариум экосистема,0.846,google
2026-09-29,RU,рыбалка,рыбалка лахденпохья,0.846,google
2026-09-29,RU,аквариум,аквариум цена маленький,0.841,google
2026-09-29,RU,аквариум,аквариум ювель лидо 120,0.841,yandex
2026-09-29,RU,аквариум,аквариум шедда,0.84,yandex
2026-09-29,RU,аквариум,аквариум еще один раз текст,0.837,google
2026-09-29,RU,аквариум,аквариум поезд в огне текст,0.837,google
2026-09-29,RU,аквариум,аквариум угловой 300 литров,0.837,google
2026-09-29,RU,рыбалка,рыбалка ярославская область,0.837,google
2026-09-29,RU,аквариум,аквариум навигатор,0.836,yandex
2026-09-29,RU,рыбалка,рыбалка у василича,0.836,google
2026-09-29,RU,рыбалка,рыбалка украинский,0.836,yandex
2026-09-29,RU,рыбалка,рыбалка фар край 5,0.836,google
2026-09-29,RU,аквариум,аквариум на 300 литров,0.831,google
2026-09-29,RU,рыбалка,рыбалка емели,0.83,yandex
2026-09-29,RU,рыбалка,рыбалка охота,0.83,google
2026-09-29,RU,аквариум,аквариум цветет что делать,0.827,google
2026-09-29,RU,рыбалка,почему рыбалка успокаивает,0.827,google
2026-09-29,RU,рыбалка,рыбалка центр благовещенск,0.827,google
2026-09-29,RU,аквариум,аквариум епіцентр,0.826,google
2026-09-29,RU,аквариум,аквариум с тумбой,0.826,google
2026-09-29,RU,аквариум,аквариум стамбула,0.826,yandex
2026-09-29,RU,рыбалка,рыбалка бесплатно,0.826,google
2026-09-29,RU,рыбалка,рыбалка череповец,0.826,yandex
2026-09-29,RU,аквариум,аквариум живые обои на рабочий стол скачать бесплатно,0.822,yandex
2026-09-29,RU,аквариум,аквариум новый альбом 2026 слушать,0.822,yandex
2026-09-29,RU,аквариум,аквариум шаблон для рисования в детском саду,0.822,yandex
2026-09-29,RU,рыбалка,рыбалка железногорск курская область,0.822,google
2026-09-29,RU,аквариум,аквариум с креветками,0.821,google
2026-09-29,RU,аквариум,аквариум ширма купить,0.821,google
2026-09-29,RU,рыбалка,рыбалка охотское море,0.821,yandex
2026-09-29,RU,аквариум,аквариум фиш,0.82,google
2026-09-29,RU,рыбалка,рыбалка ямны,0.82,yandex
2026-09-29,RU,рыбалка,рыбалка жостовский карьер,0.817,google
2026-09-29,RU,рыбалка,рыбалка лайфхаки,0.816,yandex
2026-09-29,RU,рыбалка,рыбалка на карпа,0.816,yandex
2026-09-29,RU,рыбалка,рыбалка ольховка,0.816,yandex
2026-09-29,RU,рыбалка,рыбалка женя панасюк,0.811,yandex
2026-09-29,RU,рыбалка,рыбалка электросталь,0.811,yandex
2026-09-29,RU,рыбалка,рыбалка фиш,0.81,google
2026-09-29,RU,аквариум,аквариум эмодзи,0.806,yandex
2026-09-29,RU,аквариум,аквариум яндекс,0.806,yandex
2026-09-29,RU,рыбалка,рыбалка цветень,0.806,google
2026-09-29,RU,аквариум,аквариум екатеринбург билеты,0.802,google
2026-09-29,RU,рыбалка,рыбалка екатеринбург платная,0.802,google
2026-09-29,RU,аквариум,аквариум фильм 1996,0.801,google
2026-09-29,RU,рыбалка,рыбалка черное море,0.801,google
2026-09-29,RU,рыбалка,самоделки рыбалка своими руками,0.8,google
2026-09-29,RU,рыбалка,рыбалка ладожское озеро,0.797,google
2026-09-29,RU,аквариум,аквариум хобби,0.796,yandex
2026-09-29,RU,рыбалка,рыбалка жлобин,0.796,google
2026-09-29,RU,рыбалка,рыбалка фокино,0.796,yandex
2026-09-29,RU,аквариум,аквариум елизавета,0.791,yandex
2026-09-29,RU,рыбалка,как прошла рыбалка,0.791,google
2026-09-29,RU,рыбалка,рыбалка флэт метод,0.791,google
2026-09-29,RU,аквариум,аквариум за 8 долларов,0.787,yandex
2026-09-29,RU,аквариум,аквариум холодное пиво,0.787,google
2026-09-29,RU,рыбалка,рыбалка египет хургада,0.787,google
2026-09-29,RU,аквариум,аквариум ужур,0.786,yandex
2026-09-29,RU,аквариум,аквариум цска,0.786,yandex
2026-09-29,RU,рыбалка,рыбалка рдр 2,0.786,yandex
2026-09-29,RU,рыбалка,рыбалка центр,0.786,yandex
2026-09-29,RU,аквариум,аквариум жёлтая луна текст,0.782,google
2026-09-29,RU,аквариум,аквариум под небом голубым,0.782,google
2026-09-29,RU,рыбалка,рыбалка ессентуки,0.781,google
2026-09-29,RU,аквариум,аквариум евпатория официальный сайт,0.778,google
2026-09-29,RU,аквариум,аквариум евпатория расписание и цены 2026,0.778,yandex
2026-09-29,RU,аквариум,аквариум железнодорожная вода текст,0.778,google
2026-09-29,RU,аквариум,аквариум флория в стамбуле цена,0.778,yandex
2026-09-29,RU,аквариум,аквариум хургада гранд цена билета,0.778,yandex
2026-09-29,RU,рыбалка,горох для рыбалки приготовление своими руками,0.778,yandex
2026-09-29,RU,рыбалка,рыбалка чистый пруд большое исаково,0.778,yandex
2026-09-29,RU,аквариум,аквариум с растениями,0.777,google
2026-09-29,RU,аквариум,аквариум шестигранный,0.777,google
2026-09-29,RU,аквариум,аквариум эндокринолог,0.777,yandex
2026-09-29,RU,рыбалка,рыбалка онлайн играть,0.777,google
2026-09-29,RU,аквариум,аквариум шоп,0.776,yandex
2026-09-29,RU,рыбалка,рыбалка бали,0.776,yandex
2026-09-29,RU,рыбалка,рыбалка рмрп,0.776,google
2026-09-29,RU,рыбалка,рыбалка янао,0.776,yandex
2026-09-29,RU,аквариум,аквариум ювель 180 литров,0.772,yandex
2026-09-29,RU,аквариум,аквариум юрьев день текст,0.772,google
2026-09-29,RU,рыбалка,для рыбалки своими руками,0.772,yandex
2026-09-29,RU,рыбалка,как рыбалка нормально мем,0.772,google
2026-09-29,RU,аквариум,аквариум цихлиды,0.771,yandex
2026-09-29,RU,рыбалка,рыбалка белгород,0.771,yandex
2026-09-29,RU,рыбалка,рыбалка царицыно,0.771,yandex
2026-09-29,RU,аквариум,аквариум севастополь,0.767,yandex
2026-09-29,RU,аквариум,аквариум ереван,0.761,google
2026-09-29,RU,аквариум,аквариум футбол,0.761,yandex
2026-09-29,RU,аквариум,аквариум хуавей,0.761,yandex
2026-09-29,RU,аквариум,аквариум шестигранный купить,0.758,google
2026-09-29,RU,аквариум,аквариум электричество текст,0.758,google
2026-09-29,RU,аквариум,аквариум угловой купить,0.752,google
2026-09-29,RU,аквариум,аквариум фильм смотреть,0.752,google
2026-09-29,RU,аквариум,аквариум хургада отзывы,0.752,yandex
2026-09-29,RU,аквариум,аквариум цветет зеленым,0.752,google
2026-09-29,RU,рыбалка,рыбалка ленинский район,0.752,google
2026-09-29,RU,аквариум,аквариум узкий,0.751,google
2026-09-29,RU,аквариум,аквариум экспо,0.751,yandex
2026-09-29,RU,рыбалка,рыбалка ростов,0.751,yandex
2026-09-29,RU,рыбалка,рыбалка у дома,0.751,google
2026-09-29,RU,рыбалка,рыбалка яровое,0.751,google
2026-09-29,RU,рыбалка,рыбалка яхрома,0.751,yandex
2026-09-29,RU,рыбалка,рыбалка самоделки своими руками видео,0.75,google
2026-09-29,RU,рыбалка,рыбалка челябинская область,0.748,google
2026-09-29,RU,аквариум,аквариум ювель 450,0.747,google
2026-09-29,RU,рыбалка,рыбалка без понтов,0.747,yandex
2026-09-29,RU,аквариум,аквариум немо,0.741,yandex
2026-09-29,RU,аквариум,аквариум ясаш,0.741,google
2026-09-29,RU,рыбалка,рыбалка жукей,0.741,google
2026-09-29,RU,рыбалка,рыбалка царев,0.741,google
2026-09-29,RU,рыбалка,рыбалка чебаркуль,0.737,yandex
2026-09-29,RU,аквариум,аквариум фильм 2023 смотреть онлайн бесплатно в хорошем качестве,0.733,yandex
2026-09-29,RU,рыбалка,почему рыбалка интересное занятие,0.733,google
2026-09-29,RU,рыбалка,рыбалка самоделки для рыбалки своими руками,0.733,yandex
2026-09-29,RU,рыбалка,рыбалка цитаты высказывания афоризмы,0.733,google
2026-09-29,RU,рыбалка,рыбалка рядом со мной,0.732,google
2026-09-29,RU,аквариум,аквариум пнг,0.731,yandex
2026-09-29,RU,рыбалка,рыбалка ерши,0.731,yandex
2026-09-29,RU,рыбалка,рыбалка чита,0.731,yandex
2026-09-29,RU,аквариум,аквариум угловой с тумбой,0.728,google
2026-09-29,RU,аквариум,аквариум пхукета,0.727,yandex
2026-09-29,RU,рыбалка,как рыбалка картинки,0.722,yandex
2026-09-29,RU,рыбалка,рыбалка черные камни,0.722,google
2026-09-29,RU,рыбалка,рыбалка лещ,0.721,yandex
2026-09-29,RU,рыбалка,рыбалка от 02 до 89 2026,0.718,yandex
2026-09-29,RU,аквариум,аквариум каюкан,0.717,yandex
2026-09-29,RU,рыбалка,рыбалка жуковка,0.717,yandex
2026-09-29,RU,рыбалка,рыбалка на щуку,0.717,yandex
2026-09-29,RU,рыбалка,рыбалка уральск,0.717,yandex
2026-09-29,RU,рыбалка,рыбалка чувашия,0.717,google
2026-09-29,RU,аквариум,аквариум екатеринбург купить,0.713,google
2026-09-29,RU,аквариум,аквариум пистолет мм2 валюта,0.713,google
2026-09-29,RU,аквариум,аквариум электрошок,0.712,google
2026-09-29,RU,рыбалка,рыбалка база отдыха,0.712,google
2026-09-29,RU,аквариум,аквариум цилиндр купить,0.708,google
2026-09-29,RU,рыбалка,рыбалка ярославль форум,0.708,google
2026-09-29,RU,аквариум,аквариум футаж,0.707,yandex
2026-09-29,RU,аквариум,аквариум школа,0.707,yandex
2026-09-29,RU,рыбалка,рыбалка байкал,0.707,google
2026-09-29,RU,рыбалка,рыбалка левада,0.707,yandex
2026-09-29,RU,рыбалка,рыбалка цивиль,0.707,yandex
2026-09-29,RU,аквариум,аквариум краснодар,0.702,yandex
2026-09-29,RU,аквариум,аквариум этот поезд в огне аккорды,0.7,"yandex,google"
2026-09-29,RU,аквариум,аквариум корпус для пк,0.698,google
2026-09-29,RU,аквариум,аквариум яндекс музыка,0.698,google
2026-09-29,RU,аквариум,аквариум жанр,0.697,google
2026-09-29,RU,рыбалка,рыбалка зимой,0.697,yandex
2026-09-29,RU,аквариум,аквариум электрический пес,0.693,yandex
2026-09-29,RU,аквариум,аквариум электрический пёс,0.693,google
2026-09-29,RU,аквариум,аквариум зеленеет,0.692,google
2026-09-29,RU,аквариум,аквариум заставка на рабочий стол анимация,0.689,yandex
2026-09-29,RU,рыбалка,рыбалка отдых краснодарский край домики на природе,0.689,yandex
2026-09-29,RU,рыбалка,якорь для лодки своими руками для рыбалки,0.689,yandex
2026-09-29,RU,рыбалка,рыбалка без интернета,0.688,google
2026-09-29,RU,рыбалка,рыбалка ранней весной,0.688,yandex
2026-09-29,RU,рыбалка,рыбалка обои,0.687,yandex
2026-09-29,RU,рыбалка,рыбалка рдр2,0.687,google
2026-09-29,RU,аквариум,аквариум нож мм2,0.682,google
2026-09-29,RU,рыбалка,рыбалка это грех,0.682,google
2026-09-29,RU,рыбалка,рыбалка якудза 0,0.682,google
2026-09-29,RU,рыбалка,рыбалка снасти своими руками,0.68,google
2026-09-29,RU,аквариум,аквариум фильм сюжет,0.678,google
2026-09-29,RU,рыбалка,почему рыбалка утром,0.678,google
2026-09-29,RU,рыбалка,как рыбалка по английски,0.673,yandex
2026-09-29,RU,аквариум,аквариум зоомир,0.672,yandex
2026-09-29,RU,аквариум,аквариум фукуок,0.672,yandex
2026-09-29,RU,рыбалка,рыбалка луганск,0.672,yandex
2026-09-29,RU,аквариум,аквариум с медузами,0.668,google
2026-09-29,RU,аквариум,аквариум санья,0.662,yandex
2026-09-29,RU,аквариум,аквариум сяоми,0.662,google
2026-09-29,RU,аквариум,аквариум цветы,0.662,yandex
2026-09-29,RU,рыбалка,почему рыбалка,0.662,google
2026-09-29,RU,рыбалка,рыбалка бодрум,0.662,yandex
2026-09-29,RU,рыбалка,рыбалка зимняя,0.662,yandex
2026-09-29,RU,рыбалка,рыбалка удочка,0.662,google
2026-09-29,RU,рыбалка,рыбалка япония,0.662,yandex
2026-09-29,RU,аквариум,аквариум программа,0.658,yandex
2026-09-29,RU,рыбалка,рыбалка у михалыча,0.658,google
2026-09-29,RU,аквариум,аквариум центр циклона,0.653,yandex
2026-09-29,RU,рыбалка,рыбалка рисунок легкий,0.653,google
2026-09-29,RU,рыбалка,рыбалка оптом,0.652,google
2026-09-29,RU,рыбалка,рыбалка евгений николаевич,0.649,google
2026-09-29,RU,рыбалка,рыбалка литвиново,0.648,yandex
2026-09-29,RU,рыбалка,рыбалка лонг дарк,0.648,google
2026-09-29,RU,рыбалка,рыбалка это охота,0.648,google
2026-09-29,RU,аквариум,аквариум этот поезд в огне слушать,0.644,yandex
2026-09-29,RU,рыбалка,рыбалка своими руками на канале сергея деркача,0.644,yandex
2026-09-29,RU,аквариум,аквариум на 50 литров,0.643,google
2026-09-29,RU,рыбалка,рыбалка цуки,0.642,yandex
2026-09-29,RU,рыбалка,почему рыбалка рано утром,0.639,google
2026-09-29,RU,рыбалка,рыбалка это спорт или нет,0.639,google
2026-09-29,RU,аквариум,аквариум шулешко,0.638,yandex
2026-09-29,RU,аквариум,аквариум хургада гранд отзывы,0.634,google
2026-09-29,RU,аквариум,аквариум козлодоев текст,0.629,google
2026-09-29,RU,аквариум,аквариум запуск,0.628,yandex
2026-09-29,RU,аквариум,аквариум я змея,0.628,yandex
2026-09-29,RU,рыбалка,рыбалка женская,0.628,yandex
2026-09-29,RU,рыбалка,рыбалка уи,0.622,yandex
2026-09-29,RU,аквариум,аквариум на 200 литров,0.62,"yandex,google"
2026-09-29,RU,аквариум,аквариум своими руками,0.62,"yandex,google"
2026-09-29,RU,аквариум,аквариум ювель рио 125,0.62,"yandex,google"
2026-09-29,RU,аквариум,аквариум зверь,0.618,google
2026-09-29,RU,аквариум,аквариум ногти,0.618,yandex
2026-09-29,RU,аквариум,аквариум центр,0.618,yandex
2026-09-29,RU,аквариум,аквариум эхейм,0.618,yandex
2026-09-29,RU,рыбалка,рыбалка осенью,0.618,google
2026-09-29,RU,рыбалка,рыбалка фукуок,0.618,yandex
2026-09-29,RU,рыбалка,рыбалка эхолот,0.618,yandex
2026-09-29,RU,аквариум,аквариум железнодорожная вода аккорды,0.611,"yandex,google"
2026-09-29,RU,рыбалка,рыбалка елена,0.608,yandex
2026-09-29,RU,аквариум,аквариум зимняя роза текст,0.604,google
2026-09-29,RU,аквариум,аквариум этот поезд в огне,0.604,google
2026-09-29,RU,аквариум,аквариум картинка,0.603,yandex
2026-09-29,RU,рыбалка,рыбалка жестылево,0.603,google
2026-09-29,RU,рыбалка,рыбалка русская 4,0.603,yandex
2026-09-29,RU,рыбалка,рыбалка у азамата,0.603,yandex
2026-09-29,RU,рыбалка,рыбалка это хобби,0.603,google
2026-09-29,RU,аквариум,аквариум я хочу быть с тобой текст,0.6,yandex
2026-09-29,RU,аквариум,аквариум я хотел петь,0.599,google
2026-09-29,RU,рыбалка,рыбалка раст,0.598,google
2026-09-29,RU,рыбалка,рыбалка цена,0.598,yandex
2026-09-29,RU,рыбалка,рыбалка ямал,0.598,yandex
2026-09-29,RU,аквариум,аквариум суворов,0.593,yandex
2026-09-29,RU,рыбалка,рыбалка на фидер,0.593,yandex
2026-09-29,RU,рыбалка,рыбалка цимлянск,0.593,yandex
2026-09-29,RU,рыбалка,почему рыбалка так затягивает,0.59,yandex
2026-09-29,RU,рыбалка,рыбалка онлайн на пк,0.589,google
2026-09-29,RU,аквариум,аквариум пк,0.588,google
2026-09-29,RU,рыбалка,рыбалка онлайн симулятор,0.584,google
2026-09-29,RU,рыбалка,рыбалка бф вики,0.583,google
2026-09-29,RU,рыбалка,рыбалка железня,0.583,yandex
2026-09-29,RU,аквариум,аквариум с рыбками,0.58,"yandex,google"
2026-09-29,RU,рыбалка,рыбалка цаган аман,0.58,"yandex,google"
2026-09-29,RU,аквариум,аквариум зоомагазин,0.579,google
2026-09-29,RU,аквариум,аквариум фильм 2023,0.579,google
2026-09-29,RU,рыбалка,рыбалка лазаревское,0.579,google
2026-09-29,RU,рыбалка,рыбалка у петровича,0.579,yandex
2026-09-29,RU,аквариум,аквариум зубах,0.573,google
2026-09-29,RU,рыбалка,рыбалка енисей,0.573,google
2026-09-29,RU,рыбалка,рыбалка липецк,0.573,yandex
2026-09-29,RU,рыбалка,рыбалка якутия,0.573,google
2026-09-29,RU,рыбалка,игра рыбалка своими руками,0.571,"yandex,google"
2026-09-29,RU,аквариум,аквариум живые обои скачать,0.57,yandex
2026-09-29,RU,рыбалка,рыбалка жуковский,0.57,"yandex,google"
2026-09-29,RU,рыбалка,рыбалка челябинск,0.57,"yandex,google"
2026-09-29,RU,рыбалка,рыбалка прикормка своими руками,0.567,"yandex,google"
2026-09-29,RU,аквариум,аквариум стаканы текст,0.564,google
2026-09-29,RU,рыбалка,почему рыбалка полезна,0.564,google
2026-09-29,RU,аквариум,аквариум ейск,0.563,yandex
2026-09-29,RU,рыбалка,рыбалка чайка,0.563,yandex
2026-09-29,RU,аквариум,аквариум круглый,0.56,"yandex,google"
2026-09-29,RU,аквариум,аквариум енакиево,0.559,yandex
2026-09-29,RU,рыбалка,рыбалка у иваныча,0.559,google
2026-09-29,RU,рыбалка,рыбалка чернятино,0.559,yandex
2026-09-29,RU,рыбалка,рыбалка омск,0.553,google
2026-09-29,RU,рыбалка,рыбалка орша,0.553,yandex
2026-09-29,RU,рыбалка,рыбалка ялта,0.553,yandex
2026-09-29,RU,рыбалка,рыбалка рыбалка,0.55,"yandex,google"
2026-09-29,RU,рыбалка,рыбалка удалась,0.55,"yandex,google"
2026-09-29,RU,аквариум,аквариум на вднх,0.549,yandex
2026-09-29,RU,аквариум,аквариум стардью,0.549,google
2026-09-29,RU,рыбалка,рыбалка на волге,0.549,yandex
2026-09-29,RU,рыбалка,рыбалка эстетика,0.549,yandex
2026-09-29,RU,аквариум,аквариум я хочу быть с тобой,0.547,"yandex,google"
2026-09-29,RU,аквариум,аквариум живые обои,0.546,"yandex,google"
2026-09-29,RU,аквариум,аквариум фильм 2009,0.546,"yandex,google"
2026-09-29,RU,аквариум,аквариум юрьев день,0.546,"yandex,google"
2026-09-29,RU,рыбалка,рыбалка железноводск,0.544,google
2026-09-29,RU,рыбалка,рыбалка олвейс алоне,0.544,yandex
2026-09-29,RU,рыбалка,почему рыбалка это спорт,0.54,google
2026-09-29,RU,аквариум,аквариум хиаоми,0.539,google
2026-09-29,RU,аквариум,аквариум узелок стардью,0.53,google
2026-09-29,RU,рыбалка,рыбалка железнодорожный,0.53,google
2026-09-29,RU,аквариум,аквариум эстет,0.529,yandex
2026-09-29,RU,рыбалка,рыбалка бишкек,0.529,yandex
2026-09-29,RU,рыбалка,рыбалка жиздра,0.529,yandex
2026-09-29,RU,аквариум,аквариум концерты,0.526,"yandex,google"
2026-09-29,RU,аквариум,аквариум жебо,0.519,yandex
2026-09-29,RU,рыбалка,рыбалка цетус,0.519,google
2026-09-29,RU,рыбалка,как рыбалка на английском,0.517,"yandex,google"
2026-09-29,RU,рыбалка,рыбалка л2 скрайд,0.514,yandex
2026-09-29,RU,аквариум,аквариум перевод,0.504,yandex
2026-09-29,RU,аквариум,аквариум стаканы,0.504,yandex
2026-09-29,RU,рыбалка,как рыбалка сегодня,0.501,"yandex,google"
2026-09-29,RU,аквариум,аквариум зверь текст,0.5,google
2026-09-29,RU,рыбалка,рыбалка чистые пруды,0.5,google
2026-09-29,RU,аквариум,аквариум цилиндрический,0.497,"yandex,google"
2026-09-29,RU,аквариум,аквариум южно сахалинск,0.497,"yandex,google"
2026-09-29,RU,аквариум,аквариум жажда,0.496,"yandex,google"
2026-09-29,RU,рыбалка,рыбалка якутск,0.496,"yandex,google"
2026-09-29,RU,аквариум,аквариум улитки,0.494,yandex
2026-09-29,RU,рыбалка,рыбалка что это,0.494,google
2026-09-29,RU,рыбалка,рыбалка эмблема,0.494,yandex
2026-09-29,RU,аквариум,аквариум плоскость,0.491,"yandex,google"
2026-09-29,RU,аквариум,аквариум на 500 литров,0.487,"yandex,google"
2026-09-29,RU,аквариум,аквариум займ,0.486,"yandex,google"
2026-09-29,RU,аквариум,аквариум уход,0.486,"yandex,google"
2026-09-29,RU,аквариум,аквариум хиоми,0.484,yandex
2026-09-29,RU,рыбалка,рыбалка батуми,0.484,yandex
2026-09-29,RU,рыбалка,рыбалка раково,0.484,yandex
2026-09-29,RU,рыбалка,рыбалка четыре,0.484,yandex
2026-09-29,RU,аквариум,аквариум заставка,0.481,"yandex,google"
2026-09-29,RU,аквариум,аквариум заводской,0.48,yandex
2026-09-29,RU,аквариум,аквариум жаль подмога не пришла,0.478,"yandex,google"
2026-09-29,RU,рыбалка,как рыбалка влияет на здоровье,0.478,"yandex,google"
2026-09-29,RU,рыбалка,рыбалка ли юэ,0.474,google
2026-09-29,RU,рыбалка,рыбалка рутуб,0.474,google
2026-09-29,RU,рыбалка,рыбалка оптом рф,0.471,"yandex,google"
2026-09-29,RU,рыбалка,рыбалка ульяновск,0.47,google
2026-09-29,RU,аквариум,аквариум фон,0.464,yandex
2026-09-29,RU,аквариум,аквариум шарджа,0.461,"yandex,google"
2026-09-29,RU,рыбалка,рыбалка рисунок,0.461,"yandex,google"
2026-09-29,RU,рыбалка,рыбалка фонтейн,0.461,"yandex,google"
2026-09-29,RU,аквариум,аквариум скачать,0.46,yandex
2026-09-29,RU,аквариум,аквариум живой,0.451,"yandex,google"
2026-09-29,RU,рыбалка,рыбалка у игоря,0.45,yandex
2026-09-29,RU,рыбалка,рыбалка чардара,0.45,yandex
2026-09-29,RU,аквариум,аквариум хабаровск,0.447,"yandex,google"
2026-09-29,RU,рыбалка,рыбалка ультралайт,0.447,"yandex,google"
2026-09-29,RU,рыбалка,рыбалка же,0.444,yandex
2026-09-29,RU,аквариум,аквариум электричество,0.442,"yandex,google"
2026-09-29,RU,аквариум,аквариум ширма,0.44,google
2026-09-29,RU,аквариум,аквариум на заказ,0.437,"yandex,google"
2026-09-29,RU,аквариум,аквариум екатеринбург,0.432,"yandex,google"
2026-09-29,RU,аквариум,аквариум железнодорожная вода,0.423,"yandex,google"
2026-09-29,RU,рыбалка,рыбалка екатеринбург,0.422,"yandex,google"
2026-09-29,RU,аквариум,аквариум якутск,0.417,"yandex,google"
2026-09-29,RU,аквариум,аквариум книга,0.407,"yandex,google"
2026-09-29,RU,рыбалка,рыбалка эмодзи,0.407,"yandex,google"
2026-09-29,RU,аквариум,аквариум ярославль,0.402,"yandex,google"
2026-09-29,RU,рыбалка,рыбалка чай будешь,0.402,"yandex,google"
2026-09-29,RU,рыбалка,рыбалка это спорт,0.392,"yandex,google"
2026-09-29,RU,рыбалка,рыбалка фон,0.377,"yandex,google"
2026-09-29,RU,аквариум,аквариум есть город золотой,0.359,"yandex,google"
2026-09-29,RU,рыбалка,рыбалка фильм,0.352,"yandex,google"
2026-09-29,RU,рыбалка,рыбалка цимлянское водохранилище,0.344,"yandex,google"
2026-09-29,RU,аквариум,аквариум по английски,0.343,"yandex,google"
2026-09-29,RU,аквариум,аквариум ксиоми,0.328,"yandex,google"
2026-09-29,RU,рыбалка,как рыбалка мем,0.328,"yandex,google"
2026-09-29,RU,рыбалка,рыбалка блокс фрутс,0.323,"yandex,google"
2026-09-29,RU,рыбалка,рыбалка ру,0.322,"yandex,google"
2026-09-29,RU,аквариум,аквариум умный,0.318,"yandex,google"
2026-09-29,RU,рыбалка,рыбалка египет,0.318,"yandex,google"
2026-09-29,RU,аквариум,аквариум цихлидник,0.313,"yandex,google"
2026-09-29,RU,аквариум,аквариум ювель 240,0.313,"yandex,google"
2026-09-29,RU,аквариум,аквариум я инженер,0.313,"yandex,google"
2026-09-29,RU,аквариум,аквариум хиты,0.308,"yandex,google"
2026-09-29,RU,аквариум,аквариум ютуб,0.308,"yandex,google"
2026-09-29,RU,рыбалка,рыбалка форум,0.308,"yandex,google"
2026-09-29,RU,аквариум,аквариум поезд в огне,0.299,"yandex,google"
2026-09-29,RU,аквариум,аквариум умный xiaomi,0.299,"yandex,google"
2026-09-29,RU,аквариум,аквариум хургада,0.293,"yandex,google"
2026-09-29,RU,рыбалка,рыбалка цна,0.288,"yandex,google"
2026-09-29,RU,аквариум,аквариум корпус,0.283,"yandex,google"
2026-09-29,RU,аквариум,аквариум шаблон,0.283,"yandex,google"
2026-09-29,RU,рыбалка,рыбалка бф,0.278,"yandex,google"
2026-09-29,RU,рыбалка,рыбалка форель,0.273,"yandex,google"
2026-09-29,RU,аквариум,аквариум на 100 литров,0.264,"yandex,google"
2026-09-29,RU,аквариум,аквариум на английском,0.264,"yandex,google"
2026-09-29,RU,аквариум,аквариум ювель рио 180,0.264,"yandex,google"
2026-09-29,RU,аквариум,аквариум ялта,0.263,"yandex,google"
2026-09-29,RU,рыбалка,рыбалка ярославль,0.259,"yandex,google"
2026-09-29,RU,рыбалка,как рыбалка нормально,0.254,"yandex,google"
2026-09-29,RU,аквариум,аквариум цилиндр,0.249,"yandex,google"
2026-09-29,RU,рыбалка,рыбалка уфа,0.243,"yandex,google"
2026-09-29,RU,аквариум,аквариум шанхай,0.239,"yandex,google"
2026-09-29,RU,рыбалка,рыбалка л2,0.233,"yandex,google"
2026-09-29,RU,аквариум,аквариум песни,0.229,"yandex,google"
2026-09-29,RU,рыбалка,рыбалка журнал,0.229,"yandex,google"
2026-09-29,RU,рыбалка,рыбалка яндекс,0.229,"yandex,google"
2026-09-29,RU,аквариум,аквариум евпатория,0.224,"yandex,google"
2026-09-29,RU,аквариум,аквариум хургада гранд,0.22,"yandex,google"
2026-09-29,RU,аквариум,аквариум фото,0.219,"yandex,google"
2026-09-29,RU,рыбалка,рыбалка летом,0.219,"yandex,google"
2026-09-29,RU,рыбалка,рыбалка рядом,0.219,"yandex,google"
2026-09-29,RU,рыбалка,рыбалка фидер,0.219,"yandex,google"
2026-09-29,RU,рыбалка,рыбалка своими руками,0.21,"yandex,google"
2026-09-29,RU,аквариум,аквариум шар,0.209,"yandex,google"
2026-09-29,RU,аквариум,аквариум угловой,0.204,"yandex,google"
2026-09-29,RU,рыбалка,рыбалка бдо,0.199,"yandex,google"
2026-09-29,RU,рыбалка,рыбалка яндекс игры,0.19,"yandex,google"
2026-09-29,RU,рыбалка,рыбалка ейск,0.164,"yandex,google"
2026-09-29,RU,рыбалка,рыбалка фото,0.164,"yandex,google"
2026-09-29,RU,рыбалка,как рыбалка,0.154,"yandex,google"
2026-09-29,RU,аквариум,аквариум ювель,0.14,"yandex,google"
2026-09-29,RU,рыбалка,рыбалка цитаты,0.14,"yandex,google"
2026-09-29,RU,аквариум,аквариум цена,0.13,"yandex,google"
2026-09-29,RU,аквариум,аквариум это,0.12,"yandex,google"
2026-09-29,RU,рыбалка,рыбалка это,0.11,"yandex,google"
2026-09-29,US,mechanical keyboard,8bitdo retro mechanical keyboard,1.0,bing
2026-09-29,US,mechanical keyboard,aula mechanical keyboard 104 keys,1.0,bing
2026-09-29,US,mechanical keyboard,can mechanical keyboard connect,1.0,yahoo
2026-09-29,US,mechanical keyboard,can mechanical keyboard switches interswitch,1.0,google
2026-09-29,US,mechanical keyboard,how to make mechanical keyboard quieter,1.0,yahoo
2026-09-29,US,mechanical keyboard,logitech mechanical keyboard 80%,1.0,yahoo
2026-09-29,US,mechanical keyboard,mechanical keyboard 20 dollars,1.0,bing
2026-09-29,US,mechanical keyboard,mechanical keyboard 2026 in london,1.0,bing
2026-09-29,US,mechanical keyboard,mechanical keyboard backlit gb,1.0,bing
2026-09-29,US,mechanical keyboard,mechanical keyboard cap stabilizer,1.0,bing
2026-09-29,US,mechanical keyboard,mechanical keyboard different switches,1.0,bing
2026-09-29,US,mechanical keyboard,mechanical keyboard for office use,1.0,google
2026-09-29,US,mechanical keyboard,mechanical keyboard for office work,1.0,bing
2026-09-29,US,mechanical keyboard,mechanical keyboard numbers not working,1.0,bing
2026-09-29,US,mechanical keyboard,mechanical keyboard volume knob,1.0,google
2026-09-29,US,mechanical keyboard,mechanical keyboard vs normal keyboard,1.0,bing
2026-09-29,US,mechanical keyboard,mechanical keyboard with tablet holder,1.0,bing
2026-09-29,US,mechanical keyboard,mechanical keyboard yellow and black,1.0,google
2026-09-29,US,sourdough starter,sourdough starter 100 percent hydration,1.0,bing
2026-09-29,US,sourdough starter,sourdough starter alternatives,1.0,yahoo
2026-09-29,US,sourdough starter,sourdough starter banana bread recipe,1.0,bing
2026-09-29,US,sourdough starter,sourdough starter has dark liquid on top,1.0,bing
2026-09-29,US,sourdough starter,sourdough starter made with buttermilk,1.0,bing
2026-09-29,US,sourdough starter,sourdough starter mold vs hooch,1.0,google
2026-09-29,US,sourdough starter,sourdough starter nutritional information,1.0,yahoo
2026-09-29,US,sourdough starter,sourdough starter only has small bubbles,1.0,bing
2026-09-29,US,sourdough starter,sourdough starter smells like alcohol,1.0,bing
2026-09-29,US,sourdough starter,sourdough starter tortillas recipe,1.0,google
2026-09-29,US,sourdough starter,sourdough starter using white flour,1.0,bing
2026-09-29,US,tardigrade,tardigrade evolutionary history,1.0,google
2026-09-29,US,tardigrade,tardigrade microscopic features,1.0,bing
2026-09-29,US,tardigrade,tardigrade photo without microscope,1.0,google
2026-09-29,US,sourdough starter,what's sourdough starter discard,1.0,google
2026-09-29,US,sourdough starter,why sourdough starter got moldy,1.0,yahoo
2026-09-29,US,sourdough starter,why sourdough starter not doubling,1.0,google
2026-09-29,US,sourdough starter,why won't my sourdough starter rise,1.0,bing
2026-09-29,US,mechanical keyboard,mechanical keyboard 60% cheap,0.99,yahoo
2026-09-29,US,mechanical keyboard,mechanical keyboard build kit,0.99,google
2026-09-29,US,sourdough starter,sourdough starter alton brown,0.99,bing
2026-09-29,US,sourdough starter,sourdough starter yeast water,0.99,bing
2026-09-29,US,tardigrade,tardigrade inferno mastermind,0.99,bing
2026-09-29,US,tardigrade,tardigrade scientific studies,0.99,bing
2026-09-29,US,tardigrade,where can tardigrades survive,0.99,google
2026-09-29,US,sourdough starter,how to dry sourdough starter,0.98,yahoo
2026-09-29,US,mechanical keyboard,mechanical keyboard 100 keys,0.98,google
2026-09-29,US,mechanical keyboard,mechanical keyboard building,0.98,yahoo
2026-09-29,US,sourdough starter,sourdough starter 77 degrees,0.98,google
2026-09-29,US,mechanical keyboard,mechanical keyboard warranty in vienna,0.979,bing
2026-09-29,US,mechanical keyboard,mechanical keyboard cat keycap,0.978,bing
2026-09-29,US,mechanical keyboard,mechanical keyboard vortex race 3,0.973,bing
2026-09-29,US,sourdough starter,sourdough starter and storage tips,0.973,bing
2026-09-29,US,sourdough starter,sourdough starter to flour ratio for bread,0.973,bing
2026-09-29,US,sourdough starter,sourdough starter has black liquid on top,0.971,bing
2026-09-29,US,sourdough starter,sourdough starter names funny girl,0.971,bing
2026-09-29,US,sourdough starter,sourdough starter with yeast recipe,0.971,bing
2026-09-29,US,tardigrade,tardigrade microscopic habitat,0.971,bing
2026-09-29,US,mechanical keyboard,mechanical keyboard 64 keys,0.97,google
2026-09-29,US,mechanical keyboard,mechanical keyboard diy kit,0.97,google
2026-09-29,US,mechanical keyboard,mechanical keyboard virtual,0.97,yahoo
2026-09-29,US,sourdough starter,sourdough starter appliance,0.97,yahoo
2026-09-29,US,sourdough starter,sourdough starter years old,0.97,google
2026-09-29,US,tardigrade,tardigrade culture for sale,0.97,google
2026-09-29,US,tardigrade,tardigrade knitting pattern,0.97,google
2026-09-29,US,tardigrade,tardigrade population facts,0.97,bing
2026-09-29,US,tardigrade,tardigrade water bear plush,0.97,bing
2026-09-29,US,sourdough starter,sourdough starter machine king arthur,0.969,bing
2026-09-29,US,sourdough starter,sourdough starter using instant potato flakes,0.969,bing
2026-09-29,US,tardigrade,tardigrade behavioral adaptations,0.969,bing
2026-09-29,US,tardigrade,tardigrade unusual survival abilities,0.967,bing
2026-09-29,US,mechanical keyboard,mechanical keyboard f1 key,0.96,yahoo
2026-09-29,US,sourdough starter,sourdough starter on day 2,0.96,yahoo
2026-09-29,US,mechanical keyboard,mechanical keyboard best in vienna,0.958,bing
2026-09-29,US,mechanical keyboard,mechanical keyboard warranty in sydney,0.958,bing
2026-09-29,US,mechanical keyboard,can mechanical keyboards be wireless,0.956,google
2026-09-29,US,sourdough starter,how to freeze sourdough starter,0.956,yahoo
2026-09-29,US,mechanical keyboard,mechanical keyboard 60% wireless,0.956,yahoo
2026-09-29,US,mechanical keyboard,mechanical keyboard 85 percent,0.956,google
2026-09-29,US,mechanical keyboard,mechanical keyboard cheap in prague,0.956,bing
2026-09-29,US,mechanical keyboard,mechanical keyboard creamy switches,0.956,google
2026-09-29,US,mechanical keyboard,mechanical keyboard not responding,0.956,yahoo
2026-09-29,US,mechanical keyboard,mechanical keyboard versus regular,0.956,yahoo
2026-09-29,US,mechanical keyboard,mechanical keyboard wood sound,0.956,yahoo
2026-09-29,US,sourdough starter,sourdough starter 2 weeks in fridge,0.956,google
2026-09-29,US,sourdough starter,sourdough starter after fridge,0.956,google
2026-09-29,US,sourdough starter,sourdough starter homemade recipe,0.956,yahoo
2026-09-29,US,sourdough starter,sourdough starter jar alternative,0.956,google
2026-09-29,US,sourdough starter,sourdough starter muffin recipes,0.956,google
2026-09-29,US,sourdough starter,sourdough starter unfed/discard,0.956,yahoo
2026-09-29,US,sourdough starter,sourdough starter using cup measurements,0.956,google
2026-09-29,US,sourdough starter,sourdough starter yeast from air,0.956,yahoo
2026-09-29,US,tardigrade,tardigrade 30 years without food,0.956,google
2026-09-29,US,tardigrade,tardigrade adaptations for survival,0.956,google
2026-09-29,US,tardigrade,tardigrade survive without water,0.956,google
2026-09-29,US,tardigrade,tardigrade under 1000x microscope,0.956,google
2026-09-29,US,sourdough starter,what sourdough starter is the best,0.956,google
2026-09-29,US,sourdough starter,why will my sourdough starter not rise,0.956,bing
2026-09-29,US,mechanical keyboard,mechanical keyboard 3d model,0.951,bing
2026-09-29,US,sourdough starter,sourdough starter 2 weeks,0.95,google
2026-09-29,US,sourdough starter,sourdough starter tipo 00,0.95,google
2026-09-29,US,tardigrade,tardigrade structure details,0.949,bing
2026-09-29,US,mechanical keyboard,mechanical keyboard vs in dublin,0.947,bing
2026-09-29,US,sourdough starter,sourdough starter activation tips,0.947,bing
2026-09-29,US,sourdough starter,sourdough starter yeast type,0.947,bing
2026-09-29,US,sourdough starter,sourdough starter yellow tint,0.946,google
2026-09-29,US,tardigrade,tardigrade under a microscope,0.946,yahoo
2026-09-29,US,mechanical keyboard,mechanical keyboard for lol,0.945,bing
2026-09-29,US,mechanical keyboard,how to make a mechanical keyboard quieter,0.943,yahoo
2026-09-29,US,mechanical keyboard,mechanical keyboard 2026 in chicago,0.943,bing
2026-09-29,US,sourdough starter,sourdough starter hydration calculator,0.943,bing
2026-09-29,US,sourdough starter,sourdough starter not doubling in size,0.943,bing
2026-09-29,US,sourdough starter,sourdough starter with rye flour,0.943,bing
2026-09-29,US,mechanical keyboard,mechanical keyboard news,0.94,google
2026-09-29,US,sourdough starter,sourdough starter acidic,0.94,google
2026-09-29,US,sourdough starter,sourdough starter tucson,0.94,bing
2026-09-29,US,sourdough starter,sourdough starter upkeep,0.94,google
2026-09-29,US,tardigrade,tardigrade not zoomed in,0.94,google
2026-09-29,US,mechanical keyboard,mechanical keyboard best in dublin,0.937,bing
2026-09-29,US,mechanical keyboard,mechanical keyboard wireless under 2000,0.937,bing
2026-09-29,US,mechanical keyboard,mechanical keyboard designer,0.936,yahoo
2026-09-29,US,sourdough starter,sourdough starter 75 degrees,0.936,google
2026-09-29,US,sourdough starter,sourdough starter zero waste,0.936,google
2026-09-29,US,mechanical keyboard,mechanical keyboard cheap in london,0.933,bing
2026-09-29,US,sourdough starter,sourdough starter rising on day 2,0.933,yahoo
2026-09-29,US,tardigrade,tardigrade microscopic animal,0.933,bing
2026-09-29,US,mechanical keyboard,mechanical keyboard 20k,0.93,google
2026-09-29,US,mechanical keyboard,mechanical keyboard 40%,0.93,yahoo
2026-09-29,US,mechanical keyboard,mechanical keyboard qmk,0.93,google
2026-09-29,US,sourdough starter,sourdough starter day 7,0.93,yahoo
2026-09-29,US,tardigrade,tardigrade extreme heat,0.93,yahoo
2026-09-29,US,tardigrade,tardigrade on your skin,0.93,google
2026-09-29,US,tardigrade,tardigrade real picture,0.93,bing
2026-09-29,US,mechanical keyboard,mechanical keyboard newegg,0.929,bing
2026-09-29,US,tardigrade,tardigrade population size,0.927,bing
2026-09-29,US,sourdough starter,1 0.5 0.5 sourdough starter,0.926,google
2026-09-29,US,mechanical keyboard,mechanical keyboard fn keys,0.926,yahoo
2026-09-29,US,mechanical keyboard,mechanical keyboard vendors,0.926,google
2026-09-29,US,sourdough starter,sourdough starter amy bakes,0.926,yahoo
2026-09-29,US,sourdough starter,sourdough starter nicknames,0.926,yahoo
2026-09-29,US,mechanical keyboard,mechanical keyboard frame type,0.925,bing
2026-09-29,US,mechanical keyboard,mechanical keyboard 20,0.92,yahoo
2026-09-29,US,mechanical keyboard,mechanical keyboard 87,0.92,google
2026-09-29,US,mechanical keyboard,mechanical keyboard vs low profile,0.92,bing
2026-09-29,US,sourdough starter,sourdough starter and temperature,0.92,bing
2026-09-29,US,sourdough starter,sourdough starter test,0.92,yahoo
2026-09-29,US,sourdough starter,sourdough starter turned acidic,0.92,bing
2026-09-29,US,tardigrade,tardigrade moss piglet,0.92,yahoo
2026-09-29,US,tardigrade,tardigrade zodiac sign,0.92,yahoo
2026-09-29,US,sourdough starter,sourdough starter management,0.918,bing
2026-09-29,US,mechanical keyboard,mechanical keyboard best in toronto,0.916,bing
2026-09-29,US,mechanical keyboard,mechanical keyboard warranty in prague,0.916,bing
2026-09-29,US,mechanical keyboard,mechanical keyboard yangon,0.916,google
2026-09-29,US,sourdough starter,sourdough starter has mold,0.916,google
2026-09-29,US,sourdough starter,sourdough starter tutorial,0.916,google
2026-09-29,US,mechanical keyboard,mechanical keyboard 2026 in lisbon,0.914,bing
2026-09-29,US,sourdough starter,sourdough starter has a crust on top,0.914,bing
2026-09-29,US,sourdough starter,sourdough starter not rising after 7 days,0.914,bing
2026-09-29,US,mechanical keyboard,can mechanical keyboards connect to. ipad,0.911,google
2026-09-29,US,sourdough starter,how to make your own sourdough starter,0.911,yahoo
2026-09-29,US,mechanical keyboard,mechanical keyboard 60% motherboard,0.911,yahoo
2026-09-29,US,mechanical keyboard,mechanical keyboard 80 percent wireless,0.911,google
2026-09-29,US,mechanical keyboard,mechanical keyboard cheap near me,0.911,bing
2026-09-29,US,mechanical keyboard,mechanical keyboard crossword clue,0.911,yahoo
2026-09-29,US,mechanical keyboard,mechanical keyboard display stand,0.911,google
2026-09-29,US,mechanical keyboard,mechanical keyboard volume control,0.911,yahoo
2026-09-29,US,mechanical keyboard,mechanical keyboard vs apple keyboard,0.911,google
2026-09-29,US,mechanical keyboard,mechanical keyboard with screen and knob,0.911,yahoo
2026-09-29,US,mechanical keyboard,mechanical keyboard with silent switches,0.911,google
2026-09-29,US,sourdough starter,sourdough starter 2 tablespoons,0.911,google
2026-09-29,US,sourdough starter,sourdough starter not active enough,0.911,yahoo
2026-09-29,US,sourdough starter,sourdough starter yeast on face,0.911,yahoo
2026-09-29,US,tardigrade,tardigrade exposure to environmental toxins,0.911,yahoo
2026-09-29,US,tardigrade,tardigrade seen without microscope,0.911,google
2026-09-29,US,tardigrade,tardigrade under microscope video,0.911,yahoo
2026-09-29,US,sourdough starter,what sourdough starter should smell like,0.911,google
2026-09-29,US,sourdough starter,why sourdough starter smells like alcohol,0.911,google
2026-09-29,US,sourdough starter,sourdough starter nyc,0.91,bing
2026-09-29,US,sourdough starter,sourdough starter use,0.91,yahoo
2026-09-29,US,sourdough starter,sourdough starter zoe,0.91,google
2026-09-29,US,tardigrade,tardigrade inferno we are number one,0.908,bing
2026-09-29,US,mechanical keyboard,mechanical keyboard frame,0.906,google
2026-09-29,US,sourdough starter,sourdough starter when to use,0.904,bing
2026-09-29,US,mechanical keyboard,mechanical keyboard design,0.903,bing
2026-09-29,US,sourdough starter,sourdough starter hard on top,0.901,google
2026-09-29,US,tardigrade,tardigrade kaha paya jata hai,0.901,google
2026-09-29,US,tardigrade,can i see a tardigrade without a microscope,0.9,"bing,ddg"
2026-09-29,US,mechanical keyboard,can laptops have mechanical keyboards,0.9,"bing,ddg"
2026-09-29,US,mechanical keyboard,mechanical keyboard 2026 in vienna,0.9,"bing,ddg"
2026-09-29,US,mechanical keyboard,mechanical keyboard 2026 in warsaw,0.9,"bing,ddg"
2026-09-29,US,mechanical keyboard,mechanical keyboard best in berlin,0.9,"bing,ddg"
2026-09-29,US,mechanical keyboard,mechanical keyboard for laptop,0.9,bing
2026-09-29,US,mechanical keyboard,mechanical keyboard vs in madrid,0.9,"bing,ddg"
2026-09-29,US,mechanical keyboard,mechanical keyboard wrist rest,0.9,"google,yahoo"
2026-09-29,US,mechanical keyboard,quietest mechanical keyboard switches,0.9,"bing,ddg"
2026-09-29,US,sourdough starter,sourdough starter 04,0.9,yahoo
2026-09-29,US,sourdough starter,sourdough starter aging process,0.9,"bing,ddg"
2026-09-29,US,sourdough starter,sourdough starter biscuit recipe,0.9,"google,yahoo"
2026-09-29,US,sourdough starter,sourdough starter hamburger buns,0.9,"google,yahoo"
2026-09-29,US,sourdough starter,sourdough starter muffin recipe,0.9,"bing,ddg"
2026-09-29,US,sourdough starter,sourdough starter oregon trail,0.9,"bing,ddg"
2026-09-29,US,sourdough starter,sourdough starter yeast recipe,0.9,"google,yahoo"
2026-09-29,US,sourdough starter,sourdough starter yeast substitute,0.9,"bing,ddg"
2026-09-29,US,sourdough starter,sourdough starter zucchini muffins,0.9,"google,yahoo"
2026-09-29,US,mechanical keyboard,switch keyboard mechanical yang tidak berisik,0.9,"bing,ddg"
2026-09-29,US,tardigrade,tardigrade mickey 17,0.9,google
2026-09-29,US,tardigrade,tardigrade size comparison to ant,0.9,"bing,ddg"
2026-09-29,US,tardigrade,tardigrade under microscope 40x,0.9,"google,bing"
2026-09-29,US,tardigrade,tardigrade unusual adaptations,0.9,bing
2026-09-29,US,tardigrade,vrin model for tardigrade research,0.9,"bing,ddg"
2026-09-29,US,sourdough starter,why is my sourdough starter runny,0.9,"bing,ddg"
2026-09-29,US,mechanical keyboard,wireless mechanical keyboard 100,0.9,"bing,ddg"
2026-09-29,US,tardigrade,tardigrade in real life,0.899,bing
2026-09-29,US,mechanical keyboard,mechanical keyboard 2500,0.896,google
2026-09-29,US,sourdough starter,sourdough starter nearby,0.896,google
2026-09-29,US,tardigrade,tardigrade magnification,0.896,yahoo
2026-09-29,US,mechanical keyboard,mechanical keyboard warranty in london,0.895,bing
2026-09-29,US,tardigrade,tardigrade microscopic study,0.894,bing
2026-09-29,US,sourdough starter,sourdough starter and water ratio,0.893,bing
2026-09-29,US,sourdough starter,sourdough starter trader joe's,0.893,bing
2026-09-29,US,mechanical keyboard,mechanical keyboard datablitz,0.89,"bing,ddg"
2026-09-29,US,sourdough starter,sourdough starter trypophobia,0.89,"bing,ddg"
2026-09-29,US,tardigrade,tardigrade immortal,0.89,bing
2026-09-29,US,tardigrade,tardigrade known as,0.89,yahoo
2026-09-29,US,mechanical keyboard,mechanical keyboard cheap in lisbon,0.889,bing
2026-09-29,US,sourdough starter,sourdough starter booster,0.888,bing
2026-09-29,US,sourdough starter,sourdough starter odor,0.887,bing
2026-09-29,US,mechanical keyboard,how to make my mechanical keyboard quieter,0.886,yahoo
2026-09-29,US,mechanical keyboard,mechanical keyboard dust cover,0.886,bing
2026-09-29,US,sourdough starter,sourdough starter moldy,0.886,yahoo
2026-09-29,US,tardigrade,tardigrade eat bacteria,0.886,yahoo
2026-09-29,US,mechanical keyboard,mechanical keyboard 2.4 ghz,0.881,google
2026-09-29,US,mechanical keyboard,mechanical keyboard fantech,0.881,yahoo
2026-09-29,US,mechanical keyboard,mechanical keyboard no keys,0.881,yahoo
2026-09-29,US,sourdough starter,sourdough starter zoe bakes,0.881,google
2026-09-29,US,tardigrade,tardigrade microscope slide,0.881,google
2026-09-29,US,tardigrade,tardigrade bitmoji,0.88,yahoo
2026-09-29,US,tardigrade,tardigrade walking,0.88,google
2026-09-29,US,sourdough starter,sourdough starter using rye,0.878,bing
2026-09-29,US,tardigrade,tardigrade inferno songs,0.878,bing
2026-09-29,US,sourdough starter,sourdough starter bubbles but doesn't rise,0.877,bing
2026-09-29,US,sourdough starter,sourdough starter using unbleached flour,0.877,bing
2026-09-29,US,mechanical keyboard,mechanical keyboard 61,0.876,google
2026-09-29,US,mechanical keyboard,mechanical keyboard for typing tvs gold,0.875,bing
2026-09-29,US,mechanical keyboard,mechanical keyboard best in sydney,0.874,bing
2026-09-29,US,mechanical keyboard,mechanical keyboard dragon,0.874,bing
2026-09-29,US,mechanical keyboard,mechanical keyboard with mouse,0.874,bing
2026-09-29,US,sourdough starter,sourdough starter orange,0.873,bing
2026-09-29,US,tardigrade,tardigrade where to find,0.873,bing
2026-09-29,US,mechanical keyboard,mechanical keyboard 2026 in toronto,0.871,"bing,ddg"
2026-09-29,US,mechanical keyboard,mechanical keyboard double typing fix,0.871,"google,bing"
2026-09-29,US,mechanical keyboard,mechanical keyboard qwerty,0.871,google
2026-09-29,US,mechanical keyboard,mechanical keyboard non rgb,0.87,"bing,ddg"
2026-09-29,US,sourdough starter,sourdough starter hydration,0.87,"bing,ddg"
2026-09-29,US,tardigrade,tardigrade unusual habitats,0.87,"bing,ddg"
2026-09-29,US,tardigrade,tardigrade species list,0.868,bing
2026-09-29,US,mechanical keyboard,best mechanical keyboard 80 percent,0.867,yahoo
2026-09-29,US,mechanical keyboard,can mechanical keyboards have rapid trigger,0.867,google
2026-09-29,US,sourdough starter,how sourdough starter should look like,0.867,google
2026-09-29,US,sourdough starter,how to care for sourdough starter,0.867,yahoo
2026-09-29,US,mechanical keyboard,mechanical keyboard 2025 reddit,0.867,google
2026-09-29,US,mechanical keyboard,mechanical keyboard 60% amazon,0.867,yahoo
2026-09-29,US,mechanical keyboard,mechanical keyboard cheap in berlin,0.867,bing
2026-09-29,US,mechanical keyboard,mechanical keyboard discount code,0.867,google
2026-09-29,US,mechanical keyboard,mechanical keyboard dustsilver k84,0.867,yahoo
2026-09-29,US,mechanical keyboard,mechanical keyboard not registering key,0.867,google
2026-09-29,US,mechanical keyboard,mechanical keyboard quick commerce,0.867,google
2026-09-29,US,mechanical keyboard,mechanical keyboard vs in london,0.867,bing
2026-09-29,US,mechanical keyboard,mechanical keyboard vs non mechanical,0.867,google
2026-09-29,US,mechanical keyboard,mechanical keyboard youtube sound,0.867,google
2026-09-29,US,sourdough starter,reasons why sourdough starter dies,0.867,yahoo
2026-09-29,US,sourdough starter,sourdough starter 2 ingredient recipe,0.867,google
2026-09-29,US,sourdough starter,sourdough starter 70 hydration,0.867,google
2026-09-29,US,sourdough starter,sourdough starter alcohol smell,0.867,google
2026-09-29,US,sourdough starter,sourdough starter and mold issues,0.867,bing
2026-09-29,US,sourdough starter,sourdough starter how long does it last,0.867,google
2026-09-29,US,sourdough starter,sourdough starter maintenance instructions,0.867,yahoo
2026-09-29,US,sourdough starter,sourdough starter substitute for yeast,0.867,google
2026-09-29,US,sourdough starter,sourdough starter to yeast conversion chart,0.867,yahoo
2026-09-29,US,sourdough starter,sourdough starter using 00 flour,0.867,google
2026-09-29,US,sourdough starter,sourdough starter using grapes,0.867,yahoo
2026-09-29,US,sourdough starter,sourdough starter yellow spots,0.867,google
2026-09-29,US,tardigrade,tardigrade radiation resistance,0.867,bing
2026-09-29,US,tardigrade,tardigrade survive without food,0.867,google
2026-09-29,US,tardigrade,tardigrade under microscope labeled,0.867,yahoo
2026-09-29,US,tardigrade,tardigrade underwater survival,0.867,bing
2026-09-29,US,sourdough starter,why sourdough starter rise and fall,0.867,google
2026-09-29,US,sourdough starter,sourdough starter set,0.866,bing
2026-09-29,US,sourdough starter,sourdough starter with yeast,0.866,bing
2026-09-29,US,tardigrade,tardigrade plush zuru,0.866,google
2026-09-29,US,mechanical keyboard,mechanical keyboard build,0.861,google
2026-09-29,US,mechanical keyboard,mechanical keyboard yupoo,0.861,google
2026-09-29,US,sourdough starter,sourdough starter 7th day,0.861,google
2026-09-29,US,sourdough starter,sourdough starter too wet,0.861,yahoo
2026-09-29,US,sourdough starter,sourdough starter overflow,0.86,bing
2026-09-29,US,mechanical keyboard,mechanical keyboard barebones,0.857,google
2026-09-29,US,mechanical keyboard,mechanical keyboard wikipedia,0.857,yahoo
2026-09-29,US,sourdough starter,sourdough starter auto feeder,0.857,yahoo
2026-09-29,US,sourdough starter,sourdough starter not floating,0.857,bing
2026-09-29,US,sourdough starter,sourdough starter uses recipe,0.857,google
2026-09-29,US,sourdough starter,sourdough starter with potato flakes,0.857,bing
2026-09-29,US,tardigrade,tardigrade plush toy,0.856,google
2026-09-29,US,sourdough starter,why sourdough starter not bubbling,0.856,"google,yahoo"
2026-09-29,US,mechanical keyboard,mechanical keyboard best in warsaw,0.853,bing
2026-09-29,US,mechanical keyboard,mechanical keyboard warranty in dublin,0.853,bing
2026-09-29,US,mechanical keyboard,mechanical keyboard 1000,0.851,google
2026-09-29,US,sourdough starter,sourdough starter active,0.851,google
2026-09-29,US,tardigrade,tardigrade absolute zero,0.851,google
2026-09-29,US,mechanical keyboard,mechanical keyboard $10,0.85,yahoo
2026-09-29,US,mechanical keyboard,mechanical keyboard for macbook,0.85,"google,bing"
2026-09-29,US,mechanical keyboard,mechanical keyboard for typing,0.85,bing
2026-09-29,US,mechanical keyboard,mechanical keyboard noise,0.85,"google,yahoo"
2026-09-29,US,sourdough starter,sourdough starter storage,0.85,"bing,ddg"
2026-09-29,US,tardigrade,tardigrade 40th,0.85,yahoo
2026-09-29,US,tardigrade,tardigrade bird,0.85,google
2026-09-29,US,tardigrade,tardigrade upsc,0.85,google
2026-09-29,US,mechanical keyboard,mechanical keyboard builder,0.849,"bing,yahoo"
2026-09-29,US,sourdough starter,sourdough starter too watery,0.847,google
2026-09-29,US,mechanical keyboard,mechanical keyboard not responsive,0.846,bing
2026-09-29,US,sourdough starter,sourdough starter made with yeast,0.846,bing
2026-09-29,US,sourdough starter,sourdough starter using potato water,0.846,bing
2026-09-29,US,tardigrade,tardigrade microscope view,0.846,bing
2026-09-29,US,mechanical keyboard,mechanical keyboard 2026 in madrid,0.843,"bing,ddg"
2026-09-29,US,mechanical keyboard,mechanical keyboard 2026 in prague,0.843,"bing,ddg"
2026-09-29,US,mechanical keyboard,mechanical keyboard 2026 in sydney,0.843,"bing,ddg"
2026-09-29,US,mechanical keyboard,mechanical keyboard best near me,0.843,"bing,ddg"
2026-09-29,US,mechanical keyboard,mechanical keyboard under 1500,0.843,"bing,ddg"
2026-09-29,US,mechanical keyboard,mechanical keyboard vs in lisbon,0.843,"bing,ddg"
2026-09-29,US,mechanical keyboard,quiet mechanical keyboard for office,0.843,"bing,ddg"
2026-09-29,US,sourdough starter,sourdough starter and hydration,0.843,"bing,ddg"
2026-09-29,US,sourdough starter,sourdough starter separating liquid on top,0.843,"bing,ddg"
2026-09-29,US,sourdough starter,sourdough starter troubleshooting guide,0.843,"bing,ddg"
2026-09-29,US,sourdough starter,sourdough starter using buttermilk,0.843,"bing,ddg"
2026-09-29,US,sourdough starter,sourdough starter with all purpose flour,0.843,"bing,ddg"
2026-09-29,US,sourdough starter,sourdough starter yeast infection,0.843,"bing,ddg"
2026-09-29,US,tardigrade,tardigrade extinction,0.843,bing
2026-09-29,US,tardigrade,tardigrade physical characteristics,0.843,"bing,ddg"
2026-09-29,US,tardigrade,tardigrade protection,0.843,bing
2026-09-29,US,sourdough starter,why isn't my sourdough starter rising,0.843,"bing,ddg"
2026-09-29,US,tardigrade,pet tardigrade for sale,0.841,google
2026-09-29,US,sourdough starter,sourdough starter 133 ratio,0.841,"bing,ddg"
2026-09-29,US,sourdough starter,sourdough starter day 0,0.841,google
2026-09-29,US,sourdough starter,sourdough starter mixer,0.841,google
2026-09-29,US,tardigrade,tardigrade on your face,0.841,google
2026-09-29,US,mechanical keyboard,mechanical keyboard vs membrane keyboard,0.84,bing
2026-09-29,US,sourdough starter,sourdough starter and maintenance,0.84,bing
2026-09-29,US,sourdough starter,sourdough starter tortilla recipe,0.84,bing
2026-09-29,US,tardigrade,tardigrade pet,0.84,google
2026-09-29,US,sourdough starter,sourdough starter maken,0.838,bing
2026-09-29,US,mechanical keyboard,can mechanical keyboard use,0.837,yahoo
2026-09-29,US,mechanical keyboard,mechanical keyboard 84 keys,0.837,google
2026-09-29,US,mechanical keyboard,mechanical keyboard vintage,0.837,yahoo
2026-09-29,US,tardigrade,tardigrade can you see them,0.837,google
2026-09-29,US,tardigrade,tardigrade axiom 4,0.836,google
2026-09-29,US,mechanical keyboard,mechanical keyboard 60 wireless,0.833,"bing,ddg"
2026-09-29,US,mechanical keyboard,mechanical keyboard in warsaw,0.833,"bing,ddg"
2026-09-29,US,mechanical keyboard,yunzii hotswap mechanical keyboard,0.833,"bing,ddg"
2026-09-29,US,mechanical keyboard,mechanical keyboard blank keycaps,0.832,bing
2026-09-29,US,mechanical keyboard,mechanical keyboard warranty near me,0.832,bing
2026-09-29,US,tardigrade,tardigrade word search,0.831,yahoo
2026-09-29,US,sourdough starter,sourdough starter 1800s,0.83,"bing,ddg"
2026-09-29,US,tardigrade,tardigrade 13,0.83,yahoo
2026-09-29,US,tardigrade,tardigrade 79,0.83,yahoo
2026-09-29,US,mechanical keyboard,make mechanical keyboard quieter,0.829,yahoo
2026-09-29,US,mechanical keyboard,mechanical keyboard for pc,0.827,yahoo
2026-09-29,US,sourdough starter,sourdough starter ornament,0.827,bing
2026-09-29,US,tardigrade,tardigrade inferno albums,0.827,bing
2026-09-29,US,tardigrade,tardigrade what do they do,0.827,"google,bing"
2026-09-29,US,tardigrade,tardigrade 1.2 mm,0.826,google
2026-09-29,US,sourdough starter,sourdough starter yeast free,0.823,"bing,ddg"
2026-09-29,US,mechanical keyboard,can mechanical keyboard use magnetic switch,0.822,google
2026-09-29,US,sourdough starter,how to strengthen sourdough starter,0.822,yahoo
2026-09-29,US,mechanical keyboard,mechanical keyboard blue switches,0.822,google
2026-09-29,US,mechanical keyboard,mechanical keyboard components,0.822,yahoo
2026-09-29,US,mechanical keyboard,mechanical keyboard for macbook air,0.822,yahoo
2026-09-29,US,sourdough starter,sourdough bread alternative recipes,0.822,google
2026-09-29,US,sourdough starter,sourdough starter after refrigeration,0.822,yahoo
2026-09-29,US,sourdough starter,sourdough starter black liquid,0.822,yahoo
2026-09-29,US,sourdough starter,sourdough starter made with potato flakes,0.822,yahoo
2026-09-29,US,sourdough starter,sourdough starter with 00 flour recipe,0.822,google
2026-09-29,US,sourdough starter,sourdough starter yeast or bacteria,0.822,google
2026-09-29,US,sourdough starter,sourdough starter yeast packet,0.822,yahoo
2026-09-29,US,tardigrade,tardigrade lifespan without food,0.822,google
2026-09-29,US,tardigrade,tardigrade under an electron microscope,0.822,yahoo
2026-09-29,US,sourdough starter,why sourdough starter smells like acetone,0.822,google
2026-09-29,US,mechanical keyboard,mechanical keyboard 1k price,0.82,yahoo
2026-09-29,US,tardigrade,tardigrade information,0.82,"bing,ddg"
2026-09-29,US,tardigrade,tardigrade with violin,0.82,"bing,ddg"
2026-09-29,US,tardigrade,tardigrade size range,0.818,bing
2026-09-29,US,tardigrade,4 tarnigrad way monroe ny,0.817,google
2026-09-29,US,tardigrade,tardigrade real,0.817,bing
2026-09-29,US,tardigrade,tardigrade emoji,0.816,google
2026-09-29,US,tardigrade,tardigrade movie,0.816,google
2026-09-29,US,sourdough starter,sourdough starter 100% hydration,0.814,"bing,ddg"
2026-09-29,US,mechanical keyboard,mechanical keyboard vs in warsaw,0.813,bing
2026-09-29,US,sourdough starter,sourdough starter aroma changes,0.813,bing
2026-09-29,US,mechanical keyboard,mechanical keyboard vs analog,0.812,google
2026-09-29,US,sourdough starter,sourdough starter mold on top,0.812,google
2026-09-29,US,sourdough starter,active sourdough starter alternative,0.811,"google,yahoo"
2026-09-29,US,mechanical keyboard,mechanical keyboard best in prague,0.811,bing
2026-09-29,US,mechanical keyboard,mechanical keyboard with macro keys,0.811,bing
2026-09-29,US,sourdough starter,sourdough starter acetone smell,0.811,"google,yahoo"
2026-09-29,US,tardigrade,tardigrade milnesium,0.811,yahoo
2026-09-29,US,tardigrade,tardigrade under magnifying glass,0.811,"google,yahoo"
2026-09-29,US,sourdough starter,sourdough starter box,0.81,"bing,ddg"
2026-09-29,US,tardigrade,tardigrade body parts,0.81,"bing,yahoo"
2026-09-29,US,tardigrade,tardigrade real image,0.81,bing
2026-09-29,US,mechanical keyboard,mechanical keyboard 1500,0.807,google
2026-09-29,US,sourdough starter,sourdough starter zurich,0.807,google
2026-09-29,US,mechanical keyboard,mechanical keyboard cover,0.806,"bing,yahoo"
2026-09-29,US,mechanical keyboard,mechanical keyboard canada,0.803,"bing,ddg"
2026-09-29,US,sourdough starter,sourdough starter beginner,0.803,"bing,ddg"
2026-09-29,US,tardigrade,tardigrade unique features,0.803,"bing,ddg"
2026-09-29,US,mechanical keyboard,gaming keyboard 4k wallpaper,0.802,google
2026-09-29,US,sourdough starter,how sourdough starter smells,0.802,google
2026-09-29,US,mechanical keyboard,mechanical keyboard benefits,0.802,yahoo
2026-09-29,US,sourdough starter,sourdough starter names girl,0.802,google
2026-09-29,US,tardigrade,tardigrade earrings,0.801,google
2026-09-29,US,tardigrade,can you see a tardigrade without a microscope,0.8,"bing,ddg"
2026-09-29,US,sourdough starter,is sourdough starter an alternative to yeast,0.8,"google,bing,ddg"
2026-09-29,US,mechanical keyboard,mechanical keyboard 65 percent,0.8,"google,bing,ddg"
2026-09-29,US,mechanical keyboard,mechanical keyboard calculator,0.8,"google,bing,ddg"
2026-09-29,US,mechanical keyboard,mechanical keyboard cheap in warsaw,0.8,bing
2026-09-29,US,mechanical keyboard,mechanical keyboard difference,0.8,"google,bing,yahoo"
2026-09-29,US,mechanical keyboard,mechanical keyboard yellow switch,0.8,"bing,yahoo,ddg"
2026-09-29,US,sourdough starter,sourdough starter doubled on day 2,0.8,yahoo
2026-09-29,US,sourdough starter,sourdough starter measurements,0.8,"google,bing,yahoo"
2026-09-29,US,sourdough starter,sourdough starter yeast bread recipe,0.8,"bing,yahoo,ddg"
2026-09-29,US,tardigrade,tardigrade electron microscope,0.8,"google,bing,yahoo"
2026-09-29,US,tardigrade,tardigrade existence,0.8,bing
2026-09-29,US,tardigrade,tardigrade under electron microscope,0.8,"google,bing,yahoo"
2026-09-29,US,tardigrade,is tardigrade dangerous,0.797,google
2026-09-29,US,mechanical keyboard,mechanical keyboard 25$,0.797,yahoo
2026-09-29,US,mechanical keyboard,mechanical keyboard dell,0.797,bing
2026-09-29,US,sourdough starter,sourdough starter 1:3:2,0.797,yahoo
2026-09-29,US,sourdough starter,sourdough starter tesco,0.797,bing
2026-09-29,US,tardigrade,tardigrade microhabitats,0.797,bing
2026-09-29,US,mechanical keyboard,mechanical keyboard best,0.796,"google,bing"
2026-09-29,US,mechanical keyboard,mechanical keyboard vs magnetic,0.793,"google,bing"
2026-09-29,US,mechanical keyboard,mechanical keyboard 61 keys,0.792,google
2026-09-29,US,mechanical keyboard,mechanical keyboard varmilo,0.792,yahoo
2026-09-29,US,mechanical keyboard,mechanical keyboard yerevan,0.792,google
2026-09-29,US,sourdough starter,sourdough starter too runny,0.792,google
2026-09-29,US,tardigrade,tardigrade playing a violin,0.792,yahoo
2026-09-29,US,mechanical keyboard,mechanical keyboard for ipad,0.791,"google,bing"
2026-09-29,US,tardigrade,tardigrade ecologia,0.79,"bing,ddg"
2026-09-29,US,tardigrade,tardigrade proteina,0.79,bing
2026-09-29,US,tardigrade,tardigrade body,0.788,bing
2026-09-29,US,tardigrade,tardigrade britannica,0.787,bing
2026-09-29,US,tardigrade,tardigrade experiments,0.787,"bing,yahoo"
2026-09-29,US,mechanical keyboard,mechanical keyboard 2026 in berlin,0.786,"bing,ddg"
2026-09-29,US,mechanical keyboard,mechanical keyboard for games rk61,0.786,"bing,ddg"
2026-09-29,US,mechanical keyboard,mechanical keyboard under 1000,0.786,"bing,ddg"
2026-09-29,US,mechanical keyboard,mechanical keyboard vs in vienna,0.786,"bing,ddg"
2026-09-29,US,sourdough starter,sourdough starter not rising after feeding,0.786,"google,bing"
2026-09-29,US,sourdough starter,sourdough starter out of fridge,0.786,"bing,ddg"
2026-09-29,US,sourdough starter,sourdough starter smells like vinegar,0.786,"bing,ddg"
2026-09-29,US,sourdough starter,sourdough starter tips and tricks,0.786,"bing,ddg"
2026-09-29,US,sourdough starter,sourdough starter using yogurt,0.786,"bing,ddg"
2026-09-29,US,sourdough starter,sourdough starter yeast content,0.786,"bing,ddg"
2026-09-29,US,tardigrade,tardigrade ki,0.786,google
2026-09-29,US,tardigrade,tardigrade protection mechanisms,0.786,"bing,ddg"
2026-09-29,US,sourdough starter,why is my sourdough starter separating,0.786,"bing,ddg"
2026-09-29,US,sourdough starter,sourdough starter making,0.783,"bing,ddg"
2026-09-29,US,sourdough starter,sourdough starter 25 grams,0.782,google
2026-09-29,US,mechanical keyboard,mechanical keyboard flipkart,0.78,"bing,yahoo,ddg"
2026-09-29,US,mechanical keyboard,mechanical keyboard for work,0.78,"google,bing,ddg"
2026-09-29,US,sourdough starter,sourdough starter name ideas,0.78,"google,bing,ddg"
2026-09-29,US,tardigrade,tardigrade website,0.78,"bing,yahoo"
2026-09-29,US,mechanical keyboard,can mechanical keyboards have hall effect,0.778,google
2026-09-29,US,sourdough starter,how often to feed sourdough starter,0.778,yahoo
2026-09-29,US,mechanical keyboard,mechanical keyboard 60 percent wireless,0.778,google
2026-09-29,US,mechanical keyboard,mechanical keyboard compatible with mac,0.778,yahoo
2026-09-29,US,mechanical keyboard,mechanical keyboard quiet tactile,0.778,google
2026-09-29,US,mechanical keyboard,mechanical keyboard vs non-mechanical,0.778,yahoo
2026-09-29,US,mechanical keyboard,mechanical keyboard vs optical,0.778,google
2026-09-29,US,mechanical keyboard,mechanical keyboard yellow switch sound,0.778,google
2026-09-29,US,sourdough starter,sourdough bread alternative to dutch oven,0.778,google
2026-09-29,US,sourdough starter,sourdough starter automatic feeder,0.778,google
2026-09-29,US,sourdough starter,sourdough starter hydration chart,0.778,yahoo
2026-09-29,US,sourdough starter,sourdough starter muffins recipe,0.778,yahoo
2026-09-29,US,sourdough starter,sourdough starter using all purpose flour,0.778,google
2026-09-29,US,sourdough starter,sourdough starter zero waste chef,0.778,google
2026-09-29,US,mechanical keyboard,mechanical keyboard no keycaps,0.777,"google,bing"
2026-09-29,US,mechanical keyboard,mechanical keyboard in madrid,0.776,"bing,ddg"
2026-09-29,US,sourdough starter,sourdough starter and storage,0.776,"bing,ddg"
2026-09-29,US,sourdough starter,sourdough starter order,0.773,"bing,ddg"
2026-09-29,US,mechanical keyboard,mechanical keyboard clear,0.772,bing
2026-09-29,US,tardigrade,4 tardigrade way,0.771,google
2026-09-29,US,sourdough starter,sourdough starter bubbling but not rising,0.769,"google,bing,yahoo"
2026-09-29,US,sourdough starter,how sourdough starter is made,0.768,google
2026-09-29,US,mechanical keyboard,mechanical keyboard womier k66,0.768,bing
2026-09-29,US,sourdough starter,sourdough starter 03,0.767,yahoo
2026-09-29,US,sourdough starter,sourdough starter heb,0.767,bing
2026-09-29,US,sourdough starter,sourdough starter yeast vs baking powder,0.767,"bing,ddg"
2026-09-29,US,mechanical keyboard,youtube mechanical keyboard reviews,0.767,"bing,ddg"
2026-09-29,US,mechanical keyboard,quietest mechanical keyboard,0.766,"bing,ddg"
2026-09-29,US,mechanical keyboard,mechanical keyboard 2025,0.762,google
2026-09-29,US,sourdough starter,sourdough starter zagreb,0.762,google
2026-09-29,US,tardigrade,tardigrade microorganism,0.762,yahoo
2026-09-29,US,mechanical keyboard,mechanical keyboard cable,0.761,"google,yahoo"
2026-09-29,US,sourdough starter,sourdough starter allrecipes,0.758,yahoo
2026-09-29,US,tardigrade,tardigrade 40x magnification,0.758,google
2026-09-29,US,tardigrade,tardigrade yapı kimyasalları,0.758,google
2026-09-29,US,sourdough starter,why sourdough starter watery,0.758,google
2026-09-29,US,tardigrade,tardigrade embrione,0.757,bing
2026-09-29,US,tardigrade,tardigrade tun form,0.757,google
2026-09-29,US,mechanical keyboard,mechanical keyboard 10 keyless,0.756,"google,bing,ddg"
2026-09-29,US,mechanical keyboard,mechanical keyboard for office,0.756,"google,bing,ddg"
2026-09-29,US,mechanical keyboard,mechanical keyboard not working,0.756,"google,bing,ddg"
2026-09-29,US,tardigrade,tardigrade microscopic size,0.756,"bing,ddg"
2026-09-29,US,mechanical keyboard,mechanical keyboard for sale,0.755,bing
2026-09-29,US,tardigrade,tardigrade metabolism,0.753,"bing,ddg"
2026-09-29,US,tardigrade,tardigrade resilience,0.753,"bing,ddg"
2026-09-29,US,tardigrade,tardigrade entanglement,0.752,yahoo
2026-09-29,US,tardigrade,tardigrade png,0.751,yahoo
2026-09-29,US,tardigrade,tardigrade icon,0.75,"bing,ddg"
2026-09-29,US,mechanical keyboard,mechanical keyboard diagram,0.748,yahoo
2026-09-29,US,mechanical keyboard,mechanical keyboard noon,0.748,"bing,yahoo"
2026-09-29,US,sourdough starter,sourdough starter zojirushi,0.748,google
2026-09-29,US,sourdough starter,sourdough starter temperature chart,0.747,"google,bing,yahoo"
2026-09-29,US,sourdough starter,sourdough starter yeast smell,0.747,"bing,ddg"
2026-09-29,US,tardigrade,tardigrade 4runner,0.747,yahoo
2026-09-29,US,tardigrade,tardigrade kya hai,0.747,google
2026-09-29,US,tardigrade,tardigrade bacteria,0.746,"google,yahoo"
2026-09-29,US,tardigrade,tardigrade behaviour,0.746,bing
2026-09-29,US,mechanical keyboard,mechanical keyboard 200,0.744,"bing,ddg"
2026-09-29,US,mechanical keyboard,mechanical keyboard 80 percent,0.743,"google,bing,ddg"
2026-09-29,US,tardigrade,tardigrade bookstore,0.743,"bing,ddg"
2026-09-29,US,tardigrade,tardigrade multicellular,0.74,"google,bing,ddg"
2026-09-29,US,tardigrade,tardigrade morphology,0.739,bing
2026-09-29,US,sourdough starter,sourdough starter using bread flour,0.738,"google,bing,yahoo"
2026-09-29,US,mechanical keyboard,mechanical keyboard 68 keys,0.737,"google,yahoo"
2026-09-29,US,tardigrade,tardigrade 1.5 mm,0.737,google
2026-09-29,US,tardigrade,tardigrade 7 days,0.737,yahoo
2026-09-29,US,tardigrade,tardigrade moving,0.737,google
2026-09-29,US,tardigrade,tardigrade space,0.737,bing
2026-09-29,US,mechanical keyboard,can mechanical keyboard be repaired,0.733,google
2026-09-29,US,sourdough starter,how sourdough starter should smell,0.733,google
2026-09-29,US,mechanical keyboard,mechanical keyboard 100 layout,0.733,google
2026-09-29,US,mechanical keyboard,mechanical keyboard 8k polling rate,0.733,google
2026-09-29,US,mechanical keyboard,mechanical keyboard vs hall effect,0.733,google
2026-09-29,US,sourdough starter,sourdough starter 24 hours after feeding,0.733,google
2026-09-29,US,sourdough starter,sourdough starter blueberry muffins,0.733,yahoo
2026-09-29,US,sourdough starter,sourdough starter yellow on top,0.733,google
2026-09-29,US,sourdough starter,sourdough starter yorkshire pudding,0.733,yahoo
2026-09-29,US,tardigrade,tardigrade under light microscope,0.733,google
2026-09-29,US,tardigrade,tardigrade without food how long,0.733,google
2026-09-29,US,mechanical keyboard,mechanical keyboard bd,0.731,"bing,yahoo"
2026-09-29,US,tardigrade,tardigrade 1,0.731,google
2026-09-29,US,tardigrade,tardigrade 5e,0.73,"google,yahoo"
2026-09-29,US,mechanical keyboard,mechanical keyboard 2026 in dublin,0.729,"bing,ddg"
2026-09-29,US,mechanical keyboard,mechanical keyboard 87 keys hotswap,0.729,"bing,ddg"
2026-09-29,US,mechanical keyboard,mechanical keyboard cream switches,0.729,"bing,ddg"
2026-09-29,US,mechanical keyboard,mechanical keyboard quiet keys,0.729,"bing,ddg"
2026-09-29,US,mechanical keyboard,mechanical keyboard vs in prague,0.729,"bing,ddg"
2026-09-29,US,sourdough starter,sourdough starter maintenance feeding,0.729,"bing,ddg"
2026-09-29,US,sourdough starter,sourdough starter temperature range,0.729,"bing,ddg"
2026-09-29,US,tardigrade,tardigrade under high magnification,0.729,"bing,ddg"
2026-09-29,US,sourdough starter,why is my sourdough starter not rising,0.729,"bing,ddg"
2026-09-29,US,tardigrade,tardigrade without oxygen,0.728,google
2026-09-29,US,sourdough starter,sourdough starter biscuits,0.727,"google,yahoo"
2026-09-29,US,sourdough starter,sourdough starter 7 day guide,0.723,google
2026-09-29,US,sourdough starter,sourdough starter no discard,0.723,"bing,yahoo,ddg"
2026-09-29,US,tardigrade,tardigrade enzymes,0.723,"bing,ddg"
2026-09-29,US,tardigrade,tardigrade studies,0.723,"bing,ddg"
2026-09-29,US,mechanical keyboard,mechanical keyboard fidget toy,0.722,"google,yahoo"
2026-09-29,US,sourdough starter,sourdough starter 75 hydration,0.722,"google,yahoo"
2026-09-29,US,mechanical keyboard,mechanical keyboard 85,0.72,"google,bing,ddg"
2026-09-29,US,sourdough starter,sourdough starter yeast ratio,0.719,"bing,ddg"
2026-09-29,US,tardigrade,tardigrade survival abilities,0.719,"bing,ddg"
2026-09-29,US,sourdough starter,sourdough starter yellow,0.718,google
2026-09-29,US,sourdough starter,sourdough starter yogurt,0.718,yahoo
2026-09-29,US,tardigrade,tardigrade 1999,0.717,yahoo
2026-09-29,US,tardigrade,tardigrade book,0.717,google
2026-09-29,US,tardigrade,tardigrade zoom,0.717,yahoo
2026-09-29,US,tardigrade,tardigrade zuru,0.717,google
2026-09-29,US,mechanical keyboard,mechanical keyboard qwertz,0.716,"google,bing,ddg"
2026-09-29,US,sourdough starter,sourdough starter brownies,0.716,"google,bing,yahoo"
2026-09-29,US,sourdough starter,sourdough starter hotel,0.716,"bing,ddg"
2026-09-29,US,sourdough starter,sourdough starter timeline,0.716,"google,bing,yahoo"
2026-09-29,US,mechanical keyboard,mechanical keyboard 2nd hand,0.713,google
2026-09-29,US,tardigrade,tardigrade ze frank,0.712,google
2026-09-29,US,sourdough starter,sourdough starter not bubbling,0.711,"google,bing,yahoo"
2026-09-29,US,mechanical keyboard,mechanical keyboard 68%,0.708,yahoo
2026-09-29,US,sourdough starter,sourdough starter help,0.706,"bing,yahoo"
2026-09-29,US,tardigrade,tardigrade under water,0.706,"bing,ddg"
2026-09-29,US,mechanical keyboard,mechanical keyboard fidget,0.703,"google,bing,ddg"
2026-09-29,US,mechanical keyboard,mechanical keyboard no rgb,0.703,"google,bing,ddg"
2026-09-29,US,sourdough starter,sourdough bread alternative,0.703,google
2026-09-29,US,sourdough starter,sourdough starter at publix,0.703,yahoo
2026-09-29,US,sourdough starter,sourdough starter under microscope,0.7,"google,bing,yahoo,ddg"
2026-09-29,US,sourdough starter,sourdough starter youtube video,0.7,"bing,ddg,yahoo"
2026-09-29,US,tardigrade,tardigrade lifespan without water,0.7,"bing,ddg"
2026-09-29,US,tardigrade,tardigrade wallpaper,0.7,"bing,yahoo"
2026-09-29,US,mechanical keyboard,mechanical keyboard 2k,0.698,google
2026-09-29,US,tardigrade,tardigrade unicellular,0.698,yahoo
2026-09-29,US,tardigrade,tardigrade where found,0.698,google
2026-09-29,US,sourdough starter,sourdough starter bagels,0.696,"google,bing,yahoo"
2026-09-29,US,tardigrade,tardigrade industries,0.696,"bing,ddg"
2026-09-29,US,mechanical keyboard,gaming keyboard 40 percent,0.693,google
2026-09-29,US,mechanical keyboard,mechanical keyboard 61 ims,0.693,yahoo
2026-09-29,US,mechanical keyboard,mechanical keyboard daraz,0.693,"bing,yahoo,ddg"
2026-09-29,US,tardigrade,tardigrade info,0.693,"bing,ddg"
2026-09-29,US,sourdough starter,why sourdough starter mold,0.693,google
2026-09-29,US,mechanical keyboard,mechanical keyboard discord,0.692,"google,yahoo"
2026-09-29,US,sourdough starter,sourdough starter tortillas,0.692,"google,yahoo"
2026-09-29,US,tardigrade,yellow tardigrade,0.692,google
2026-09-29,US,mechanical keyboard,can mechanical keyboard connect to phone,0.689,google
2026-09-29,US,sourdough starter,how to make gluten free sourdough starter,0.689,yahoo
2026-09-29,US,mechanical keyboard,mechanical gaming keyboard,0.689,"bing,ddg"
2026-09-29,US,mechanical keyboard,mechanical keyboard quiet for office,0.689,google
2026-09-29,US,mechanical keyboard,mechanical keyboard vs scissor switch,0.689,yahoo
2026-09-29,US,mechanical keyboard,mechanical keyboard with keypad,0.689,yahoo
2026-09-29,US,mechanical keyboard,mechanical keyboard with screen,0.689,"google,bing"
2026-09-29,US,mechanical keyboard,mechanical keyboard with trackpad,0.689,google
2026-09-29,US,sourdough starter,sourdough starter 200 years old,0.689,google
2026-09-29,US,sourdough starter,sourdough starter alternative name,0.689,google
2026-09-29,US,sourdough starter,sourdough starter schedule,0.689,"bing,ddg"
2026-09-29,US,sourdough starter,sourdough starter using instant potatoes,0.689,yahoo
2026-09-29,US,sourdough starter,sourdough starter yellow liquid on top,0.689,google
2026-09-29,US,sourdough starter,sourdough starter zucchini fritters,0.689,google
2026-09-29,US,mechanical keyboard,mechanical keyboard nuphy,0.688,"google,bing,yahoo"
2026-09-29,US,sourdough starter,sourdough starter 20g,0.688,google
2026-09-29,US,sourdough starter,sourdough starter 75g,0.688,google
2026-09-29,US,tardigrade,tardigrade unkillable,0.688,google
2026-09-29,US,tardigrade,tardigrade zoomed out,0.688,google
2026-09-29,US,sourdough starter,sourdough starter bagel recipe,0.686,"google,bing,ddg"
2026-09-29,US,sourdough starter,sourdough starter nz,0.686,"bing,ddg"
2026-09-29,US,tardigrade,tardigrade structure,0.686,"bing,ddg"
2026-09-29,US,mechanical keyboard,mechanical keyboard video,0.683,yahoo
2026-09-29,US,sourdough starter,sourdough starter heater,0.683,"bing,yahoo,ddg"
2026-09-29,US,tardigrade,tardigrade 1000x,0.682,google
2026-09-29,US,tardigrade,tardigrade what do they eat,0.681,"google,bing,ddg"
2026-09-29,US,mechanical keyboard,mechanical keyboard 108 keys,0.68,"google,bing,yahoo,ddg"
2026-09-29,US,mechanical keyboard,mechanical keyboard number pad,0.678,"google,yahoo"
2026-09-29,US,tardigrade,tardigrade known for,0.678,google
2026-09-29,US,tardigrade,tardigrade research,0.676,"bing,ddg"
2026-09-29,US,mechanical keyboard,can mechanical keyboards,0.673,yahoo
2026-09-29,US,mechanical keyboard,mechanical keyboard quiz,0.673,google
2026-09-29,US,tardigrade,tardigrade kill,0.672,google
2026-09-29,US,tardigrade,tardigrade uses,0.672,google
2026-09-29,US,mechanical keyboard,mechanical keyboard vs in chicago,0.671,"bing,ddg"
2026-09-29,US,sourdough starter,sourdough starter oatmeal cookies,0.671,"bing,ddg"
2026-09-29,US,sourdough starter,sourdough starter smells like acetone,0.671,"bing,ddg"
2026-09-29,US,sourdough starter,sourdough starter step by step,0.671,"bing,ddg"
2026-09-29,US,tardigrade,tardigrade ultraviolet resistance,0.671,"bing,ddg"
2026-09-29,US,mechanical keyboard,mechanical keyboard 60 mini,0.67,"bing,ddg"
2026-09-29,US,mechanical keyboard,mechanical keyboard walmart,0.67,"google,bing,yahoo,ddg"
2026-09-29,US,sourdough starter,sourdough starter 70 degrees,0.669,google
2026-09-29,US,tardigrade,tardigrade metal garden hose,0.669,yahoo
2026-09-29,US,tardigrade,tardigrade behavior,0.668,yahoo
2026-09-29,US,mechanical keyboard,mechanical keyboard $25,0.663,yahoo
2026-09-29,US,sourdough starter,sourdough starter day 2,0.663,yahoo
2026-09-29,US,tardigrade,tardigrade baby,0.661,"google,bing"
2026-09-29,US,sourdough starter,when sourdough starter is bad,0.661,"bing,ddg"
2026-09-29,US,mechanical keyboard,mechanical keyboard creamy,0.66,"google,bing,yahoo,ddg"
2026-09-29,US,mechanical keyboard,mechanical keyboard clicker,0.659,google
2026-09-29,US,mechanical keyboard,gaming keyboard 40,0.658,google
2026-09-29,US,mechanical keyboard,how to make your mechanical keyboard quieter,0.657,yahoo
2026-09-29,US,mechanical keyboard,mechanical keyboard with number pad,0.656,"google,bing,yahoo,ddg"
2026-09-29,US,mechanical keyboard,mechanical keyboard 65,0.653,google
2026-09-29,US,tardigrade,tardigrade zooplankton,0.653,google
2026-09-29,US,mechanical keyboard,mechanical keyboard 84 white,0.651,"bing,ddg"
2026-09-29,US,tardigrade,tardigrade video for kids,0.65,"google,bing,ddg"
2026-09-29,US,mechanical keyboard,mechanical keyboard 10 key,0.649,google
2026-09-29,US,mechanical keyboard,mechanical keyboard nexion,0.649,yahoo
2026-09-29,US,tardigrade,tardigrade mammal,0.648,google
2026-09-29,US,tardigrade,tardigrade biology,0.647,"google,yahoo"
2026-09-29,US,tardigrade,tardigrade pokemon,0.647,"google,yahoo"
2026-09-29,US,mechanical keyboard,mechanical keyboard 8bitdo,0.646,"google,bing,ddg"
2026-09-29,US,tardigrade,tardigrade weakness,0.646,"bing,yahoo,ddg"
2026-09-29,US,mechanical keyboard,can mechanical keyboards get wet,0.644,google
2026-09-29,US,mechanical keyboard,mechanical keyboard 2026 reddit,0.644,google
2026-09-29,US,mechanical keyboard,mechanical keyboard 40 percent,0.644,google
2026-09-29,US,mechanical keyboard,mechanical keyboard not working properly,0.644,yahoo
2026-09-29,US,sourdough starter,sourdough starter alternative recipes,0.644,google
2026-09-29,US,sourdough starter,sourdough starter maintenance for beginners,0.644,yahoo
2026-09-29,US,sourdough starter,why sourdough starter smells like vinegar,0.644,google
2026-09-29,US,tardigrade,tardigrade 4,0.642,google
2026-09-29,US,tardigrade,tardigrade bug,0.64,"google,bing,ddg"
2026-09-29,US,mechanical keyboard,mechanical keyboard 4 key,0.639,google
2026-09-29,US,sourdough starter,sourdough starter at peak,0.639,google
2026-09-29,US,sourdough starter,sourdough starter old,0.639,"bing,ddg"
2026-09-29,US,tardigrade,tardigrade physiology,0.639,"bing,ddg"
2026-09-29,US,mechanical keyboard,mechanical keyboard white,0.636,"bing,yahoo,ddg"
2026-09-29,US,sourdough starter,sourdough starter muffins,0.636,"google,bing,ddg"
2026-09-29,US,sourdough starter,sourdough starter 07,0.633,yahoo
2026-09-29,US,tardigrade,tardigrade for scale,0.633,google
2026-09-29,US,tardigrade,tardigrade what is it,0.632,"google,yahoo"
2026-09-29,US,mechanical keyboard,mechanical keyboard 68,0.631,"google,bing,ddg"
2026-09-29,US,mechanical keyboard,mechanical keyboard 2000,0.629,google
2026-09-29,US,mechanical keyboard,mechanical keyboard blue switch,0.629,"bing,yahoo,ddg"
2026-09-29,US,sourdough starter,sourdough starter and bread recipe,0.629,"bing,yahoo,ddg"
2026-09-29,US,tardigrade,tardigrade real size,0.629,"bing,ddg"
2026-09-29,US,mechanical keyboard,mechanical keyboard 2026,0.626,"bing,google,ddg"
2026-09-29,US,mechanical keyboard,mechanical keyboard nepal,0.621,"bing,ddg"
2026-09-29,US,tardigrade,tardigrade population,0.621,"google,bing,ddg"
2026-09-29,US,sourdough starter,sourdough bread 0 sugar,0.619,google
2026-09-29,US,sourdough starter,sourdough starter how to make,0.619,"google,bing,ddg"
2026-09-29,US,tardigrade,tardigrade without food,0.619,google
2026-09-29,US,tardigrade,tardigrade 10x,0.618,google
2026-09-29,US,mechanical keyboard,mechanical keyboard cheap,0.617,"google,bing,ddg"
2026-09-29,US,mechanical keyboard,mechanical keyboard wired,0.617,"google,bing,ddg"
2026-09-29,US,tardigrade,tardigrade moon,0.617,"google,yahoo"
2026-09-29,US,mechanical keyboard,mechanical keyboard 82 key rgb,0.614,"bing,ddg"
2026-09-29,US,sourdough starter,when sourdough starter is rising,0.614,"bing,ddg"
2026-09-29,US,tardigrade,tardigrade brotato,0.613,google
2026-09-29,US,mechanical keyboard,mechanical keyboard companies,0.612,"google,bing,ddg"
2026-09-29,US,mechanical keyboard,mechanical keyboard double typing,0.611,"google,bing,yahoo,ddg"
2026-09-29,US,sourdough starter,sourdough starter using rye flour,0.611,"google,bing,yahoo,ddg"
2026-09-29,US,tardigrade,tardigrade for sale uk,0.609,google
2026-09-29,US,mechanical keyboard,mechanical keyboard nearby,0.604,google
2026-09-29,US,mechanical keyboard,mechanical keyboard no numpad,0.604,"bing,ddg"
2026-09-29,US,mechanical keyboard,mechanical keyboard with knob,0.604,"bing,ddg"
2026-09-29,US,sourdough starter,sourdough starter 24 hours,0.604,google
2026-09-29,US,tardigrade,tardigrade unique adaptations,0.604,"bing,ddg"
2026-09-29,US,tardigrade,tardigrade reproduction,0.601,"bing,ddg"
2026-09-29,US,mechanical keyboard,can mechanical keyboards be quiet,0.6,google
2026-09-29,US,tardigrade,how long can a tardigrade live without food,0.6,"bing,ddg"
2026-09-29,US,mechanical keyboard,mechanical keyboard 4k wallpaper,0.6,yahoo
2026-09-29,US,mechanical keyboard,mechanical keyboard color switches,0.6,yahoo
2026-09-29,US,sourdough starter,sourdough starter not rising day 7,0.6,yahoo
2026-09-29,US,sourdough starter,sourdough starter zucchini bread recipe,0.6,google
2026-09-29,US,tardigrade,tardigrade images,0.599,"bing,ddg"
2026-09-29,US,tardigrade,tardigrade weight,0.599,"bing,ddg"
2026-09-29,US,sourdough starter,why sourdough starter,0.599,google
2026-09-29,US,mechanical keyboard,mechanical keyboard 65%,0.597,"bing,yahoo,ddg"
2026-09-29,US,sourdough starter,sourdough starter 1:2:2,0.597,yahoo
2026-09-29,US,tardigrade,tardigrade kaiju,0.593,google
2026-09-29,US,tardigrade,tardigrade zones,0.593,yahoo
2026-09-29,US,tardigrade,tardigrade 100x magnification,0.59,google
2026-09-29,US,tardigrade,tardigrade 400x magnification,0.59,google
2026-09-29,US,tardigrade,tardigrade for sale,0.59,"google,bing,yahoo,ddg"
2026-09-29,US,sourdough starter,how sourdough starter should look,0.589,"google,yahoo"
2026-09-29,US,mechanical keyboard,mechanical keyboard numpad,0.589,"bing,yahoo,ddg"
2026-09-29,US,tardigrade,tardigrade under 20x,0.589,yahoo
2026-09-29,US,mechanical keyboard,mechanical keyboard vietnam,0.584,"bing,ddg"
2026-09-29,US,sourdough starter,sourdough bread 00 flour,0.584,google
2026-09-29,US,sourdough starter,sourdough starter 7 days,0.584,google
2026-09-29,US,tardigrade,tardigrade without water,0.584,google
2026-09-29,US,tardigrade,tardigrade youtube video,0.584,google
2026-09-29,US,tardigrade,tardigrade 401k,0.583,yahoo
2026-09-29,US,mechanical keyboard,can mechanical keyboard work,0.58,yahoo
2026-09-29,US,mechanical keyboard,mechanical keyboard 20 euros,0.58,yahoo
2026-09-29,US,sourdough starter,sourdough starter 72 degrees,0.58,google
2026-09-29,US,tardigrade,tardigrade kingdom,0.58,"google,bing,yahoo,ddg"
2026-09-29,US,tardigrade,tardigrade purpose,0.58,"google,bing,yahoo,ddg"
2026-09-29,US,sourdough starter,sourdough starter how to feed,0.576,"bing,ddg,google,yahoo"
2026-09-29,US,tardigrade,tardigrade book bar,0.576,"bing,yahoo,ddg"
2026-09-29,US,tardigrade,tardigrade wild kratts,0.576,"google,bing,yahoo,ddg"
2026-09-29,US,mechanical keyboard,mechanical keyboard 100,0.574,google
2026-09-29,US,mechanical keyboard,mechanical keyboard driver,0.574,"bing,ddg"
2026-09-29,US,tardigrade,tardigrade 1mm,0.573,google
2026-09-29,US,tardigrade,tardigrade 7.5,0.573,yahoo
2026-09-29,US,tardigrade,tardigrade facts for kids,0.572,"google,bing,ddg"
2026-09-29,US,mechanical keyboard,mechanical keyboard 60,0.564,google
2026-09-29,US,mechanical keyboard,mechanical keyboard 80,0.564,google
2026-09-29,US,tardigrade,tardigrade 12,0.563,yahoo
2026-09-29,US,tardigrade,tardigrade 4k,0.563,google
2026-09-29,US,sourdough starter,sourdough starter 00 flour,0.56,google
2026-09-29,US,mechanical keyboard,mechanical keyboard 87 keys,0.559,"google,yahoo"
2026-09-29,US,tardigrade,tardigrade without microscope,0.557,"google,yahoo,bing,ddg"
2026-09-29,US,sourdough starter,when sourdough starter is ready,0.557,"bing,ddg"
2026-09-29,US,tardigrade,tardigrade eating,0.556,"google,bing,ddg"
2026-09-29,US,sourdough starter,sourdough starter warmer,0.554,"bing,ddg"
2026-09-29,US,sourdough starter,sourdough starter alive,0.552,"google,bing,ddg"
2026-09-29,US,sourdough starter,sourdough starter how to,0.551,"google,bing,yahoo,ddg"
2026-09-29,US,tardigrade,tardigrade molting,0.551,"bing,ddg"
2026-09-29,US,sourdough starter,sourdough starter home,0.549,"google,bing,yahoo"
2026-09-29,US,tardigrade,tardigrade years,0.549,google
2026-09-29,US,sourdough starter,how to make sourdough starter,0.547,"bing,ddg"
2026-09-29,US,mechanical keyboard,mechanical keyboard brown switches,0.547,"google,bing,yahoo"
2026-09-29,US,mechanical keyboard,mechanical keyboard yellow switches,0.544,"google,yahoo"
2026-09-29,US,sourdough starter,sourdough starter steps,0.544,"bing,ddg"
2026-09-29,US,tardigrade,tardigrade zivotinja,0.544,google
2026-09-29,US,sourdough starter,how sourdough starter,0.543,"google,yahoo"
2026-09-29,US,sourdough starter,sourdough starter bread,0.541,"google,bing,yahoo,ddg"
2026-09-29,US,tardigrade,tardigrade 1773,0.539,google
2026-09-29,US,tardigrade,tardigrade 400x,0.539,google
2026-09-29,US,sourdough starter,sourdough starter oven,0.534,"bing,ddg"
2026-09-29,US,tardigrade,tardigrade keychain,0.534,google
2026-09-29,US,tardigrade,tardigrade blood,0.531,"bing,ddg"
2026-09-29,US,tardigrade,tardigrade build-a-bear,0.53,yahoo
2026-09-29,US,mechanical keyboard,mechanical keyboard for gaming,0.529,"google,bing,yahoo,ddg"
2026-09-29,US,sourdough starter,sourdough starter using potato flakes,0.529,"google,bing,yahoo,ddg"
2026-09-29,US,tardigrade,tardigrade kit,0.529,google
2026-09-29,US,tardigrade,tardigrade zoo,0.529,google
2026-09-29,US,tardigrade,tardigrade meme,0.528,"google,yahoo"
2026-09-29,US,sourdough starter,sourdough starter australia,0.527,"bing,ddg"
2026-09-29,US,tardigrade,tardigrade uses in research,0.527,"bing,ddg"
2026-09-29,US,tardigrade,tardigrade phylum,0.526,"google,bing,yahoo,ddg"
2026-09-29,US,tardigrade,giant tardigrade 5e,0.523,"google,yahoo"
2026-09-29,US,tardigrade,tardigrade up close,0.523,"google,yahoo"
2026-09-29,US,mechanical keyboard,mechanical keyboard deals,0.521,"google,bing,ddg"
2026-09-29,US,sourdough starter,sourdough starter mix,0.521,"google,bing,yahoo,ddg"
2026-09-29,US,tardigrade,tardigrade song,0.521,"bing,ddg"
2026-09-29,US,mechanical keyboard,mechanical keyboard 40,0.52,google
2026-09-29,US,sourdough starter,sourdough starter names funny,0.519,"google,bing,yahoo,ddg"
2026-09-29,US,sourdough starter,sourdough starter organic,0.507,"bing,ddg"
2026-09-29,US,tardigrade,tardigrade movement,0.504,"bing,ddg"
2026-09-29,US,mechanical keyboard,mechanical keyboard 2026 near me,0.5,"bing,ddg"
2026-09-29,US,sourdough starter,sourdough starter 05,0.5,yahoo
2026-09-29,US,tardigrade,tardigrade zoomed in,0.5,google
2026-09-29,US,mechanical keyboard,mechanical keyboard website,0.499,"google,bing,yahoo,ddg"
2026-09-29,US,tardigrade,tardigrade 100x,0.494,google
2026-09-29,US,mechanical keyboard,mechanical keyboard custom,0.493,"google,bing,yahoo"
2026-09-29,US,mechanical keyboard,mechanical keyboard yellow,0.493,"google,bing,ddg"
2026-09-29,US,mechanical keyboard,mechanical keyboard yunzii,0.493,"google,bing,ddg"
2026-09-29,US,sourdough starter,sourdough starter 1-1 1-5 1-3,0.49,"bing,ddg"
2026-09-29,US,sourdough starter,sourdough starter alternative,0.49,"google,bing,yahoo,ddg"
2026-09-29,US,sourdough starter,sourdough starter buy,0.488,"google,bing,ddg"
2026-09-29,US,tardigrade,tardigrade environment,0.487,"google,bing,yahoo,ddg"
2026-09-29,US,tardigrade,tardigrade 40x,0.484,google
2026-09-29,US,mechanical keyboard,mechanical keyboard ducky,0.479,"google,bing,yahoo,ddg"
2026-09-29,US,sourdough starter,sourdough starter not doubling,0.478,"google,bing,yahoo,ddg"
2026-09-29,US,tardigrade,tardigrade predators,0.478,"google,bing,yahoo"
2026-09-29,US,mechanical keyboard,mechanical keyboard nz,0.477,"bing,ddg"
2026-09-29,US,mechanical keyboard,mechanical keyboard qatar,0.472,"google,bing,yahoo,ddg"
2026-09-29,US,mechanical keyboard,mechanical keyboard youtube,0.47,"google,bing,yahoo,ddg"
2026-09-29,US,mechanical keyboard,mechanical keyboard bluetooth,0.468,"google,bing,yahoo,ddg"
2026-09-29,US,sourdough starter,sourdough starter temperature,0.468,"google,bing,yahoo,ddg"
2026-09-29,US,sourdough starter,sourdough starter 101,0.467,"bing,ddg"
2026-09-29,US,mechanical keyboard,mechanical keyboard 80%,0.463,"bing,yahoo,ddg"
2026-09-29,US,sourdough starter,sourdough starter using yeast,0.461,"google,bing,yahoo,ddg"
2026-09-29,US,mechanical keyboard,mechanical keyboard 84 key,0.46,"bing,ddg"
2026-09-29,US,sourdough starter,sourdough starter yeast,0.459,"bing,ddg,google,yahoo"
2026-09-29,US,mechanical keyboard,mechanical keyboard 104 keys,0.458,"google,bing,yahoo,ddg"
2026-09-29,US,sourdough starter,sourdough starter troubleshooting,0.457,"bing,yahoo,ddg"
2026-09-29,US,tardigrade,tardigrade 2 lettres,0.457,"bing,ddg"
2026-09-29,US,sourdough starter,sourdough starter 2nd day,0.45,"google,yahoo"
2026-09-29,US,tardigrade,tardigrade zone,0.45,yahoo
2026-09-29,US,sourdough starter,sourdough starter uses,0.442,"google,bing,yahoo,ddg"
2026-09-29,US,sourdough starter,sourdough starter online,0.44,"bing,ddg"
2026-09-29,US,tardigrade,tardigrade 7th,0.44,yahoo
2026-09-29,US,sourdough starter,sourdough starter banana bread,0.433,"google,bing,yahoo,ddg"
2026-09-29,US,tardigrade,tardigrade etymology,0.433,"google,bing,ddg"
2026-09-29,US,tardigrade,tardigrade 10,0.43,yahoo
2026-09-29,US,tardigrade,tardigrade 45,0.43,yahoo
2026-09-29,US,mechanical keyboard,mechanical keyboard quiet,0.421,"google,bing,yahoo,ddg"
2026-09-29,US,mechanical keyboard,mechanical keyboard 100 percent,0.414,"google,bing,yahoo,ddg"
2026-09-29,US,mechanical keyboard,mechanical keyboard quiet switches,0.414,"google,bing,yahoo,ddg"
2026-09-29,US,sourdough starter,sourdough starter all purpose flour,0.414,"google,bing,yahoo,ddg"
2026-09-29,US,tardigrade,tardigrade bookshelf,0.414,"bing,yahoo,ddg"
2026-09-29,US,mechanical keyboard,mechanical keyboard caps,0.411,"google,bing,yahoo,ddg"
2026-09-29,US,tardigrade,tardigrade where do they live,0.404,"google,bing,yahoo,ddg"
2026-09-29,US,sourdough starter,sourdough starter uk,0.4,"bing,ddg"
2026-09-29,US,mechanical keyboard,mechanical keyboard best buy,0.394,"google,bing,yahoo,ddg"
2026-09-29,US,tardigrade,tardigrade 3d model,0.39,"bing,ddg"
2026-09-29,US,tardigrade,tardigrade brain,0.389,"google,bing,yahoo,ddg"
2026-09-29,US,tardigrade,tardigrade mouth,0.389,"google,bing,yahoo,ddg"
2026-09-29,US,tardigrade,tardigrade yeux,0.383,"bing,ddg,google"
2026-09-29,US,mechanical keyboard,mechanical keyboard full size,0.379,"google,bing,yahoo,ddg"
2026-09-29,US,tardigrade,tardigrade eggs,0.379,"google,bing,yahoo,ddg"
2026-09-29,US,tardigrade,tardigrade evolution,0.378,"google,bing,yahoo,ddg"
2026-09-29,US,sourdough starter,sourdough starter to buy,0.373,"google,bing,yahoo,ddg"
2026-09-29,US,tardigrade,tardigrade bear,0.372,"google,bing,yahoo,ddg"
2026-09-29,US,mechanical keyboard,mechanical keyboard 60 percent,0.367,"google,bing,yahoo,ddg"
2026-09-29,US,sourdough starter,sourdough starter youtube,0.364,"bing,ddg,google,yahoo"
2026-09-29,US,mechanical keyboard,mechanical keyboard definition,0.357,"google,bing,yahoo,ddg"
2026-09-29,US,sourdough starter,sourdough starter has liquid on top,0.357,"google,bing,yahoo,ddg"
2026-09-29,US,sourdough starter,sourdough starter mold,0.353,"google,bing,yahoo,ddg"
2026-09-29,US,tardigrade,tardigrade youtube,0.351,"bing,ddg,google,yahoo"
2026-09-29,US,sourdough starter,sourdough starter bread recipe,0.344,"google,bing,yahoo,ddg"
2026-09-29,US,sourdough starter,sourdough starter zucchini bread,0.344,"google,bing,yahoo,ddg"
2026-09-29,US,mechanical keyboard,mechanical keyboard 100%,0.34,"bing,yahoo,ddg"
2026-09-29,US,tardigrade,tardigrade key,0.34,"bing,ddg"
2026-09-29,US,sourdough starter,sourdough starter machine,0.339,"google,bing,yahoo,ddg"
2026-09-29,US,tardigrade,tardigrade eyes,0.321,"google,bing,yahoo,ddg"
2026-09-29,US,sourdough starter,sourdough starter tips,0.309,"google,bing,yahoo,ddg"
2026-09-29,US,sourdough starter,why sourdough starter not rising,0.3,"google,bing,yahoo,ddg"
2026-09-29,US,tardigrade,tardigrade for kids,0.29,"google,bing,yahoo,ddg"
2026-09-29,US,tardigrade,tardigrade wikipedia,0.289,"google,bing,yahoo,ddg"
2026-09-29,US,mechanical keyboard,mechanical keyboard case,0.284,"google,bing,yahoo,ddg"
2026-09-29,US,sourdough starter,sourdough starter hooch,0.274,"google,bing,yahoo,ddg"
2026-09-29,US,sourdough starter,how sourdough starter works,0.27,"google,bing,yahoo,ddg"
2026-09-29,US,tardigrade,tardigrade microscope,0.267,"google,bing,yahoo,ddg"
2026-09-29,US,sourdough starter,sourdough starter amazon,0.24,"google,bing,yahoo,ddg"
