date,market,cat,seed,term,score,engines
2026-10-09,CN,it,deepseekv4上线两大版本,deepseekv4pro正式版上线了吗,0.9,baidu
2026-10-09,CN,it,时域反射仪,光时域反射仪精度做得最好的有哪些牌子,0.88,baidu
2026-10-09,CN,it,deepseekv4上线两大版本,deepseekv4正式版上线时间,0.87,baidu
2026-10-09,CN,economy,最低工资,最低工资为什么和社保缴费基数不一致,0.87,baidu
2026-10-09,CN,it,Googlebook,谷歌 googlebook 系列,0.86,baidu
2026-10-09,CN,it,Googlebook,googleplaybooks,0.85,baidu
2026-10-09,CN,science,德克薩斯大學醫學分部,德克萨斯大学相当于国内什么大学,0.85,baidu
2026-10-09,CN,it,Googlebook,chromebook什么意思,0.84,baidu
2026-10-09,CN,it,FPGA,fpga是什么意思用来做什么,0.84,baidu
2026-10-09,CN,science,德克薩斯大學醫學分部,德克萨斯大学健康科学中心排名,0.84,baidu
2026-10-09,CN,economy,最低工资,最低工资不能低于多少钱一个月,0.84,baidu
2026-10-09,CN,economy,最低工资,最低工资的具体标准由什么规定,0.84,baidu
2026-10-09,CN,it,Googlebook,google notebook lm,0.836,baidu
2026-10-09,CN,it,FPGA,fpga为什么要flash,0.83,baidu
2026-10-09,CN,it,FPGA,fpga教程推荐张伟老师,0.82,baidu
2026-10-09,CN,it,FPGA,做fpga比较有名的品牌,0.82,baidu
2026-10-09,CN,science,德克薩斯大學醫學分部,德克萨斯大学elpaso,0.82,baidu
2026-10-09,CN,science,德克薩斯大學醫學分部,德克萨斯大学学癌症中心是,0.82,baidu
2026-10-09,CN,it,Googlebook,谷歌chromebook,0.82,baidu
2026-10-09,CN,economy,购买力平价,购买力平价最简单三个步骤,0.82,baidu
2026-10-09,CN,science,超导,超导为什么从下面悬空出来,0.82,baidu
2026-10-09,CN,it,deepseekv4上线两大版本,deepseekv4两个版本区别,0.816,baidu
2026-10-09,CN,it,Googlebook,googleebookstore,0.816,baidu
2026-10-09,CN,it,Googlebook,google book,0.81,baidu
2026-10-09,CN,it,时域反射仪,光时域反射仪的工作原理,0.81,baidu
2026-10-09,CN,science,德克薩斯大學醫學分部,德克萨斯大学在哪个城市,0.81,baidu
2026-10-09,CN,economy,最低工资,当地最低工资标准在哪里可以查到,0.806,baidu
2026-10-09,CN,science,德克薩斯大學醫學分部,德克萨斯医学中心在美国是啥地位,0.806,baidu
2026-10-09,CN,it,deepseekv4上线两大版本,deepseekv4正式版什么时候发布,0.801,baidu
2026-10-09,CN,it,时域反射仪,光时域反射仪1000,0.8,baidu
2026-10-09,CN,it,时域反射仪,光时域反射仪测量范围,0.8,baidu
2026-10-09,CN,economy,最低工资,最低工资多少钱一个月,0.8,baidu
2026-10-09,CN,economy,最低工资,最低工资标准怎么理解,0.8,baidu
2026-10-09,CN,economy,购买力平价,购买力平价理论简单说,0.8,baidu
2026-10-09,CN,science,超导,超导怎么获得洛克王国,0.8,baidu
2026-10-09,CN,it,FPGA,fpga为什么不用烧boot,0.796,baidu
2026-10-09,CN,it,Googlebook,googlebook最新消息,0.796,baidu
2026-10-09,CN,it,Googlebook,googlenotebook,0.796,baidu
2026-10-09,CN,economy,购买力平价,购买力平价理论认为,0.79,baidu
2026-10-09,CN,science,超导,超导的三个主要作用,0.79,baidu
2026-10-09,CN,economy,最低工资,最低工资标准后能否继续扣钱,0.786,baidu
2026-10-09,CN,it,Googlebook,googlenotebookklm,0.781,baidu
2026-10-09,CN,it,时域反射仪,光时域反射仪功能,0.78,baidu
2026-10-09,CN,it,时域反射仪,光时域反射仪厂家,0.78,baidu
2026-10-09,CN,it,时域反射仪,光时域反射仪模式,0.78,baidu
2026-10-09,CN,economy,最低工资,最低工资怎么发的,0.78,baidu
2026-10-09,CN,economy,最低工资,最低工资怎么定的,0.78,baidu
2026-10-09,CN,economy,购买力平价,购买力平价准确吗,0.78,baidu
2026-10-09,CN,economy,购买力平价,购买力平价怎么算,0.78,baidu
2026-10-09,CN,it,通行密钥,通行密钥会泄露吗,0.78,baidu
2026-10-09,CN,it,通行密钥,通行密钥怎么打开,0.78,baidu
2026-10-09,CN,it,Googlebook,googlebook官网,0.776,baidu
2026-10-09,CN,it,时域反射仪,光时域反射仪novker,0.776,baidu
2026-10-09,CN,economy,最低工资,最低工资为什么定的这么低,0.776,baidu
2026-10-09,CN,economy,最低工资,最低工资为什么比平均工资差那么多,0.771,baidu
2026-10-09,CN,it,FPGA,fpga怎么学,0.77,baidu
2026-10-09,CN,economy,最低工资,最低工资标准表,0.77,baidu
2026-10-09,CN,economy,购买力平价,购买力平价对吗,0.77,baidu
2026-10-09,CN,economy,购买力平价,购买力平价概念,0.77,baidu
2026-10-09,CN,science,超导,超导仪器多少钱,0.77,baidu
2026-10-09,CN,science,超导,超导是什么仪器,0.77,baidu
2026-10-09,CN,it,通行密钥,通行密钥app,0.77,baidu
2026-10-09,CN,science,德克薩斯大學醫學分部,德克萨斯大学回国认可度,0.766,baidu
2026-10-09,CN,economy,最低工资,最低工资多少钱一个小时,0.766,baidu
2026-10-09,CN,economy,购买力平价,购买力平价高好还是低好,0.766,baidu
2026-10-09,CN,economy,购买力平价,购买力平价高意味着什么,0.766,baidu
2026-10-09,CN,science,超导,超导为什么没有实际应用,0.766,baidu
2026-10-09,CN,it,FPGA,fpgaai,0.76,baidu
2026-10-09,CN,it,FPGA,fpga产品,0.76,baidu
2026-10-09,CN,it,Googlebook,谷歌book,0.76,baidu
2026-10-09,CN,science,超导,超导什么意思,0.76,baidu
2026-10-09,CN,science,超导,超导能做什么,0.76,baidu
2026-10-09,CN,it,通行密钥,通行密钥在哪,0.76,baidu
2026-10-09,CN,it,FPGA,fpga是什么的缩写,0.756,baidu
2026-10-09,CN,economy,最低工资,最低工资标准包含什么,0.756,baidu
2026-10-09,CN,it,通行密钥,通行密钥一般用来干嘛,0.756,baidu
2026-10-09,CN,it,Googlebook,chromebook使用教程,0.751,baidu
2026-10-09,CN,science,超导,超导的原理,0.75,baidu
2026-10-09,CN,it,Googlebook,chromebook是哪家公司的产品,0.747,baidu
2026-10-09,CN,it,FPGA,fpga教程pdf,0.746,baidu
2026-10-09,CN,it,FPGA,fpga能做啥项目,0.746,baidu
2026-10-09,CN,it,时域反射仪,光时域反射仪全自动,0.746,baidu
2026-10-09,CN,economy,最低工资,最低工资怎么交社保,0.746,baidu
2026-10-09,CN,science,超导,超导的三个典型现象,0.746,baidu
2026-10-09,CN,it,FPGA,fpga为什么led灯不亮,0.741,baidu
2026-10-09,CN,economy,最低工资,最低工资标准是哪个部门定的,0.741,baidu
2026-10-09,CN,it,FPGA,fpga哪家的好,0.736,baidu
2026-10-09,CN,it,FPGA,fpga怎么入门,0.736,baidu
2026-10-09,CN,it,FPGA,fpga推荐芯片,0.736,baidu
2026-10-09,CN,it,时域反射仪,光时域反射仪中标,0.736,baidu
2026-10-09,CN,it,时域反射仪,光时域反射仪型号,0.736,baidu
2026-10-09,CN,economy,最低工资,最低工资支付规定,0.736,baidu
2026-10-09,CN,economy,最低工资,最低工资标准小时,0.736,baidu
2026-10-09,CN,science,超导,超导现在实现了吗,0.736,baidu
2026-10-09,CN,it,时域反射仪,光时域反射仪sw100f,0.731,baidu
2026-10-09,CN,economy,最低工资,最低工资调整最新解读来了,0.731,baidu
2026-10-09,CN,economy,购买力平价,购买力平价和购买力的区别,0.731,baidu
2026-10-09,CN,it,通行密钥,什么叫通行密钥,0.726,baidu
2026-10-09,CN,economy,购买力平价,何谓购买力平价,0.726,baidu
2026-10-09,CN,science,超导,超导怎么打出来,0.726,baidu
2026-10-09,CN,science,超导,超导是什么专业,0.726,baidu
2026-10-09,CN,science,超导,超导治疗有用吗,0.726,baidu
2026-10-09,CN,it,通行密钥,通行密钥pin,0.726,baidu
2026-10-09,CN,it,通行密钥,通行密钥怎么扫,0.726,baidu
2026-10-09,CN,it,FPGA,fpga怎么驱动模拟屏,0.721,baidu
2026-10-09,CN,it,FPGA,fpga教程百度云资源,0.721,baidu
2026-10-09,CN,it,时域反射仪,光时域反射仪多少钱一台,0.721,baidu
2026-10-09,CN,economy,最低工资,拿最低工资还可以扣款吗,0.721,baidu
2026-10-09,CN,it,Googlebook,谷歌noebooklm,0.721,baidu
2026-10-09,CN,it,Googlebook,谷歌playbooks,0.721,baidu
2026-10-09,CN,it,FPGA,fpga现在主要用什么软件开发,0.717,baidu
2026-10-09,CN,economy,最低工资,最低工资能不能提升到5000元,0.717,baidu
2026-10-09,CN,it,FPGA,fpga技术,0.716,baidu
2026-10-09,CN,science,超导,超导现象视频,0.716,baidu
2026-10-09,CN,it,时域反射仪,光时域反射仪是啥意思,0.711,baidu
2026-10-09,CN,economy,最低工资,最低工资怎么算每小时,0.711,baidu
2026-10-09,CN,economy,最低工资,最低工资标准怎么定义,0.711,baidu
2026-10-09,CN,economy,最低工资,最低工资的定义是什么,0.711,baidu
2026-10-09,CN,science,超导,超导实现的条件是什么,0.711,baidu
2026-10-09,CN,it,deepseekv4上线两大版本,deepseekv4全面上线,0.707,baidu
2026-10-09,CN,economy,最低工资,最低工资是扣除五险一金后的吗,0.707,baidu
2026-10-09,CN,it,FPGA,fpga是什么语言,0.701,baidu
2026-10-09,CN,it,deepseekv4上线两大版本,于国泳主任医师简介,0.701,baidu
2026-10-09,CN,economy,最低工资,广州最低工资多少钱,0.701,baidu
2026-10-09,CN,science,德克薩斯大學醫學分部,德克萨斯大学怎么样,0.701,baidu
2026-10-09,CN,science,超导,超导为什么电阻为零,0.701,baidu
2026-10-09,CN,it,通行密钥,通行密钥验证怎么弄,0.701,baidu
2026-10-09,CN,economy,最低工资,最低工资为什么除21.75,0.697,baidu
2026-10-09,CN,it,FPGA,fpga具体样子,0.691,baidu
2026-10-09,CN,economy,购买力平价,购买力平价是什么,0.691,baidu
2026-10-09,CN,it,FPGA,fpga程序可以读出来吗,0.687,baidu
2026-10-09,CN,science,超导,超导为什么用氦气不用氮气,0.687,baidu
2026-10-09,CN,economy,购买力平价,购买力平价定律,0.681,baidu
2026-10-09,CN,science,超导,超导是什么东西,0.681,baidu
2026-10-09,CN,science,超导,超导是什么概念,0.681,baidu
2026-10-09,CN,it,通行密钥,通行密钥怎么弄,0.681,baidu
2026-10-09,CN,it,通行密钥,通行密钥的作用,0.681,baidu
2026-10-09,CN,it,FPGA,fpga为什么需要配置,0.677,baidu
2026-10-09,CN,it,FPGA,fpga教程谁的比较好,0.677,baidu
2026-10-09,CN,it,Googlebook,chromebook为什么便宜,0.672,baidu
2026-10-09,CN,it,Googlebook,chromebook发售价谷歌,0.672,baidu
2026-10-09,CN,it,FPGA,fpga平台,0.671,baidu
2026-10-09,CN,science,超导,超导怎么开机,0.671,baidu
2026-10-09,CN,it,FPGA,fpga怎么烧录程序,0.667,baidu
2026-10-09,CN,it,FPGA,fpga是什么的简称,0.667,baidu
2026-10-09,CN,it,时域反射仪,光时域反射仪exfo,0.667,baidu
2026-10-09,CN,it,时域反射仪,时域反射计tdr原理,0.667,baidu
2026-10-09,CN,economy,最低工资,最低工资 是什么标准,0.667,baidu
2026-10-09,CN,it,FPGA,现在fpga用的多吗,0.667,baidu
2026-10-09,CN,economy,购买力平价,购买力平价大白话解释,0.667,baidu
2026-10-09,CN,it,通行密钥,通行密钥会导致关联吗,0.667,baidu
2026-10-09,CN,it,时域反射仪,光时域反射仪那些好,0.657,baidu
2026-10-09,CN,economy,最低工资,最低工资表格怎么做,0.657,baidu
2026-10-09,CN,economy,最低工资,深圳最低工资多少钱,0.657,baidu
2026-10-09,CN,it,Googlebook,chromebook怎么用,0.652,baidu
2026-10-09,CN,economy,最低工资,最低工资为什么要乘以1.1,0.652,baidu
2026-10-09,CN,economy,最低工资,最低工资怎么发放,0.647,baidu
2026-10-09,CN,science,超导,超导是什么的现象,0.647,baidu
2026-10-09,CN,it,通行密钥,通行密钥怎么删除,0.647,baidu
2026-10-09,CN,it,FPGA,fpga怎么消除竞争冒险,0.642,baidu
2026-10-09,CN,it,Googlebook,googlebookos,0.642,baidu
2026-10-09,CN,it,通行密钥,出现通行密钥不通过怎么办,0.642,baidu
2026-10-09,CN,science,超导,超导是什么意思有什么用途,0.642,baidu
2026-10-09,CN,it,Googlebook,googlebook什么时候开售,0.638,baidu
2026-10-09,CN,science,超导,超导的通俗理解,0.637,baidu
2026-10-09,CN,it,FPGA,fpga为什么无法更改,0.632,baidu
2026-10-09,CN,it,FPGA,fpga可以用来做什么,0.632,baidu
2026-10-09,CN,economy,最低工资,最低工资标准哪里最高呢,0.632,baidu
2026-10-09,CN,economy,最低工资,最低工资标准的调整方式,0.632,baidu
2026-10-09,CN,economy,最低工资,青岛退休最低工资多少钱,0.632,baidu
2026-10-09,CN,it,时域反射仪,光时域反射仪,0.627,baidu
2026-10-09,CN,economy,最低工资,当地最低工资,0.627,baidu
2026-10-09,CN,it,FPGA,fpga图形设计方式,0.622,baidu
2026-10-09,CN,it,FPGA,fpga是什么意思?,0.622,baidu
2026-10-09,CN,economy,最低工资,最低工资怎么算才合理,0.622,baidu
2026-10-09,CN,economy,最低工资,最低工资是什么性收入,0.622,baidu
2026-10-09,CN,economy,最低工资,最低工资还能扣社保吗,0.622,baidu
2026-10-09,CN,science,超导,超导啥意思,0.617,baidu
2026-10-09,CN,science,超导,超导怎么学,0.617,baidu
2026-10-09,CN,it,FPGA,fpga板子多少钱,0.612,baidu
2026-10-09,CN,economy,购买力平价,购买力平价什么意思,0.612,baidu
2026-10-09,CN,economy,购买力平价,购买力平价计算公式,0.612,baidu
2026-10-09,CN,science,超导,超导为什么难以普及,0.612,baidu
2026-10-09,CN,science,超导,超导治疗一次多少钱,0.612,baidu
2026-10-09,CN,it,FPGA,fpga能不能驱动1080p 60帧的rgb,0.609,baidu
2026-10-09,CN,it,Googlebook,chromebook怎么样,0.608,baidu
2026-10-09,CN,it,deepseekv4上线两大版本,deepseekv4正式版跟新内容,0.603,baidu
2026-10-09,CN,it,deepseekv4上线两大版本,what kind of data,0.603,baidu
2026-10-09,CN,it,FPGA,fpga教程详细,0.602,baidu
2026-10-09,CN,it,时域反射仪,时域反射计是什么,0.602,baidu
2026-10-09,CN,economy,最低工资,最低工资标准贵州,0.602,baidu
2026-10-09,CN,science,超导,超导怎么防止氧化,0.602,baidu
2026-10-09,CN,economy,最低工资,最低工资为什么不能随便定,0.598,baidu
2026-10-09,CN,it,时域反射仪,时域反射计原理,0.592,baidu
2026-10-09,CN,economy,购买力平价,购买力平价定义,0.592,baidu
2026-10-09,CN,it,通行密钥,通行密钥怎么用,0.592,baidu
2026-10-09,CN,it,FPGA,fpga为什么需要笔试,0.588,baidu
2026-10-09,CN,it,FPGA,fpga怎么消除亚稳态,0.588,baidu
2026-10-09,CN,economy,最低工资,最低工资 哪里可以查询,0.588,baidu
2026-10-09,CN,economy,最低工资,最低工资怎么算每天工资,0.588,baidu
2026-10-09,CN,economy,最低工资,最低工资标准可以打折吗,0.588,baidu
2026-10-09,CN,economy,购买力平价,购买力平价gdp合理吗,0.588,baidu
2026-10-09,CN,it,FPGA,fpga教程视频教程,0.578,baidu
2026-10-09,CN,it,FPGA,fpga能做cpu吗,0.578,baidu
2026-10-09,CN,economy,最低工资,最低工资标准算法公式,0.578,baidu
2026-10-09,CN,science,超导,超导怎么样了导电效率,0.578,baidu
2026-10-09,CN,it,FPGA,fpga 怎么分配slice,0.573,baidu
2026-10-09,CN,it,FPGA,fpgam,0.572,baidu
2026-10-09,CN,it,FPGA,fpga最便宜价格,0.568,baidu
2026-10-09,CN,economy,最低工资,最低工资是什么工位,0.568,baidu
2026-10-09,CN,economy,最低工资,沈阳最低工资多少钱,0.568,baidu
2026-10-09,CN,it,Googlebook,chromebook打不开google怎么办,0.564,baidu
2026-10-09,CN,it,FPGA,fpga 为什么没有并行nand控制器 ip,0.564,baidu
2026-10-09,CN,it,时域反射仪,时域反射仪 是什么材料做的,0.563,baidu
2026-10-09,CN,it,时域反射仪,时域反射仪 能不能测量物体,0.563,baidu
2026-10-09,CN,it,Googlebook,谷歌 googlebook,0.563,baidu
2026-10-09,CN,science,超导,超导公式,0.562,baidu
2026-10-09,CN,science,超导,超导技术,0.562,baidu
2026-10-09,CN,it,FPGA,fpga 怎么实现pushpull,0.559,baidu
2026-10-09,CN,it,FPGA,fpga推荐书籍,0.558,baidu
2026-10-09,CN,it,FPGA,fpg是什么意思,0.558,baidu
2026-10-09,CN,it,时域反射仪,时域反射仪怎么用,0.558,baidu
2026-10-09,CN,it,通行密钥,通行密钥怎么关闭,0.558,baidu
2026-10-09,CN,it,FPGA,fpga推荐开发板 洛阳,0.553,baidu
2026-10-09,CN,economy,购买力平价,购买力平价是什么意思呀?,0.553,baidu
2026-10-09,CN,science,德克薩斯大學醫學分部,德克萨斯大学医学分部 是什么样的,0.549,baidu
2026-10-09,CN,science,德克薩斯大學醫學分部,德克萨斯大学医学分部 能不能保研,0.549,baidu
2026-10-09,CN,science,超导,超导为什么抗磁,0.548,baidu
2026-10-09,CN,science,超导,超导是什么伤害,0.548,baidu
2026-10-09,CN,science,超导,超导为什么不能广泛使用,0.543,baidu
2026-10-09,CN,it,deepseekv4上线两大版本,deepseekv4正式版测评,0.539,baidu
2026-10-09,CN,it,FPGA,fpga软件,0.538,baidu
2026-10-09,CN,it,deepseekv4上线两大版本,一班制是什么,0.538,baidu
2026-10-09,CN,economy,最低工资,最低工资规定,0.538,baidu
2026-10-09,CN,science,超导,超导实现了吗,0.538,baidu
2026-10-09,CN,it,FPGA,fpga能不能烧录两份相同的程序的文件,0.534,baidu
2026-10-09,CN,it,FPGA,fpga为什么可编程,0.533,baidu
2026-10-09,CN,it,FPGA,fpga可以实现什么,0.533,baidu
2026-10-09,CN,it,FPGA,fpga用在什么地方,0.533,baidu
2026-10-09,CN,economy,最低工资,哈尔滨最低工资多少钱,0.533,baidu
2026-10-09,CN,economy,最低工资,最低工资 哪里可以查,0.533,baidu
2026-10-09,CN,it,通行密钥,通行密钥 多少钱一张,0.533,baidu
2026-10-09,CN,it,通行密钥,通行密钥 能不能删除,0.533,baidu
2026-10-09,CN,science,超导,超导的用途,0.528,baidu
2026-10-09,CN,it,FPGA,fpga教程哪个好,0.523,baidu
2026-10-09,CN,it,FPGA,fpga是什么岗位,0.523,baidu
2026-10-09,CN,it,FPGA,fpga芯片多少钱,0.523,baidu
2026-10-09,CN,economy,最低工资,最低工资为什么不涨,0.523,baidu
2026-10-09,CN,economy,最低工资,最低工资是什么收入,0.523,baidu
2026-10-09,CN,economy,最低工资,最低工资标准是多少,0.523,baidu
2026-10-09,CN,economy,最低工资,最低工资的计算公式,0.523,baidu
2026-10-09,CN,economy,最低工资,最低工资还能扣钱吗,0.523,baidu
2026-10-09,CN,it,时域反射仪,时域反射仪 为什么没有声音,0.519,baidu
2026-10-09,CN,economy,最低工资,最低工资为什么有四个档位呢,0.519,baidu
2026-10-09,CN,economy,最低工资,最低工资标准什么时候开始的,0.519,baidu
2026-10-09,CN,economy,最低工资,最低工资标准多少年调整一次,0.519,baidu
2026-10-09,CN,science,超导,超导原理,0.518,baidu
2026-10-09,CN,science,德克薩斯大學醫學分部,德克萨斯大学医学分部 能不能专升本,0.514,baidu
2026-10-09,CN,economy,最低工资,最低工资怎么计算,0.513,baidu
2026-10-09,CN,economy,购买力平价,购买力平价的意义,0.513,baidu
2026-10-09,CN,it,通行密钥,通行密钥在哪里开,0.513,baidu
2026-10-09,CN,it,通行密钥,通行密钥怎么获得,0.513,baidu
2026-10-09,CN,it,时域反射仪,时域反射仪 哪里生产的好,0.509,baidu
2026-10-09,CN,it,时域反射仪,时域反射仪 教程视频讲解,0.509,baidu
2026-10-09,CN,it,时域反射仪,时域反射仪 能不能测光谱,0.509,baidu
2026-10-09,CN,it,Googlebook,谷歌笔记本电脑大概多少钱,0.509,baidu
2026-10-09,CN,science,超导,超导能给人类带来哪些好处,0.509,baidu
2026-10-09,CN,it,通行密钥,通行密钥怎么扫二维码安卓,0.509,baidu
2026-10-09,CN,science,德克薩斯大學醫學分部,德克萨斯大学医学分部 是什么学校,0.504,baidu
2026-10-09,CN,it,FPGA,fpga 为什么这么贵,0.499,baidu
2026-10-09,CN,it,时域反射仪,时域反射仪 多少钱一个,0.499,baidu
2026-10-09,CN,it,时域反射仪,时域反射仪 是什么东西,0.499,baidu
2026-10-09,CN,economy,最低工资,最低工资 能不能扣社保,0.499,baidu
2026-10-09,CN,economy,最低工资,最低工资哪里可以了解到,0.499,baidu
2026-10-09,CN,economy,购买力平价,购买力平价是什么标价法,0.499,baidu
2026-10-09,CN,economy,购买力平价,购买力平价理论主要解释,0.499,baidu
2026-10-09,CN,it,通行密钥,通行密钥 为什么不能用,0.499,baidu
2026-10-09,CN,it,FPGA,fpga 推荐 潘松 csdn,0.494,baidu
2026-10-09,CN,science,超导,超导有什么用,0.493,baidu
2026-10-09,CN,economy,购买力平价,购买力平价理论(ppp)主要解释了什么,0.49,baidu
2026-10-09,CN,it,时域反射仪,时域反射仪 推荐型号,0.489,baidu
2026-10-09,CN,economy,最低工资,最低工资怎么算出来的,0.489,baidu
2026-10-09,CN,economy,最低工资,最低工资标准怎么发放,0.489,baidu
2026-10-09,CN,it,通行密钥,通行密钥 多少钱一套,0.489,baidu
2026-10-09,CN,it,通行密钥,通行密钥 能不能重置,0.489,baidu
2026-10-09,CN,science,德克薩斯大學醫學分部,德克萨斯大学医学分部 怎么进,0.484,baidu
2026-10-09,CN,science,超导,超导怎么打,0.483,baidu
2026-10-09,CN,science,德克薩斯大學醫學分部,德克萨斯大学医学分部 多少钱一个学期,0.48,baidu
2026-10-09,CN,it,FPGA,fpgachina,0.479,baidu
2026-10-09,CN,it,FPGA,fpga多少钱一个,0.479,baidu
2026-10-09,CN,it,FPGA,fpga是什么芯片,0.479,baidu
2026-10-09,CN,economy,最低工资,美国最低工资多少钱,0.479,baidu
2026-10-09,CN,economy,购买力平价,购买力平价怎么理解,0.479,baidu
2026-10-09,CN,science,超导,超导为什么可以悬浮,0.479,baidu
2026-10-09,CN,it,Googlebook,chromebook多少钱,0.474,baidu
2026-10-09,CN,it,Googlebook,chromebook是什么,0.474,baidu
2026-10-09,CN,it,FPGA,fpga教程推荐,0.469,baidu
2026-10-09,CN,it,FPGA,fpga 怎么实现i3c,0.464,baidu
2026-10-09,CN,it,时域反射仪,时域反射仪 为什么不能用,0.464,baidu
2026-10-09,CN,it,时域反射仪,时域反射仪 怎么使用视频,0.464,baidu
2026-10-09,CN,economy,最低工资,最低工资标准多久调整一次,0.464,baidu
2026-10-09,CN,economy,购买力平价,购买力平价 为什么会下降,0.464,baidu
2026-10-09,CN,science,德克薩斯大學醫學分部,德克萨斯大学医学分部 是什么专业,0.46,baidu
2026-10-09,CN,it,deepseekv4上线两大版本,四照花生长速度,0.459,baidu
2026-10-09,CN,science,超导,超导是什么反应,0.459,baidu
2026-10-09,CN,science,超导,超导材料多少钱,0.459,baidu
2026-10-09,CN,it,FPGA,fpga是什么专业学的,0.454,baidu
2026-10-09,CN,it,时域反射仪,时域反射仪 哪里生产的,0.454,baidu
2026-10-09,CN,it,时域反射仪,时域反射仪 多少钱一台,0.454,baidu
2026-10-09,CN,it,时域反射仪,时域反射仪 是什么仪器,0.454,baidu
2026-10-09,CN,it,时域反射仪,时域反射仪 能不能测光,0.454,baidu
2026-10-09,CN,science,超导,超导多少钱一吨2025,0.454,baidu
2026-10-09,CN,it,通行密钥,通行密钥 能不能改密码,0.454,baidu
2026-10-09,CN,it,FPGA,fpga 为什么不用信号做时钟,0.45,baidu
2026-10-09,CN,science,德克薩斯大學醫學分部,德克萨斯大学医学分部 推荐专业,0.45,baidu
2026-10-09,CN,science,德克薩斯大學醫學分部,德克萨斯大学医学分部 能不能进,0.45,baidu
2026-10-09,CN,economy,购买力平价,购买力平价为什么在现实中不成立,0.45,baidu
2026-10-09,CN,it,FPGA,fpga推荐,0.449,baidu
2026-10-09,CN,science,超导,超导怎么实现,0.449,baidu
2026-10-09,CN,it,时域反射仪,时域反射仪 推荐哪款,0.444,baidu
2026-10-09,CN,it,时域反射仪,时域反射仪 教程图片,0.444,baidu
2026-10-09,CN,economy,最低工资,最低工资 能不能扣税,0.444,baidu
2026-10-09,CN,economy,最低工资,最低工资为什么有三档,0.444,baidu
2026-10-09,CN,economy,最低工资,最低工资怎么算时薪的,0.444,baidu
2026-10-09,CN,it,通行密钥,通行密钥 多少钱一个,0.444,baidu
2026-10-09,CN,it,FPGA,fpga能不能直接跑fm解调,0.44,baidu
2026-10-09,CN,science,德克薩斯大學醫學分部,德克萨斯大学医学分部 怎么样,0.44,baidu
2026-10-09,CN,it,通行密钥,通行密钥为什么不能用指纹验证,0.44,baidu
2026-10-09,CN,it,FPGA,fpga多少钱一片,0.434,baidu
2026-10-09,CN,economy,最低工资,上海最低工资多少钱,0.434,baidu
2026-10-09,CN,economy,最低工资,最低工资是什么工作,0.434,baidu
2026-10-09,CN,economy,购买力平价,购买力平价是什么?,0.434,baidu
2026-10-09,CN,economy,购买力平价,购买力平价理论假设,0.434,baidu
2026-10-09,CN,it,Googlebook,googlebook是什么,0.43,baidu
2026-10-09,CN,science,超导,超导理论,0.429,baidu
2026-10-09,CN,economy,最低工资,最低工资哪里最低,0.424,baidu
2026-10-09,CN,science,超导,超导为什么要低温,0.424,baidu
2026-10-09,CN,it,Googlebook,chromebook推荐,0.42,baidu
2026-10-09,CN,it,Googlebook,googlebook价格,0.42,baidu
2026-10-09,CN,science,超导,超导是什么材质,0.414,baidu
2026-10-09,CN,science,超导,超导的基本原理,0.414,baidu
2026-10-09,CN,it,FPGA,fpga 教程 哈工大,0.41,baidu
2026-10-09,CN,it,FPGA,fpga教程,0.404,baidu
2026-10-09,CN,science,超导,超导怎么触发,0.404,baidu
2026-10-09,CN,economy,最低工资,最低工资为什么这么低,0.4,baidu
2026-10-09,CN,it,FPGA,fpga推荐开发板,0.39,baidu
2026-10-09,CN,economy,最低工资,最低工资是什么意思,0.39,baidu
2026-10-09,CN,economy,购买力平价,购买力平价 怎么怼,0.39,baidu
2026-10-09,CN,science,超导,超导为什么没有电阻,0.39,baidu
2026-10-09,CN,science,超导,超导哪里医院可以做,0.39,baidu
2026-10-09,CN,science,超导,超导怎么了导电效率,0.39,baidu
2026-10-09,CN,it,通行密钥,通行秘钥,0.384,baidu
2026-10-09,CN,economy,最低工资,北京最低工资多少,0.38,baidu
2026-10-09,CN,economy,最低工资,最低工资哪里最高,0.38,baidu
2026-10-09,CN,economy,最低工资,最低工资能不能扣,0.38,baidu
2026-10-09,CN,science,超导,超导多少钱一公斤,0.38,baidu
2026-10-09,CN,it,FPGA,fpga多少钱,0.37,baidu
2026-10-09,CN,it,FPGA,fpga怎么读,0.37,baidu
2026-10-09,CN,economy,最低工资,最低工资怎么算,0.37,baidu
2026-10-09,DE,economy,zahlungsbilanz,bundesbank zahlungsbilanz 2025,1.0,google
2026-10-09,DE,science,Plattentektonik,entstehung himalaya plattentektonik,1.0,google
2026-10-09,DE,science,Plattentektonik,gebirge durch plattentektonik beispiel,1.0,bing
2026-10-09,DE,science,grüner Wasserstoff,grüner wasserstoff brennstoffzelle,1.0,google
2026-10-09,DE,science,grüner Wasserstoff,grüner wasserstoff herstellung in deutschland,1.0,bing
2026-10-09,DE,science,grüner Wasserstoff,grüner wasserstoff preisentwicklung,1.0,google
2026-10-09,DE,it,Linux Kernel,linux kernel online source code,1.0,bing
2026-10-09,DE,it,Linux Kernel,linux kernel tutorial for beginners,1.0,bing
2026-10-09,DE,it,Linux Kernel,linux kernel will support $origin sort of,1.0,bing
2026-10-09,DE,science,Plattentektonik,plattentektonik arbeitsblatt klett,1.0,bing
2026-10-09,DE,science,Plattentektonik,plattentektonik geographie klasse 7,1.0,google
2026-10-09,DE,science,Plattentektonik,plattentektonik karte beschriftet,1.0,bing
2026-10-09,DE,science,Plattentektonik,plattentektonik mittelozeanischer rücken,1.0,google
2026-10-09,DE,science,Plattentektonik,plattentektonik vor 200 mio jahren,1.0,bing
2026-10-09,DE,economy,stablecoin transaction,stablecoin transaction volume by chain,1.0,google
2026-10-09,DE,economy,stablecoin transaction,stablecoin transaction volume by region,1.0,google
2026-10-09,DE,economy,zahlungsbilanz,unterschied zahlungsbilanz handelsbilanz,1.0,google
2026-10-09,DE,economy,zahlungsbilanz,vermögensübertragungen zahlungsbilanz,1.0,google
2026-10-09,DE,science,Plattentektonik,was besagt die theorie der plattentektonik,1.0,bing
2026-10-09,DE,economy,zahlungsbilanz,wie ist die zahlungsbilanz aufgebaut,1.0,google
2026-10-09,DE,economy,XPS Pensions,xps pensions board of directors,1.0,google
2026-10-09,DE,economy,XPS Pensions,xps pensions number of employees,1.0,google
2026-10-09,DE,economy,zahlungsbilanz,zahlungsbilanz überschuss und defizit,1.0,google
2026-10-09,DE,other,Modelleisenbahn,österreichische modelleisenbahn hersteller,1.0,google
2026-10-09,DE,economy,XPS Pensions,xps pensions group john lewis,0.99,google
2026-10-09,DE,economy,zahlungsbilanz,zahlungsbilanzungleichgewicht,0.99,bing
2026-10-09,DE,economy,zahlungsbilanz,bereiche der zahlungsbilanz,0.97,bing
2026-10-09,DE,science,grüner Wasserstoff,grüner wasserstoff weltweit,0.97,google
2026-10-09,DE,science,Plattentektonik,plattentektonik lückentext,0.96,google
2026-10-09,DE,economy,XPS Pensions,xps pensions group reviews,0.96,google
2026-10-09,DE,economy,XPS Pensions,xps pensions login contact,0.96,bing
2026-10-09,DE,science,grüner Wasserstoff,grüner wasserstoff herstellung ammoniak,0.956,google
2026-10-09,DE,it,Linux Kernel,linux kernel architecture diagram,0.956,bing
2026-10-09,DE,it,Linux Kernel,linux kernel officially released,0.956,google
2026-10-09,DE,science,Plattentektonik,plattentektonik definition für schüler,0.956,google
2026-10-09,DE,science,Plattentektonik,plattentektonik karte erklärung,0.956,bing
2026-10-09,DE,economy,XPS Pensions,xps pensions administrator salary,0.956,bing
2026-10-09,DE,economy,XPS Pensions,xps pensions group annual report,0.956,google
2026-10-09,DE,economy,zahlungsbilanz,zahlungsbilanz buchungssätze beispiele,0.956,google
2026-10-09,DE,it,Linux Kernel,linux kernel operating system,0.954,bing
2026-10-09,DE,science,grüner Wasserstoff,grüner wasserstoff bruck an der leitha,0.95,google
2026-10-09,DE,science,Plattentektonik,plattentektonik im mittelmeerraum,0.95,bing
2026-10-09,DE,science,Plattentektonik,plattentektonik plattenbewegung,0.95,bing
2026-10-09,DE,science,grüner Wasserstoff,lhyfe grüner wasserstoff,0.94,google
2026-10-09,DE,science,Plattentektonik,plattentektonik atlantik,0.94,google
2026-10-09,DE,science,Plattentektonik,plattentektonik portugal,0.94,google
2026-10-09,DE,economy,zahlungsbilanz,zahlungsbilanz wikipedia,0.94,google
2026-10-09,DE,it,Linux Kernel,linux kernel on android,0.93,google
2026-10-09,DE,science,Plattentektonik,plattentektonik mystery,0.93,google
2026-10-09,DE,economy,XPS Pensions,xps pensions calculator,0.93,bing
2026-10-09,DE,science,Plattentektonik,plattentektonik erdbeben und vulkane,0.927,bing
2026-10-09,DE,science,grüner Wasserstoff,grüner wasserstoff probleme,0.926,google
2026-10-09,DE,economy,XPS Pensions,xps pensions police contact,0.926,bing
2026-10-09,DE,it,Linux Kernel,czym jest linux kernel,0.92,bing
2026-10-09,DE,it,Linux Kernel,linux kernel and shell,0.92,bing
2026-10-09,DE,it,Linux Kernel,linux kernel nomodeset,0.92,google
2026-10-09,DE,economy,stablecoin transaction,stablecoin transaction volume by country,0.92,google
2026-10-09,DE,economy,zahlungsbilanz,was ist zahlungsbilanz,0.92,bing
2026-10-09,DE,economy,XPS Pensions,xps pensions edinburgh,0.92,bing
2026-10-09,DE,economy,XPS Pensions,xps pensions login adviser,0.916,bing
2026-10-09,DE,economy,zahlungsbilanz,zahlungsbilanz schweiz usa,0.916,google
2026-10-09,DE,science,Plattentektonik,entstehung hawaii plattentektonik,0.911,google
2026-10-09,DE,science,grüner Wasserstoff,grüner wasserstoff herstellungskosten,0.911,google
2026-10-09,DE,science,grüner Wasserstoff,grüner wasserstoff wirtschaftlich,0.911,google
2026-10-09,DE,it,Linux Kernel,linux kernel official git repository,0.911,google
2026-10-09,DE,science,grüner Wasserstoff,grüner wasserstoff h2,0.91,google
2026-10-09,DE,it,Linux Kernel,linux kernel timeline,0.91,google
2026-10-09,DE,it,Linux Kernel,linux kernel online compiler,0.907,bing
2026-10-09,DE,science,Plattentektonik,arten der plattentektonik,0.906,bing
2026-10-09,DE,science,grüner Wasserstoff,grüner wasserstoff berlin,0.906,google
2026-10-09,DE,science,Plattentektonik,plattentektonik landkarte,0.906,google
2026-10-09,DE,economy,XPS Pensions,xps pensions group office,0.906,google
2026-10-09,DE,science,Plattentektonik,plattentektonik ursachen,0.904,bing
2026-10-09,DE,economy,XPS Pensions,xps pensions telephone number,0.901,bing
2026-10-09,DE,science,grüner Wasserstoff,was ist grüner wasserstoff leicht erklärt,0.9,google
2026-10-09,DE,science,grüner Wasserstoff,grüner wasserstoff woher,0.896,google
2026-10-09,DE,it,Linux Kernel,linux kernel what is it,0.894,bing
2026-10-09,DE,economy,zahlungsbilanz,was ist die zahlungsbilanz,0.893,bing
2026-10-09,DE,economy,XPS Pensions,xps pensions contact details,0.891,bing
2026-10-09,DE,economy,XPS Pensions,xps pensions group plc stock,0.891,google
2026-10-09,DE,science,Plattentektonik,mystery plattentektonik klett,0.89,bing
2026-10-09,DE,science,Plattentektonik,was ist plattentektonik,0.886,google
2026-10-09,DE,economy,XPS Pensions,xps pensions consulting,0.886,bing
2026-10-09,DE,science,grüner Wasserstoff,grüner wasserstoff prognose,0.881,google
2026-10-09,DE,science,Plattentektonik,theorie der plattentektonik,0.881,bing
2026-10-09,DE,science,Plattentektonik,plattentektonik pazifik,0.88,google
2026-10-09,DE,science,Plattentektonik,rätsel plattentektonik,0.876,google
2026-10-09,DE,science,Plattentektonik,plattentektonik erklärvideos,0.871,bing
2026-10-09,DE,science,Plattentektonik,plattentektonik geschichte,0.871,google
2026-10-09,DE,science,Plattentektonik,plattentektonik karte welt,0.871,bing
2026-10-09,DE,it,Linux Kernel,linux kernel next,0.87,bing
2026-10-09,DE,science,grüner Wasserstoff,grüner wasserstoff herstellung kosten,0.867,google
2026-10-09,DE,science,grüner Wasserstoff,grüner wasserstoff preis pro kwh,0.867,google
2026-10-09,DE,it,Linux Kernel,linux kernel number of lines of code,0.867,google
2026-10-09,DE,science,Plattentektonik,plattentektonik gebirgsbildung,0.867,google
2026-10-09,DE,science,Plattentektonik,plattentektonik iberische halbinsel,0.867,google
2026-10-09,DE,economy,zahlungsbilanz,unterschied zahlungsbilanz leistungsbilanz,0.867,google
2026-10-09,DE,economy,XPS Pensions,xps pensions administrator job,0.867,bing
2026-10-09,DE,economy,XPS Pensions,xps pensions calculator police,0.867,bing
2026-10-09,DE,economy,XPS Pensions,xps pensions group opening times,0.867,google
2026-10-09,DE,economy,XPS Pensions,xps pensions police calculator,0.867,bing
2026-10-09,DE,it,Linux Kernel,linux kernel teaching,0.866,google
2026-10-09,DE,economy,XPS Pensions,xps pensions login portal,0.861,bing
2026-10-09,DE,it,Linux Kernel,linux kernel aktuelle version,0.857,google
2026-10-09,DE,economy,XPS Pensions,xps pensions buy or sell,0.851,google
2026-10-09,DE,science,grüner Wasserstoff,grüner wasserstoff bad lauchstädt,0.85,google
2026-10-09,DE,science,Plattentektonik,was versteht man unter plattentektonik,0.85,bing
2026-10-09,DE,science,grüner Wasserstoff,grüner wasserstoff wunsiedel,0.847,google
2026-10-09,DE,it,Linux Kernel,linux kernel ntsync,0.846,google
2026-10-09,DE,it,Linux Kernel,linux kernel wait queue,0.841,google
2026-10-09,DE,science,Plattentektonik,plattentektonik aktuell,0.841,google
2026-10-09,DE,science,Plattentektonik,plattentektonik diercke,0.841,google
2026-10-09,DE,it,Linux Kernel,is linux just a kernel,0.84,bing
2026-10-09,DE,it,Linux Kernel,linux kernel 6.18 janus errors,0.84,bing
2026-10-09,DE,it,Linux Kernel,linux kernel notes,0.836,bing
2026-10-09,DE,it,Linux Kernel,linux kernel test,0.834,bing
2026-10-09,DE,it,Linux Kernel,linux kernel ai policy,0.831,google
2026-10-09,DE,science,Plattentektonik,plattentektonik lernen,0.831,google
2026-10-09,DE,economy,XPS Pensions,xps pensions group jobs,0.83,google
2026-10-09,DE,economy,XPS Pensions,xps pensions email address,0.827,bing
2026-10-09,DE,it,Linux Kernel,linux kernel java,0.826,google
2026-10-09,DE,it,Linux Kernel,linux kernel wasm,0.826,google
2026-10-09,DE,science,grüner Wasserstoff,grüner wasserstoff baden württemberg,0.822,google
2026-10-09,DE,science,grüner Wasserstoff,grüner wasserstoff herstellung wirkungsgrad,0.822,google
2026-10-09,DE,science,Plattentektonik,horizontalverschiebung plattentektonik,0.822,google
2026-10-09,DE,science,Plattentektonik,plattentektonik divergenz konvergenz,0.822,google
2026-10-09,DE,science,Plattentektonik,plattentektonik marianengraben,0.822,google
2026-10-09,DE,economy,XPS Pensions,xps pensions group online verification,0.822,google
2026-10-09,DE,economy,XPS Pensions,xps pensions reviews complaints,0.822,google
2026-10-09,DE,economy,zahlungsbilanz,zahlungsbilanz und handelsbilanz,0.822,google
2026-10-09,DE,it,Linux Kernel,linux kernel abfragen,0.821,bing
2026-10-09,DE,it,Linux Kernel,linux kernel test suite,0.821,bing
2026-10-09,DE,science,Plattentektonik,rhein plattentektonik,0.821,google
2026-10-09,DE,science,Plattentektonik,plattentektonik karte pdf,0.817,bing
2026-10-09,DE,it,Linux Kernel,linux kernel networking stack,0.812,bing
2026-10-09,DE,science,Plattentektonik,plattentektonik dokumentation,0.812,bing
2026-10-09,DE,it,Linux Kernel,linux kernel openeuler,0.811,bing
2026-10-09,DE,it,Linux Kernel,linux kernel threads,0.811,google
2026-10-09,DE,science,Plattentektonik,plattentektonik mond,0.811,google
2026-10-09,DE,science,Plattentektonik,plattentektonik lehrfilm,0.807,google
2026-10-09,DE,economy,zahlungsbilanz,zahlungsbilanz buchungen,0.807,google
2026-10-09,DE,it,Linux Kernel,linux kernel wm8960 codec,0.805,bing
2026-10-09,DE,economy,XPS Pensions,xps pensions adviser contact,0.802,bing
2026-10-09,DE,science,Plattentektonik,morphologische formen plattentektonik,0.8,bing
2026-10-09,DE,science,Plattentektonik,plattentektonik peru,0.8,google
2026-10-09,DE,economy,stablecoin transaction,stablecoin transaction volume in 2024,0.8,google
2026-10-09,DE,economy,zahlungsbilanz,zahlungsbilanz vs leistungsbilanz,0.8,google
2026-10-09,DE,it,Linux Kernel,linux kernel javascript,0.797,google
2026-10-09,DE,science,Plattentektonik,plattentektonik deutsch,0.797,google
2026-10-09,DE,science,Plattentektonik,plattentektonik los angeles,0.792,google
2026-10-09,DE,it,Linux Kernel,linux kernel j1939,0.791,google
2026-10-09,DE,economy,zahlungsbilanz,zahlungsbilanz bpb,0.791,google
2026-10-09,DE,it,Linux Kernel,linux kernel tsn,0.787,bing
2026-10-09,DE,science,Plattentektonik,plattentektonik aufbau,0.787,bing
2026-10-09,DE,science,Plattentektonik,rücken plattentektonik,0.787,google
2026-10-09,DE,economy,zahlungsbilanz,zahlungsbilanz erklärt,0.787,bing
2026-10-09,DE,it,Linux Kernel,linux kernel network stack,0.782,google
2026-10-09,DE,science,Plattentektonik,plattentektonik konvergenz,0.782,bing
2026-10-09,DE,it,Linux Kernel,linux kernel ntfs,0.781,bing
2026-10-09,DE,economy,zahlungsbilanz,zahlungsbilanz handelsbilanz,0.78,google
2026-10-09,DE,science,Plattentektonik,plattentektonik modell basteln,0.778,google
2026-10-09,DE,it,Linux Kernel,linux kernel training,0.777,google
2026-10-09,DE,it,Linux Kernel,linux kernel jobs germany,0.772,google
2026-10-09,DE,science,Plattentektonik,plattentektonik antarktis,0.772,bing
2026-10-09,DE,science,grüner Wasserstoff,grüner wasserstoff wittenberg,0.768,google
2026-10-09,DE,it,Linux Kernel,linux kernel wifi drivers,0.768,bing
2026-10-09,DE,it,Linux Kernel,linux kernel textbook,0.765,bing
2026-10-09,DE,it,Linux Kernel,linux kernel assisted by,0.762,google
2026-10-09,DE,economy,stablecoin transaction,stablecoin transaction count by blockchain,0.76,google
2026-10-09,DE,it,Linux Kernel,linux kernel automation,0.752,bing
2026-10-09,DE,it,Linux Kernel,linux kernel oom killer,0.752,google
2026-10-09,DE,science,Plattentektonik,plattentektonik grenzen,0.752,google
2026-10-09,DE,economy,zahlungsbilanz,zahlungsbilanz bereiche,0.752,google
2026-10-09,DE,economy,zahlungsbilanz,zahlungsbilanz wirtschaft,0.75,google
2026-10-09,DE,science,grüner Wasserstoff,grüner wasserstoff projekte,0.748,google
2026-10-09,DE,it,Linux Kernel,linux kernel networking pdf,0.748,bing
2026-10-09,DE,economy,XPS Pensions,xps pensions administration,0.748,bing
2026-10-09,DE,it,Linux Kernel,linux kernel audit,0.747,bing
2026-10-09,DE,science,Plattentektonik,plattentektonik arbeitsblätter,0.745,bing
2026-10-09,DE,it,Linux Kernel,linux kernel workqueue,0.742,google
2026-10-09,DE,it,Linux Kernel,linux kernel os,0.741,bing
2026-10-09,DE,science,grüner Wasserstoff,grüner wasserstoff linde,0.74,google
2026-10-09,DE,science,Plattentektonik,plattentektonik pdf,0.74,google
2026-10-09,DE,science,grüner Wasserstoff,grüner wasserstoff produktion weltweit,0.733,google
2026-10-09,DE,science,Plattentektonik,plattentektonik alpen,0.732,google
2026-10-09,DE,science,Plattentektonik,plattentektonik klima,0.732,bing
2026-10-09,DE,science,grüner Wasserstoff,grüner wasserstoff basf,0.73,bing
2026-10-09,DE,economy,zahlungsbilanz,zahlungsbilanz euroraum,0.73,bing
2026-10-09,DE,science,grüner Wasserstoff,grüner wasserstoff habeck,0.728,google
2026-10-09,DE,science,Plattentektonik,plattentektonik animation,0.728,google
2026-10-09,DE,economy,zahlungsbilanz,zahlungsbilanz unterricht,0.728,google
2026-10-09,DE,it,Linux Kernel,linux kernel tracing,0.722,google
2026-10-09,DE,science,Plattentektonik,plattentektonik erdkunde,0.722,bing
2026-10-09,DE,science,Plattentektonik,rift plattentektonik,0.722,google
2026-10-09,DE,science,grüner Wasserstoff,grüner wasserstoff lüderitz,0.72,google
2026-10-09,DE,science,Plattentektonik,plattentektonik phasen,0.72,bing
2026-10-09,DE,science,Plattentektonik,plattentektonik russland,0.718,google
2026-10-09,DE,economy,XPS Pensions,xps pensions head office,0.718,google
2026-10-09,DE,science,grüner Wasserstoff,grüner wasserstoff brasilien,0.713,google
2026-10-09,DE,it,Linux Kernel,linux kernel allocation,0.708,bing
2026-10-09,DE,science,Plattentektonik,plattentektonik hotspot,0.708,google
2026-10-09,DE,economy,XPS Pensions,xps pension opt in form,0.708,bing
2026-10-09,DE,science,Plattentektonik,plattentektonik lithosphäre,0.703,google
2026-10-09,DE,economy,XPS Pensions,xps pensions dividend dates,0.703,google
2026-10-09,DE,science,Plattentektonik,plattentektonik das musst du wissen,0.7,"google,bing"
2026-10-09,DE,economy,zahlungsbilanz,zahlungsbilanz volkswirtschaft,0.7,google
2026-10-09,DE,science,grüner Wasserstoff,grüner wasserstoff heizung,0.693,google
2026-10-09,DE,it,Linux Kernel,linux kernel aktualisieren,0.693,google
2026-10-09,DE,science,Plattentektonik,plattentektonik grundlagen,0.693,google
2026-10-09,DE,science,Plattentektonik,plattentektonik ridge push,0.693,google
2026-10-09,DE,economy,XPS Pensions,xps pensions adviser login,0.693,bing
2026-10-09,DE,economy,XPS Pensions,xps pensions london office,0.693,google
2026-10-09,DE,economy,XPS Pensions,xps pensions police log in,0.693,bing
2026-10-09,DE,it,Linux Kernel,linux kernel torvalds,0.692,bing
2026-10-09,DE,science,grüner Wasserstoff,grüner wasserstoff produktion,0.69,"google,bing"
2026-10-09,DE,science,grüner Wasserstoff,grüner wasserstoff preis pro kg,0.689,google
2026-10-09,DE,science,grüner Wasserstoff,grüner wasserstoff wasserverbrauch,0.689,google
2026-10-09,DE,science,Plattentektonik,plattentektonik geschwindigkeit,0.689,google
2026-10-09,DE,economy,zahlungsbilanz,zahlungsbilanz unterrichtsmaterial,0.689,google
2026-10-09,DE,science,Plattentektonik,plattentektonik klett,0.688,bing
2026-10-09,DE,science,grüner Wasserstoff,grüner wasserstoff wikipedia,0.68,"google,bing"
2026-10-09,DE,science,Plattentektonik,plattentektonik raumbeispiele,0.679,google
2026-10-09,DE,it,Linux Kernel,linux kernel archive,0.678,google
2026-10-09,DE,it,Linux Kernel,linux kernel journal,0.678,google
2026-10-09,DE,it,Linux Kernel,linux kernel tls,0.678,bing
2026-10-09,DE,economy,XPS Pensions,xps pensions careers,0.678,bing
2026-10-09,DE,science,grüner Wasserstoff,grüner wasserstoff wofür,0.673,google
2026-10-09,DE,science,Plattentektonik,plattentektonik pangäa,0.67,google
2026-10-09,DE,economy,XPS Pensions,xps pensions postal address,0.67,"google,bing"
2026-10-09,DE,it,Linux Kernel,linux kernel tuning,0.668,google
2026-10-09,DE,it,Linux Kernel,linux kernel namespaces,0.663,google
2026-10-09,DE,economy,zahlungsbilanz,zahlungsbilanz beispiel,0.663,google
2026-10-09,DE,science,Plattentektonik,plattentektonik prezi,0.66,bing
2026-10-09,DE,economy,stablecoin transaction,stablecoin transaction count,0.66,google
2026-10-09,DE,economy,XPS Pensions,xps pensions jlp,0.66,google
2026-10-09,DE,it,Linux Kernel,linux kernel organization,0.659,bing
2026-10-09,DE,it,Linux Kernel,linux kernel nixos,0.658,google
2026-10-09,DE,it,Linux Kernel,linux kernel namespace,0.653,bing
2026-10-09,DE,it,Linux Kernel,linux kernel perf,0.652,bing
2026-10-09,DE,science,grüner Wasserstoff,grüner wasserstoff bilder,0.65,"google,bing"
2026-10-09,DE,science,grüner Wasserstoff,grüner wasserstoff herstellung deutschland,0.644,google
2026-10-09,DE,economy,zahlungsbilanz,zahlungsbilanz und leistungsbilanz,0.644,google
2026-10-09,DE,it,Linux Kernel,linux kernel janitors,0.643,google
2026-10-09,DE,science,Plattentektonik,plattentektonik heute,0.643,google
2026-10-09,DE,science,grüner Wasserstoff,grüner wasserstoff leuna,0.64,google
2026-10-09,DE,science,grüner Wasserstoff,grüner wasserstoff bayern,0.639,google
2026-10-09,DE,it,Linux Kernel,linux kernel architecture,0.639,bing
2026-10-09,DE,science,Plattentektonik,plattentektonik lernvideo,0.639,google
2026-10-09,DE,it,Linux Kernel,linux kernel online,0.635,bing
2026-10-09,DE,science,Plattentektonik,plattentektonik mittelamerika,0.634,google
2026-10-09,DE,science,Plattentektonik,plattentektonik doku,0.633,google
2026-10-09,DE,economy,XPS Pensions,xps pensions contact,0.633,bing
2026-10-09,DE,it,Linux Kernel,linux kernel jobs remote,0.629,google
2026-10-09,DE,it,Linux Kernel,linux kernel was ist das,0.629,google
2026-10-09,DE,science,Plattentektonik,plattentektonik der welt,0.629,bing
2026-10-09,DE,economy,zahlungsbilanz,zahlungsbilanz berechnen,0.629,google
2026-10-09,DE,it,Linux Kernel,linux kernel what is call_rcu,0.626,bing
2026-10-09,DE,it,Linux Kernel,linux kernel trace,0.625,bing
2026-10-09,DE,science,grüner Wasserstoff,grüner wasserstoff bedeutung,0.624,google
2026-10-09,DE,science,Plattentektonik,plattentektonik arbeitsblatt,0.624,google
2026-10-09,DE,science,Plattentektonik,plattentektonik griechenland,0.624,google
2026-10-09,DE,it,Linux Kernel,linux kernel wireguard,0.62,"google,bing"
2026-10-09,DE,science,Plattentektonik,plattentektonik philippinen,0.62,bing
2026-10-09,DE,economy,XPS Pensions,xps pensions complaints,0.619,bing
2026-10-09,DE,economy,XPS Pensions,xps pension online,0.613,bing
2026-10-09,DE,economy,XPS Pensions,xps pensions email,0.613,bing
2026-10-09,DE,science,grüner Wasserstoff,grüner wasserstoff bundesregierung,0.611,"google,bing"
2026-10-09,DE,science,Plattentektonik,plattentektonik definition,0.604,google
2026-10-09,DE,science,Plattentektonik,plattentektonik lernzettel,0.604,google
2026-10-09,DE,economy,XPS Pensions,xps pensions opening times,0.604,google
2026-10-09,DE,science,grüner Wasserstoff,grüner wasserstoff lubmin,0.6,google
2026-10-09,DE,economy,stablecoin transaction,how does a stablecoin transaction work,0.6,google
2026-10-09,DE,science,Plattentektonik,plattentektonik divergierend konvergierend,0.6,bing
2026-10-09,DE,science,Plattentektonik,plattentektonik plattengrenzen,0.6,"google,bing"
2026-10-09,DE,economy,stablecoin transaction,stablecoin transaction volume hits record $1.79 t in june,0.6,google
2026-10-09,DE,economy,stablecoin transaction,stablecoin transaction volume in 2025,0.6,google
2026-10-09,DE,it,Linux Kernel,linux kernel thread,0.599,bing
2026-10-09,DE,science,Plattentektonik,plattentektonik haiti,0.599,google
2026-10-09,DE,it,Linux Kernel,linux kernel on windows,0.594,"bing,google"
2026-10-09,DE,economy,XPS Pensions,xps pensions police login,0.594,google
2026-10-09,DE,economy,XPS Pensions,xps pensions rns,0.593,google
2026-10-09,DE,science,grüner Wasserstoff,grüner wasserstoff österreich,0.59,google
2026-10-09,DE,economy,XPS Pensions,xps pensions register,0.59,bing
2026-10-09,DE,it,Linux Kernel,linux kernel aktuell,0.589,google
2026-10-09,DE,economy,XPS Pensions,xps pensions results,0.589,google
2026-10-09,DE,science,Plattentektonik,plattentektonik amerika,0.586,"google,bing"
2026-10-09,DE,science,Plattentektonik,plattentektonik richtung,0.584,google
2026-10-09,DE,it,Linux Kernel,linux kernel jserv,0.58,"google,bing"
2026-10-09,DE,science,Plattentektonik,plattentektonik gida,0.58,bing
2026-10-09,DE,science,Plattentektonik,plattentektonik grafik,0.576,"google,bing"
2026-10-09,DE,science,Plattentektonik,plattentektonik mexiko,0.576,"google,bing"
2026-10-09,DE,science,Plattentektonik,plattentektonik rheingraben,0.57,google
2026-10-09,DE,economy,XPS Pensions,xps pensions jobs,0.57,"google,bing"
2026-10-09,DE,it,Linux Kernel,linux kernel types,0.569,google
2026-10-09,DE,science,Plattentektonik,plattentektonik alfred wegener,0.567,"google,bing"
2026-10-09,DE,science,Plattentektonik,plattentektonik hawaii,0.564,google
2026-10-09,DE,it,Linux Kernel,linux kernel api,0.56,"google,bing"
2026-10-09,DE,economy,zahlungsbilanz,zahlungsbilanz was ist das,0.56,google
2026-10-09,DE,it,Linux Kernel,linux kernel anzeigen,0.554,google
2026-10-09,DE,it,Linux Kernel,linux kernel timer,0.553,bing
2026-10-09,DE,economy,XPS Pensions,xps pensions opt out form,0.55,bing
2026-10-09,DE,economy,XPS Pensions,xps pensions rl limited,0.55,"google,bing"
2026-10-09,DE,it,Linux Kernel,linux kernel newbies,0.544,bing
2026-10-09,DE,it,Linux Kernel,linux kernel tainted,0.544,google
2026-10-09,DE,economy,XPS Pensions,xps pensions address,0.544,bing
2026-10-09,DE,science,Plattentektonik,plattentektonik der erde,0.54,google
2026-10-09,DE,science,Plattentektonik,plattentektonik hotspots,0.54,bing
2026-10-09,DE,economy,XPS Pensions,xps pensions kent police,0.54,bing
2026-10-09,DE,economy,zahlungsbilanz,zahlungsbilanz bestandteile,0.537,"google,bing"
2026-10-09,DE,economy,XPS Pensions,xps pension opt out,0.534,bing
2026-10-09,DE,it,Linux Kernel,linux kernel wsl,0.533,bing
2026-10-09,DE,it,Linux Kernel,linux kernel netfilter,0.531,"google,bing"
2026-10-09,DE,it,Linux Kernel,linux kernel anti cheat,0.53,google
2026-10-09,DE,science,Plattentektonik,plattentektonik erklärt,0.53,bing
2026-10-09,DE,economy,XPS Pensions,xps pensions dashboards,0.53,bing
2026-10-09,DE,it,Linux Kernel,linux kernel names,0.524,google
2026-10-09,DE,it,Linux Kernel,linux kernel archives,0.51,bing
2026-10-09,DE,science,Plattentektonik,plattentektonik grundschule,0.51,"google,bing"
2026-10-09,DE,economy,XPS Pensions,xps pensions dividend,0.51,google
2026-10-09,DE,economy,zahlungsbilanz,zahlungsbilanz formel,0.51,bing
2026-10-09,DE,it,Linux Kernel,linux kernel ai,0.506,"google,bing"
2026-10-09,DE,it,Linux Kernel,linux kernel wechseln,0.501,"google,bing"
2026-10-09,DE,economy,XPS Pensions,xps pensions portal,0.501,"google,bing"
2026-10-09,DE,science,grüner Wasserstoff,grüner wasserstoff was ist das,0.5,"google,bing"
2026-10-09,DE,it,Linux Kernel,linux kernel öğrenme,0.5,google
2026-10-09,DE,economy,XPS Pensions,xps pensions offices,0.5,google
2026-10-09,DE,economy,zahlungsbilanz,zahlungsbilanz usa deutschland,0.5,"google,bing"
2026-10-09,DE,it,Linux Kernel,linux kernel oops,0.497,"bing,google"
2026-10-09,DE,science,Plattentektonik,plattentektonik puzzle,0.47,"google,bing"
2026-10-09,DE,science,Plattentektonik,plattentektonik lateinamerika,0.468,"google,bing"
2026-10-09,DE,it,Linux Kernel,linux kernel windows,0.467,"google,bing"
2026-10-09,DE,science,grüner Wasserstoff,grüner wasserstoff hamburg,0.46,"google,bing"
2026-10-09,DE,it,Linux Kernel,linux kernel eol,0.46,bing
2026-10-09,DE,it,Linux Kernel,linux kernel org,0.46,google
2026-10-09,DE,it,Linux Kernel,linux kernel options,0.455,"google,bing"
2026-10-09,DE,economy,XPS Pensions,xps pensions uk,0.45,bing
2026-10-09,DE,science,Plattentektonik,plattentektonik deutschland,0.448,"google,bing"
2026-10-09,DE,economy,XPS Pensions,xps pensions revenue,0.44,"google,bing"
2026-10-09,DE,science,Plattentektonik,plattentektonik arten,0.428,"bing,google"
2026-10-09,DE,science,Plattentektonik,plattentektonik divergenz,0.428,"google,bing"
2026-10-09,DE,economy,XPS Pensions,xps pensions phone number,0.428,"google,bing"
2026-10-09,DE,science,Plattentektonik,plattentektonik geographie,0.42,"google,bing"
2026-10-09,DE,science,Plattentektonik,plattentektonik mittelmeer,0.41,"google,bing"
2026-10-09,DE,economy,XPS Pensions,xps pensions perth,0.402,"google,bing"
2026-10-09,DE,science,Plattentektonik,plattentektonik planet schule,0.39,"google,bing"
2026-10-09,DE,it,Linux Kernel,linux kernel overview,0.388,"bing,google"
2026-10-09,DE,it,Linux Kernel,linux kernel open source,0.385,"bing,google"
2026-10-09,DE,it,Linux Kernel,linux kernel website,0.382,"google,bing"
2026-10-09,DE,economy,zahlungsbilanz,zahlungsbilanz bedeutung,0.373,"google,bing"
2026-10-09,DE,it,Linux Kernel,linux kernel jiffies,0.36,"google,bing"
2026-10-09,DE,economy,XPS Pensions,xps pensions reviews,0.36,"google,bing"
2026-10-09,DE,science,Plattentektonik,plattentektonik afrika,0.353,"google,bing"
2026-10-09,DE,it,Linux Kernel,linux kernel watchdog,0.343,"google,bing"
2026-10-09,DE,science,Plattentektonik,plattentektonik mars,0.333,"google,bing"
2026-10-09,DE,it,Linux Kernel,linux kernel networking,0.319,"google,bing"
2026-10-09,DE,science,Plattentektonik,plattentektonik modell,0.309,"google,bing"
2026-10-09,DE,it,Linux Kernel,linux kernel tree,0.303,"google,bing"
2026-10-09,DE,science,Plattentektonik,plattentektonik leicht erklärt,0.3,"google,bing"
2026-10-09,DE,economy,zahlungsbilanz,wie sieht die zahlungsbilanz aus,0.3,"google,bing"
2026-10-09,DE,economy,XPS Pensions,xps pensions plc,0.293,"google,bing"
2026-10-09,DE,science,Plattentektonik,plattentektonik himalaya,0.284,"google,bing"
2026-10-09,DE,science,grüner Wasserstoff,grüner wasserstoff lingen,0.25,"google,bing"
2026-10-09,DE,science,Plattentektonik,plattentektonik platten,0.23,"google,bing"
2026-10-09,DE,it,Linux Kernel,linux kernel tutorial,0.21,"google,bing"
2026-10-09,DE,economy,XPS Pensions,xps pensions reading,0.2,"google,bing"
2026-10-09,DE,it,Linux Kernel,linux kernel jobs,0.17,"google,bing"
2026-10-09,DE,it,Linux Kernel,linux kernel news,0.17,"google,bing"
2026-10-09,DE,it,Linux Kernel,linux kernel wiki,0.17,"google,bing"
2026-10-09,JP,it,webrtc chrome extension,cxone agent webrtc extension chrome,1.0,bing
2026-10-09,JP,it,webrtc chrome extension,chrome://webrtc-internals/使用,0.944,bing
2026-10-09,JP,it,Sim2Real,humanoid robot sim2real,0.93,google
2026-10-09,JP,economy,少子化 経済,4 少子化対策 選択する未来 - 内閣府,0.9,bing
2026-10-09,JP,it,オブザーバビリティ,オブザーバビリティ​ トレーサビリティ​,0.9,google
2026-10-09,JP,other,天体観測 自作,電視観望#139 もう一つの 天体観測革命 プレートソルビング,0.9,"bing,ddg"
2026-10-09,JP,it,Sim2Real,sim2real gap survey,0.89,google
2026-10-09,JP,it,FPGA 入門,fpga ボードで学ぶ組込みシステム開発入門 intel fpga 編,0.886,ddg
2026-10-09,JP,it,Sim2Real,sim2real in robotics and automation applications and challenges,0.886,google
2026-10-09,JP,it,Sim2Real,sim2real for environmental neural processes,0.867,google
2026-10-09,JP,it,FPGA 入門,fpgaボードで学ぶ 組込みシステム開発入門 intel fpga編,0.864,"bing,ddg"
2026-10-09,JP,it,Sim2Real,sim2real gap robotics,0.853,google
2026-10-09,JP,it,Sim2Real,franka sim2real,0.85,google
2026-10-09,JP,it,FPGA 入門,lattice fpga 入門,0.85,google
2026-10-09,JP,it,Sim2Real,sim2real gap 中文,0.85,google
2026-10-09,JP,it,FPGA 入門,what is fpga in server,0.847,bing
2026-10-09,JP,it,FPGA 入門,fpga プログラミング大全 xilinx 編第 2 版サポート,0.843,"bing,ddg"
2026-10-09,JP,it,FPGA 入門,what is fpga programming,0.84,"bing,ddg"
2026-10-09,JP,it,オブザーバビリティ,オブザーバビリティ インフラ,0.84,google
2026-10-09,JP,it,オブザーバビリティ,オブザーバビリティ トレンド,0.84,bing
2026-10-09,JP,economy,少子化 経済,少子化・女性活躍の経済学研究,0.84,bing
2026-10-09,JP,it,オブザーバビリティ,dmm オブザーバビリティ,0.83,google
2026-10-09,JP,it,Sim2Real,e-sim sim どっち,0.83,bing
2026-10-09,JP,it,Sim2Real,模倣学習 sim2real,0.83,google
2026-10-09,JP,it,オブザーバビリティ,オブザーバビリティ高度化,0.82,bing
2026-10-09,JP,economy,少子化 経済,少子化 経済的要因 論文,0.82,bing
2026-10-09,JP,it,FPGA 入門,趣味 の fpga 入門,0.82,google
2026-10-09,JP,it,オブザーバビリティ,オブザーバビリティ とは aws,0.816,bing
2026-10-09,JP,it,FPGA 入門,fpga_prog_b,0.81,bing
2026-10-09,JP,it,FPGA 入門,what is meant by fpga,0.81,"bing,ddg"
2026-10-09,JP,it,オブザーバビリティ,オブザーバビリティ機能,0.81,bing
2026-10-09,JP,it,オブザーバビリティ,オブザーバビリティ基盤とは,0.794,bing
2026-10-09,JP,it,オブザーバビリティ,オブザーバビリティ 日立ソリューションズ,0.791,bing
2026-10-09,JP,economy,少子化 経済,少子化社会対策基本法 e-gov,0.787,bing
2026-10-09,JP,it,webrtc chrome extension,download webrtc extension for chrome,0.786,"bing,ddg"
2026-10-09,JP,it,オブザーバビリティ,ecs オブザーバビリティが強化された container insights,0.786,"bing,ddg"
2026-10-09,JP,it,オブザーバビリティ,オブザーバビリティ 比較,0.784,bing
2026-10-09,JP,it,FPGA 入門,fpga+cpu,0.78,bing
2026-10-09,JP,economy,少子化 経済,日本 少子化 原因 厚生労働省,0.777,bing
2026-10-09,JP,it,FPGA 入門,fpga program_b 作用,0.77,"bing,ddg"
2026-10-09,JP,other,天体観測 自作,天体望遠鏡 初心者 おすすめ 土星,0.77,"bing,ddg"
2026-10-09,JP,economy,少子化 経済,少子・超高齢化,0.77,bing
2026-10-09,JP,it,Sim2Real,sim2real world model,0.767,google
2026-10-09,JP,economy,少子化 経済,第 1 部少子化対策の現状第 1 章 3,0.764,"bing,ddg"
2026-10-09,JP,it,FPGA 入門,fpga ボードで学ぶ組込みシステム開発入門,0.763,"bing,ddg"
2026-10-09,JP,it,FPGA 入門,a fpga 还是an fpga,0.76,"bing,ddg"
2026-10-09,JP,other,古書 蒐集,古物商 誓約書 管理者用 書き方,0.76,"bing,ddg"
2026-10-09,JP,economy,少子化 経済,少子化はどのような社会的・経済的影響を及ぼすか,0.757,"bing,ddg"
2026-10-09,JP,economy,少子化 経済,少子化対策 成功例 日本 自治体,0.751,bing
2026-10-09,JP,it,FPGA 入門,fpga what is it,0.75,"bing,ddg"
2026-10-09,JP,it,オブザーバビリティ,データ オブザーバビリティ,0.75,google
2026-10-09,JP,other,天体観測 自作,天体 望遠鏡 どこまで 見える,0.75,"bing,ddg"
2026-10-09,JP,economy,少子化 経済,少子化 現状 2023 グラフ,0.75,"bing,ddg"
2026-10-09,JP,economy,少子化 経済,少子化 現状 厚生労働省 最新,0.75,"bing,ddg"
2026-10-09,JP,economy,少子化 経済,少子化の原因・課題・そして対策,0.75,"bing,ddg"
2026-10-09,JP,economy,少子化 経済,少子高齢化経済影響わかりやすく,0.75,"bing,ddg"
2026-10-09,JP,economy,少子化 経済,日本 少子化 現状 最新データ,0.75,"bing,ddg"
2026-10-09,JP,it,オブザーバビリティ,オブザーバビリティ 書籍,0.747,bing
2026-10-09,JP,it,FPGA 入門,fpga和c++,0.744,bing
2026-10-09,JP,economy,少子化 経済,少子高齢化 経済 影響 わかりやすく,0.744,"bing,ddg"
2026-10-09,JP,it,FPGA 入門,fpga 開発 チェックリスト 仕様検討,0.743,"bing,ddg"
2026-10-09,JP,it,FPGA 入門,fpga xilinx 入門,0.74,"bing,ddg"
2026-10-09,JP,it,Sim2Real,sim-to-real 이란,0.74,"bing,ddg"
2026-10-09,JP,it,オブザーバビリティ,オブザーバビリティ トレース,0.74,"bing,ddg"
2026-10-09,JP,it,オブザーバビリティ,オブザーバビリティ 生成ai,0.74,"bing,ddg"
2026-10-09,JP,it,オブザーバビリティ,オブザーバビリティ基盤,0.737,bing
2026-10-09,JP,it,FPGA 入門,an fpga 还是 a fpga,0.734,"bing,ddg"
2026-10-09,JP,it,FPGA 入門,fpga-g1,0.734,bing
2026-10-09,JP,it,FPGA 入門,what does fpga mean,0.733,"bing,ddg"
2026-10-09,JP,it,Sim2Real,e-sim デュアルsim,0.73,"bing,ddg"
2026-10-09,JP,it,Sim2Real,real2sim-eval,0.73,"bing,ddg"
2026-10-09,JP,it,オブザーバビリティ,オブザーバビリティが強化された container insights 料金,0.729,"bing,ddg"
2026-10-09,JP,it,Sim2Real,強化学習と sim2real を用いた ai 制御技術の製造装置への適用,0.729,"bing,ddg"
2026-10-09,JP,it,オブザーバビリティ,オブザーバビリティ トレースとは,0.727,google
2026-10-09,JP,economy,少子化 経済,少子化時代の子どもの現状・そして未来,0.723,"bing,ddg"
2026-10-09,JP,it,オブザーバビリティ,オブザーバビリティ 日立,0.72,"bing,ddg"
2026-10-09,JP,economy,少子化 経済,少子化 経済的な不安,0.72,bing
2026-10-09,JP,economy,少子化 経済,少子化 取り組み 成功例 行政,0.714,"bing,ddg"
2026-10-09,JP,economy,少子化 経済,少子高齢化経済影響グラフ,0.711,bing
2026-10-09,JP,it,Sim2Real,real-to-sim,0.71,"bing,ddg"
2026-10-09,JP,it,オブザーバビリティ,オブザーバビリティ環境,0.71,"bing,ddg"
2026-10-09,JP,it,FPGA 入門,fpga プログラミング大全 xilinx 編第 2 版,0.709,"bing,ddg"
2026-10-09,JP,it,FPGA 入門,fpga+gpu,0.707,bing
2026-10-09,JP,it,FPGA 入門,gpu-fpga,0.707,bing
2026-10-09,JP,it,Sim2Real,デュアル sim 物理 sim2 枚,0.707,"bing,ddg"
2026-10-09,JP,economy,少子化 経済,少子化・人口減少,0.707,bing
2026-10-09,JP,economy,少子化 経済,少子高齢化で日本経済は大復活する,0.703,"bing,ddg"
2026-10-09,JP,it,FPGA 入門,fpga i/oとは,0.7,"bing,ddg"
2026-10-09,JP,it,Sim2Real,sim-2-real,0.7,"bing,ddg"
2026-10-09,JP,it,Sim2Real,sim2real robotics,0.699,google
2026-10-09,JP,it,webrtc chrome extension,webrtc extension for chrome,0.699,"bing,ddg"
2026-10-09,JP,it,FPGA 入門,fpga 画像 処理 入門,0.697,google
2026-10-09,JP,it,Sim2Real,sim2real-2025,0.694,"bing,ddg"
2026-10-09,JP,it,オブザーバビリティ,オブザーバビリティ とは it,0.693,"bing,ddg"
2026-10-09,JP,it,Sim2Real,e-sim デュアル,0.691,bing
2026-10-09,JP,other,天体観測 自作,天体観測 ドラマ 最終回 ネタバレ,0.69,"bing,ddg"
2026-10-09,JP,economy,少子化 経済,少子化 経済的支援,0.69,"bing,ddg"
2026-10-09,JP,it,オブザーバビリティ,オブザーバビリティ 外形監視,0.683,"bing,ddg"
2026-10-09,JP,other,天体観測 自作,天体 望遠鏡 スマホ 撮影方法,0.683,"bing,ddg"
2026-10-09,JP,it,FPGA 入門,cpu-fpga,0.68,"bing,ddg"
2026-10-09,JP,it,Sim2Real,dual-sim,0.68,"bing,ddg"
2026-10-09,JP,it,FPGA 入門,fpga c++,0.68,"bing,ddg"
2026-10-09,JP,other,古書 蒐集,古事記・日本書紀,0.68,"bing,ddg"
2026-10-09,JP,it,FPGA 入門,fpga ダウンロード・ケーブル ii,0.676,"bing,ddg"
2026-10-09,JP,it,オブザーバビリティ,オブザーバトリー・グループ,0.673,"bing,ddg"
2026-10-09,JP,it,FPGA 入門,fpga m.2,0.671,bing
2026-10-09,JP,it,FPGA 入門,キットで学ぶシリーズ 09 fpga チャレンジャー入門編 xilinx artix 7 版,0.671,"bing,ddg"
2026-10-09,JP,other,古書 蒐集,古物商 略歴書 個人 記入 例,0.67,"bing,ddg"
2026-10-09,JP,it,オブザーバビリティ,オブザーバビリティ 入門,0.663,"bing,ddg"
2026-10-09,JP,it,オブザーバビリティ,オブザーバビリティ とは メリット,0.656,"bing,ddg"
2026-10-09,JP,it,Sim2Real,sim-to-real,0.653,"bing,ddg"
2026-10-09,JP,it,FPGA 入門,fpga コンフィグレーションモード fpp asとは,0.641,"bing,ddg"
2026-10-09,JP,it,Sim2Real,sim2real fine tuning,0.633,google
2026-10-09,JP,economy,少子化 経済,少子化 経済的原因,0.633,"bing,ddg"
2026-10-09,JP,it,オブザーバビリティ,オブザーバビリティ datadog newrelic,0.631,"bing,ddg"
2026-10-09,JP,it,Sim2Real,sim-to-real とは,0.626,"bing,ddg"
2026-10-09,JP,it,オブザーバビリティ,オブザーバビリティ 日本語,0.621,"bing,ddg"
2026-10-09,JP,it,FPGA 入門,fpga ダウンロード・ケーブ�� ii,0.614,ddg
2026-10-09,JP,it,FPGA 入門,vivado design suite を使用した artix 7 fpga 設計開発入門,0.614,"bing,ddg"
2026-10-09,JP,it,FPGA 入門,キットで学ぶ fpga チャレンジャー入門編 xilinx artex 7 版,0.614,"bing,ddg"
2026-10-09,JP,economy,少子化 経済,少子化、高齢化,0.613,"bing,ddg"
2026-10-09,JP,it,webrtc chrome extension,org.webrtc:google-webrtc,0.611,"bing,ddg"
2026-10-09,JP,it,オブザーバビリティ,オブザーバビリティデータ,0.606,"bing,ddg"
2026-10-09,JP,it,FPGA 入門,マクニカ fpga 入門,0.606,"bing,ddg"
2026-10-09,JP,other,古書 蒐集,古事記と日本書紀は、どんな書物か,0.6,"bing,ddg"
2026-10-09,JP,it,オブザーバビリティ,オブザーバビリティ 本,0.596,"bing,ddg"
2026-10-09,JP,it,Sim2Real,sim2real ros,0.591,google
2026-10-09,JP,it,オブザーバビリティ,オブザーバビリティ とは 重要性,0.589,"bing,ddg"
2026-10-09,JP,it,Sim2Real,sim2real model,0.573,google
2026-10-09,JP,it,オブザーバビリティ,オブザーバビリティ導入,0.57,google
2026-10-09,JP,other,古書 蒐集,古物商 略歴書 書き方 見本 法人,0.57,"bing,ddg"
2026-10-09,JP,it,Sim2Real,e-sim 2つ,0.566,"bing,ddg"
2026-10-09,JP,economy,少子化 経済,少子化原因経済面,0.566,"bing,ddg"
2026-10-09,JP,it,Sim2Real,domain randomization for sim2real transfer,0.557,"bing,ddg"
2026-10-09,JP,it,FPGA 入門,回路図で学べる fpga 入門回路図は読める人のための hdl ガイド,0.557,"bing,ddg"
2026-10-09,JP,it,オブザーバビリティ,オブザーバびりてぃ とは,0.553,google
2026-10-09,JP,it,オブザーバビリティ,オブザーバビリティ iij,0.55,"google,bing,ddg"
2026-10-09,JP,it,オブザーバビリティ,オブザーバビリティ領域,0.55,"bing,ddg"
2026-10-09,JP,it,FPGA 入門,fpga vhdl 入門,0.549,"bing,ddg"
2026-10-09,JP,it,オブザーバビリティ,オブザーバビリティ とは 必要性,0.531,"bing,ddg"
2026-10-09,JP,it,オブザーバビリティ,オブザーバビリティ dynatrace,0.53,"google,bing,ddg"
2026-10-09,JP,economy,少子化 経済,少子高齢化と経済成長,0.529,"bing,ddg"
2026-10-09,JP,economy,少子化 経済,少子高齢化 経済 影響 グラフ,0.521,"bing,ddg"
2026-10-09,JP,it,FPGA 入門,cpu+fpga,0.509,"bing,ddg"
2026-10-09,JP,it,Sim2Real,e-sim 複数,0.509,"bing,ddg"
2026-10-09,JP,it,FPGA 入門,fpga i/o,0.509,"bing,ddg"
2026-10-09,JP,it,オブザーバビリティ,オブザーバビリティ ダッシュボード,0.499,"google,bing,ddg"
2026-10-09,JP,it,オブザーバビリティ,new relic オブザーバビリティ,0.49,google
2026-10-09,JP,it,Sim2Real,sim2real quadruped,0.48,google
2026-10-09,JP,it,オブザーバビリティ,オブザーバビリティ devops,0.474,"bing,ddg"
2026-10-09,JP,it,オブザーバビリティ,オブザーバビリティ とは 仕組み,0.474,"bing,ddg"
2026-10-09,JP,it,Sim2Real,simからe-sim,0.471,"bing,ddg"
2026-10-09,JP,it,オブザーバビリティ,オブザーバビリティ ibm,0.47,"google,bing,ddg"
2026-10-09,JP,it,オブザーバビリティ,オブザーバビリティ向上,0.47,"bing,ddg"
2026-10-09,JP,economy,少子化 経済,少子化 世界 ランキング 最新,0.464,"bing,ddg"
2026-10-09,JP,it,オブザーバビリティ,オブザーバビリティ イラスト,0.454,"bing,ddg"
2026-10-09,JP,economy,少子化 経済,少子化経済的負担,0.451,"bing,ddg"
2026-10-09,JP,it,Sim2Real,sim2real survey,0.45,google
2026-10-09,JP,it,オブザーバビリティ,オブザーバビリティ it,0.449,"google,bing,ddg"
2026-10-09,JP,it,FPGA 入門,fp&a 入門,0.441,"bing,ddg"
2026-10-09,JP,economy,少子化 経済,少子化・高齢化,0.441,"bing,ddg"
2026-10-09,JP,it,FPGA 入門,fpga fpld 入門,0.434,"bing,ddg"
2026-10-09,JP,it,Sim2Real,sim2real fire,0.43,google
2026-10-09,JP,it,FPGA 入門,fpga 入門キット xilinx,0.427,"bing,ddg"
2026-10-09,JP,it,Sim2Real,sim2real 学习,0.424,"bing,ddg"
2026-10-09,JP,it,Sim2Real,sim2real 知 乎,0.42,google
2026-10-09,JP,it,Sim2Real,sim2real 中文,0.41,"google,bing,ddg"
2026-10-09,JP,it,Sim2Real,sim2real 問題,0.41,google
2026-10-09,JP,it,FPGA 入門,fpga verilog 入門,0.407,"bing,ddg"
2026-10-09,JP,it,オブザーバビリティ,オブザーバビリティ とは 意味,0.407,"bing,ddg"
2026-10-09,JP,economy,少子化 経済,少子化経済的要因,0.394,"bing,ddg"
2026-10-09,JP,economy,少子化 経済,少子化 原因 経済,0.39,google
2026-10-09,JP,it,Sim2Real,q-simulate,0.38,"bing,ddg"
2026-10-09,JP,it,Sim2Real,sim2real challenge,0.38,"bing,ddg"
2026-10-09,JP,it,オブザーバビリティ,オブザーバビリティ 歴史,0.377,"bing,ddg"
2026-10-09,JP,it,オブザーバビリティ,オブザーバビリティ ハイプサイクル,0.37,"bing,ddg"
2026-10-09,JP,economy,少子化 経済,少子高齢化経済への影響,0.367,"bing,ddg"
2026-10-09,JP,other,古書 蒐集,古事記、日本書紀,0.36,"bing,ddg"
2026-10-09,JP,it,Sim2Real,sim2real 論文,0.343,"google,bing,ddg"
2026-10-09,JP,it,FPGA 入門,fpga 入門 書籍,0.333,"google,bing,ddg"
2026-10-09,JP,it,オブザーバビリティ,オブザーバビリティ レベル,0.33,"bing,ddg"
2026-10-09,JP,science,シノケファレ,ファレノプシス・プルケリマ,0.33,"bing,ddg"
2026-10-09,JP,it,オブザーバビリティ,オブザーバビリティ イベント,0.32,"google,bing,ddg"
2026-10-09,JP,it,オブザーバビリティ,オブザーバビリティ 目的,0.32,"bing,ddg"
2026-10-09,JP,other,古書 蒐集,古文書保存・整理の手引き,0.32,"bing,ddg"
2026-10-09,JP,it,Sim2Real,sim2real 建設,0.31,"bing,ddg"
2026-10-09,JP,it,Sim2Real,sim2real 画像,0.31,"bing,ddg"
2026-10-09,JP,it,Sim2Real,sim2real問題,0.3,"bing,ddg"
2026-10-09,JP,it,Sim2Real,sim2real部署,0.3,"bing,ddg"
2026-10-09,JP,it,オブザーバビリティ,オブザーブgsi-6,0.3,"bing,ddg"
2026-10-09,JP,economy,少子化 経済,少子化 経済 影響,0.29,"bing,ddg"
2026-10-09,JP,economy,少子化 経済,少子化 経済産業省,0.29,"bing,ddg"
2026-10-09,JP,it,Sim2Real,sim2real ロボット,0.287,"google,bing,ddg"
2026-10-09,KR,economy,스톡옵션,차액보상형 스톡옵션 회계처리,0.85,google
2026-10-09,KR,other,천체 관측,쌍안경 천체 관측 가이드,0.83,google
2026-10-09,KR,it,패스키,마이크로소프트 패스키 안드로이드,0.826,google
2026-10-09,KR,economy,스톡옵션,사외이사 스톡옵션 부여,0.82,google
2026-10-09,KR,other,천체 관측,천체 관측 카메라 추천,0.82,google
2026-10-09,KR,other,천체 관측,천체 망원경 관측 방법,0.82,google
2026-10-09,KR,it,클라우드 비용,카페24 클라우드 비용,0.82,google
2026-10-09,KR,it,패스키,네이버 패스키 아이폰,0.81,google
2026-10-09,KR,other,천체 관측,미드 나잇 천체 관측,0.81,google
2026-10-09,KR,economy,스톡옵션,콜옵션 스톡옵션 차이,0.81,google
2026-10-09,KR,other,천체 관측,관측하기 좋은 천체,0.8,google
2026-10-09,KR,it,패스키,구글 패스키 사용법,0.8,google
2026-10-09,KR,economy,스톡옵션,스톡옵션 부여 방법,0.8,google
2026-10-09,KR,it,패스키,카카오 패스키 생성,0.8,google
2026-10-09,KR,it,패스키,패스키 사용에 실패했습니다,0.796,google
2026-10-09,KR,other,도자기 유약,유약 바른 도자기,0.79,google
2026-10-09,KR,it,패스키,디스코드 다단계인증 패스키,0.783,google
2026-10-09,KR,economy,스톡옵션,아마존 스톡옵션,0.78,google
2026-10-09,KR,it,패스키,패스키 나무위키,0.78,google
2026-10-09,KR,it,패스키,패스키 사용방법,0.78,naver
2026-10-09,KR,economy,스톡옵션,카뱅 스톡옵션,0.77,google
2026-10-09,KR,it,패스키,윈도우 패스키 아이폰,0.766,google
2026-10-09,KR,economy,스톡옵션,스톡그랜트 스톡옵션 차이,0.763,google
2026-10-09,KR,it,패스키,카카오톡 패스키 로그인,0.763,google
2026-10-09,KR,it,패스키,마이크로소프트 로그인 패스키,0.761,google
2026-10-09,KR,it,패스키,마이크로소프트 패스키 아이폰,0.761,google
2026-10-09,KR,it,패스키,다음 패스키,0.76,google
2026-10-09,KR,it,패스키,마소 패스키,0.76,google
2026-10-09,KR,economy,스톡옵션,사외이사 스톡옵션,0.746,google
2026-10-09,KR,economy,스톡옵션,스타트 업 스톡옵션 사례,0.741,google
2026-10-09,KR,other,천체 관측,천체관측 하기 좋은 날,0.74,google
2026-10-09,KR,economy,스톡옵션,카카오톡 스톡옵션,0.723,google
2026-10-09,KR,economy,스톡옵션,지분과 스톡옵션 차이,0.71,google
2026-10-09,KR,it,패스키,마이크로소프트 패스키 설정,0.707,google
2026-10-09,KR,economy,스톡옵션,주식매수선택권 스톡옵션 차이,0.7,google
2026-10-09,KR,it,패스키,패스키 삭제방법,0.7,naver
2026-10-09,KR,economy,스톡옵션,카카오뱅크 직원 스톡옵션,0.697,google
2026-10-09,KR,it,패스키,패스키 사용안함,0.691,google
2026-10-09,KR,it,패스키,다른 기기의 패스키 사용 끄기,0.689,google
2026-10-09,KR,other,천체 관측,천체 관측 망원경 가격,0.687,google
2026-10-09,KR,it,패스키,다른 기기의 패스키,0.686,google
2026-10-09,KR,other,도자기 유약,유약 안 바른 도자기,0.677,google
2026-10-09,KR,it,패스키,카카오계정 패스키,0.676,google
2026-10-09,KR,it,패스키,구글 패스키 아이폰,0.667,google
2026-10-09,KR,economy,스톡옵션,스톡옵션 성공 사례,0.667,google
2026-10-09,KR,it,패스키,마이크로소프트 패스키 없음,0.662,google
2026-10-09,KR,economy,스톡옵션,스톡옵션 종합소득세 신고 방법,0.66,google
2026-10-09,KR,other,천체 관측,천체 관측하기 좋은 곳,0.66,google
2026-10-09,KR,it,패스키,아이폰 패스키 암호 확인,0.652,google
2026-10-09,KR,it,패스키,패스키 사이트,0.637,google
2026-10-09,KR,it,패스키,카카오 패스키 설정,0.629,google
2026-10-09,KR,economy,스톡옵션,스톡옵션 대박 사례,0.622,google
2026-10-09,KR,economy,스톡옵션,우리사주 스톡옵션 차이,0.62,google
2026-10-09,KR,economy,스톡옵션,카카오모빌리티 스톡옵션,0.62,google
2026-10-09,KR,it,패스키,마이크로소프트 패스키 삭제,0.618,google
2026-10-09,KR,it,패스키,패스키 사용 해제,0.612,google
2026-10-09,KR,other,천체 관측,천체 관측 나무 위키,0.61,google
2026-10-09,KR,it,패스키,아이폰 구글 패스키 안됨,0.608,google
2026-10-09,KR,it,패스키,다른 기기의 패스키 사용,0.601,google
2026-10-09,KR,it,패스키,카카오톡 패스키 설정,0.581,google
2026-10-09,KR,other,천체 관측,천체 관측 카페,0.58,google
2026-10-09,KR,economy,스톡옵션,스톡옵션 행사 사례,0.578,google
2026-10-09,KR,economy,스톡옵션,rsu와 스톡옵션 차이,0.57,google
2026-10-09,KR,it,패스키,패스키 삭제 안됨,0.568,google
2026-10-09,KR,other,도자기 유약,도자기 유약 바르는 이유,0.563,google
2026-10-09,KR,it,패스키,마이크로스프트 패스키,0.543,google
2026-10-09,KR,other,천체 관측,천체 관측 가사 해석,0.543,google
2026-10-09,KR,it,패스키,마이크로소프트 패스키 만들기,0.539,google
2026-10-09,KR,it,패스키,구글 패스키 다른 기기,0.534,google
2026-10-09,KR,it,패스키,아이폰 패스키 안됨,0.533,google
2026-10-09,KR,economy,스톡옵션,카카오페이 스톡옵션,0.533,google
2026-10-09,KR,other,천체 관측,천체관측하기,0.52,google
2026-10-09,KR,economy,스톡옵션,스톡옵션 사이트,0.513,google
2026-10-09,KR,economy,스톡옵션,rsu 스톡옵션 차이,0.51,google
2026-10-09,KR,it,패스키,카카오톡 패스키,0.494,google
2026-10-09,KR,it,패스키,패스키 사용,0.493,google
2026-10-09,KR,other,천체 관측,천체 관측 하는 법,0.48,google
2026-10-09,KR,it,패스키,패스키 삭제 방법,0.479,google
2026-10-09,KR,economy,스톡옵션,카카오뱅크 스톡옵션,0.467,google
2026-10-09,KR,economy,스톡옵션,스톡옵션 사례,0.459,google
2026-10-09,KR,it,패스키,패스키 아이콘,0.459,google
2026-10-09,KR,it,패스키,패스키 다른 기기와 연결 중,0.45,google
2026-10-09,KR,other,천체 관측,야간 천체 관측 별 바라기,0.44,google
2026-10-09,KR,other,도자기 유약,카드 서바이벌 유약 도자기,0.44,google
2026-10-09,KR,it,패스키,패스키 다른기기,0.437,google
2026-10-09,KR,other,도자기 유약,도자기 유약 만드는 방법,0.43,google
2026-10-09,KR,it,패스키,카카오 패스키,0.427,google
2026-10-09,KR,it,패스키,패스키 만드는법,0.424,google
2026-10-09,KR,it,클라우드 비용,올라 마 클라우드 비용,0.42,google
2026-10-09,KR,economy,스톡옵션,스톡옵션 상속,0.414,google
2026-10-09,KR,it,패스키,패스키 아이폰,0.414,google
2026-10-09,KR,other,도자기 유약,다이 소 도자기 유약,0.41,google
2026-10-09,KR,it,클라우드 비용,카카오 클라우드 비용,0.41,google
2026-10-09,KR,it,패스키,패스키 알수없는 오류,0.41,google
2026-10-09,KR,it,패스키,구글 패스키 카메라,0.4,google
2026-10-09,KR,economy,스톡옵션,스톡옵션 차액보상형,0.4,google
2026-10-09,KR,economy,스톡옵션,스톡옵션 행사 방법,0.4,google
2026-10-09,KR,it,패스키,패스키 암호 보는법,0.4,naver
2026-10-09,KR,other,도자기 유약,도자기 유약 가격,0.39,google
2026-10-09,KR,other,도자기 유약,도자기 유약 추천,0.39,naver
2026-10-09,KR,economy,스톡옵션,라포랩스 스톡옵션,0.39,google
2026-10-09,KR,economy,스톡옵션,아비커스 스톡옵션,0.39,google
2026-10-09,KR,other,천체 관측,천체 관측 카메라,0.39,google
2026-10-09,KR,economy,스톡옵션,스톡옵션 카카오,0.38,google
2026-10-09,KR,other,천체 관측,천체 관측 가사,0.38,google
2026-10-09,KR,other,천체 관측,천체 관측 날씨,0.38,google
2026-10-09,KR,other,천체 관측,천체관측 하는곳,0.38,google
2026-10-09,KR,other,천체 관측,천체관측 날씨,0.37,naver
2026-10-09,KR,it,패스키,패스키 sk,0.36,google
2026-10-09,KR,it,패스키,패스키 란,0.35,google
2026-10-09,KR,it,패스키,패스키 만들기,0.07,"naver,google"
2026-10-09,RU,it,НПО „Импульс“,ао нпо импульс г санкт петербург,1.0,google
2026-10-09,RU,other,астрофотография,астрофотография pixel 7 как включить,1.0,google
2026-10-09,RU,other,астрофотография,астрофотография росица димитрова,1.0,google
2026-10-09,RU,other,рыбалка,как рыбалка сегодня в астрахани,1.0,yandex
2026-10-09,RU,economy,что такое паритет,что значит паритет покупательной способности простыми словами,1.0,yandex
2026-10-09,RU,economy,что такое паритет,что такое ввп по паритету покупательной способности,1.0,yandex
2026-10-09,RU,economy,что такое паритет,что такое паритет в гинекологии,1.0,google
2026-10-09,RU,other,астрофотография,падение икара астрофотограф,0.97,google
2026-10-09,RU,it,НПО „Импульс“,нпо импульс горячая линия,0.95,google
2026-10-09,RU,other,астрофотография,астрофото гугл пиксель 7,0.94,google
2026-10-09,RU,other,астрофотография,режим астрофотографии гугл камера,0.933,google
2026-10-09,RU,it,НПО „Импульс“,ао нпо импульс контакты,0.93,google
2026-10-09,RU,it,НПО „Импульс“,ао нпо импульс генеральный директор,0.911,google
2026-10-09,RU,other,астрофотография,конкурс астрофотографии 2025,0.9,google
2026-10-09,RU,other,рыбалка,рыбалка ру прогноз клева,0.896,yandex
2026-10-09,RU,other,астрофотография,астрофото айфон 15,0.88,google
2026-10-09,RU,other,рыбалка,рыбалка эльхотово,0.87,yandex
2026-10-09,RU,other,астрофотография,режим астрофотографии iphone,0.847,google
2026-10-09,RU,other,рыбалка,рыбалка маршал,0.84,yandex
2026-10-09,RU,other,рыбалка,рыбалка рудный,0.84,yandex
2026-10-09,RU,it,НПО „Импульс“,ао нпо импульс инн,0.836,google
2026-10-09,RU,other,рыбалка,рыбалка эншраудед,0.826,yandex
2026-10-09,RU,other,рыбалка,рыбалка лена,0.82,yandex
2026-10-09,RU,economy,что такое паритет,что значит паритет покупательной способности,0.8,yandex
2026-10-09,RU,it,НПО „Импульс“,ао нпо импульс вакансии,0.797,google
2026-10-09,RU,other,рыбалка,как рыбалка прошла,0.791,google
2026-10-09,RU,other,астрофотография,астрофотограф алексей поляков,0.79,google
2026-10-09,RU,other,астрофотография,конкурс астрофотографии,0.77,google
2026-10-09,RU,it,НПО „Импульс“,ао нпо импульс руководство,0.738,google
2026-10-09,RU,it,НПО „Импульс“,ао нпо импульс санкт петербург,0.733,google
2026-10-09,RU,it,НПО „Импульс“,нпо импульс лаборатория,0.73,google
2026-10-09,RU,other,рыбалка,рыбалка медвежка,0.727,yandex
2026-10-09,RU,it,НПО „Импульс“,ао нпо импульс сайт,0.712,google
2026-10-09,RU,other,астрофотография,режим астрофотографии,0.71,google
2026-10-09,RU,it,НПО „Импульс“,нпо импульс контакты,0.7,google
2026-10-09,RU,other,астрофотография,астрофото режим работы,0.653,google
2026-10-09,RU,it,НПО „Импульс“,нпо импульс красновишерск,0.65,google
2026-10-09,RU,other,астрофотография,астрофото камера,0.62,google
2026-10-09,RU,other,астрофотография,настройки камеры для астрофотография съёмки,0.6,yandex
2026-10-09,RU,other,рыбалка,рыбалка заброс спиннинг ассоциации,0.6,google
2026-10-09,RU,it,НПО „Импульс“,нпо импульс спб адрес,0.599,google
2026-10-09,RU,other,астрофотография,астрофотография книга,0.59,google
2026-10-09,RU,economy,что такое паритет,что лучше паритет или фарадей,0.59,google
2026-10-09,RU,economy,что такое паритет,что такое ерип яндекс паритет,0.59,google
2026-10-09,RU,other,астрофотография,астрофотография гугл пиксель,0.58,google
2026-10-09,RU,other,астрофотография,астрофотография как снимать,0.57,google
2026-10-09,RU,economy,что такое паритет,что такое гендерный паритет,0.57,google
2026-10-09,RU,other,астрофотография,астрофотография рассчитать,0.56,google
2026-10-09,RU,economy,что такое паритет,что такое золотой паритет,0.55,google
2026-10-09,RU,other,астрофотография,история астрофотографии,0.53,google
2026-10-09,RU,it,НПО „Импульс“,нпо импульс адрес,0.514,google
2026-10-09,RU,other,астрофотография,астрофотография айфон,0.51,google
2026-10-09,RU,economy,налоги криптовалюта,налоги и криптовалюта,0.51,google
2026-10-09,RU,it,НПО „Импульс“,нпо импульс киришская,0.51,google
2026-10-09,RU,other,астрофотография,астрофото ру,0.487,google
2026-10-09,RU,it,НПО „Импульс“,нпо импульс якутск,0.48,google
2026-10-09,RU,economy,что такое паритет,что значит паритет,0.48,yandex
2026-10-09,RU,economy,налоги криптовалюта,крипта и налоги,0.45,yandex
2026-10-09,RU,it,НПО „Импульс“,нпо импульс ао,0.44,google
2026-10-09,US,economy,applications of game,applications of 3 phase motors,1.0,bing
2026-10-09,US,economy,applications of game,applications of game 3 download,1.0,yahoo
2026-10-09,US,economy,applications of game,applications of game 4 players,1.0,yahoo
2026-10-09,US,economy,applications of game,applications of game alternative design,1.0,yahoo
2026-10-09,US,economy,applications of game,can applications work on multiple devices,1.0,bing
2026-10-09,US,economy,shipping rates,how are shipping costs calculated,1.0,google
2026-10-09,US,it,ros2 joint trajectory,how ros2 joint trajectory compared,1.0,yahoo
2026-10-09,US,economy,labor market,labor market alternative investments,1.0,yahoo
2026-10-09,US,economy,labor market,labor market definition simple,1.0,bing
2026-10-09,US,economy,labor market,labor market information connecticut,1.0,bing
2026-10-09,US,economy,labor market,labor market supply and demand diagram,1.0,google
2026-10-09,US,it,ros2 joint trajectory,libgazebo_ros_joint_pose_trajectory.so,1.0,bing
2026-10-09,US,economy,Ranunculus multiscapus,ranunculus multiscapus orchids,1.0,yahoo
2026-10-09,US,economy,Ranunculus multiscapus,ranunculus multiscapus perennials,1.0,yahoo
2026-10-09,US,it,ros2 joint trajectory,ros2 joint trajectory protocol,1.0,yahoo
2026-10-09,US,it,ros2 joint trajectory,ros2 joint trajectory statement,1.0,yahoo
2026-10-09,US,it,ros2 joint trajectory,ros2 joint trajectory variation,1.0,yahoo
2026-10-09,US,economy,saas metrics,saas metrics 2.0 by david skok pdf,1.0,google
2026-10-09,US,economy,saas metrics,saas service usage metrics report oracle,1.0,google
2026-10-09,US,it,sbom,sbom software bill of materials,1.0,bing
2026-10-09,US,economy,shipping rates,shipping rates china to usa by sea,1.0,bing
2026-10-09,US,economy,shipping rates,shipping rates for usps ground advantage,1.0,google
2026-10-09,US,economy,applications of game,small game of chance application pa,1.0,bing
2026-10-09,US,science,solar flare,solar flare wipe out technology,1.0,google
2026-10-09,US,economy,shipping rates,ups shipping rates vs usps shipping rates,1.0,yahoo
2026-10-09,US,economy,labor market,what happens in the labor market,1.0,google
2026-10-09,US,economy,applications of game,what is alternative activities,1.0,bing
2026-10-09,US,economy,shipping rates,who has the cheapest shipping rates,1.0,google
2026-10-09,US,economy,applications of game,applications of game 5 player,0.99,yahoo
2026-10-09,US,economy,Ranunculus multiscapus,ranunculus multiscapus 7 feet,0.99,yahoo
2026-10-09,US,it,ros2 joint trajectory,ros2 joint trajectory working,0.99,yahoo
2026-10-09,US,economy,shipping rates,shipping rates australia post,0.99,bing
2026-10-09,US,economy,labor market,labor market information virginia,0.983,bing
2026-10-09,US,economy,labor market,labor relations alternatives,0.98,google
2026-10-09,US,it,ros2 joint trajectory,ros2 joint trajectory number,0.98,yahoo
2026-10-09,US,economy,shipping rates,shipping rates to canada from us comparison,0.971,bing
2026-10-09,US,economy,applications of game,applications of game change,0.97,yahoo
2026-10-09,US,economy,saas metrics,most important saas metrics,0.97,google
2026-10-09,US,it,sbom,sbom vulnerability scanning,0.97,bing
2026-10-09,US,economy,shipping rates,shipping cost vietnam to us,0.97,google
2026-10-09,US,economy,shipping rates,shipping rates to australia,0.97,bing
2026-10-09,US,science,solar flare,solar flare metallic hummer,0.97,yahoo
2026-10-09,US,economy,shipping rates,shipping rates china to usa by air,0.969,bing
2026-10-09,US,economy,labor market,labor market information edd ca gov,0.967,bing
2026-10-09,US,economy,applications of game,applications of 37 dimensions,0.961,bing
2026-10-09,US,it,ros2 joint trajectory,ros-noetic-joint-trajectory-controller,0.96,bing
2026-10-09,US,economy,shipping rates,shipping cost kya hota hai,0.96,google
2026-10-09,US,economy,shipping rates,shipping rates by transfer,0.96,bing
2026-10-09,US,economy,saas metrics,understanding saas metrics,0.96,google
2026-10-09,US,economy,applications of game,can applications be updated automatically,0.956,bing
2026-10-09,US,economy,labor market,labor market information includes which of the following options,0.956,google
2026-10-09,US,economy,labor market,labor market survey vocational rehabilitation,0.956,yahoo
2026-10-09,US,economy,saas metrics,saas service usage metrics report,0.956,google
2026-10-09,US,economy,shipping rates,shipping charges kannada meaning,0.956,google
2026-10-09,US,economy,shipping rates,shipping flat rate vs by weight,0.956,google
2026-10-09,US,economy,shipping rates,shipping rates for small business,0.956,google
2026-10-09,US,science,solar flare,solar flare size compared to earth,0.956,yahoo
2026-10-09,US,science,solar flare,solar flare warnings for today,0.956,yahoo
2026-10-09,US,economy,shipping rates,who has the best shipping rates,0.956,google
2026-10-09,US,it,ros2 joint trajectory,ros2 topic echo /joint_states,0.952,bing
2026-10-09,US,economy,applications of game,applications of game 2024,0.95,yahoo
2026-10-09,US,economy,labor market,labor market in economics,0.95,yahoo
2026-10-09,US,economy,labor market,labor market information minnesota,0.95,bing
2026-10-09,US,economy,Litsea bennettii,litsea bennettii hibiscus,0.95,yahoo
2026-10-09,US,economy,shipping rates,pirate ship rates vs usps,0.95,google
2026-10-09,US,economy,Ranunculus multiscapus,ranunculus multiscapus 15,0.95,yahoo
2026-10-09,US,economy,Ranunculus multiscapus,ranunculus multiscapus 42,0.95,yahoo
2026-10-09,US,science,solar flare,solar flare space weather,0.95,yahoo
2026-10-09,US,economy,applications of game,pa game of chance application,0.946,bing
2026-10-09,US,science,solar flare,solar flare 2025 power outage,0.946,yahoo
2026-10-09,US,economy,applications of game,applications of 3d printing in manufacturing,0.943,bing
2026-10-09,US,economy,Litsea bennettii,litsea bennettii jewelry,0.94,yahoo
2026-10-09,US,economy,Litsea bennettii,litsea bennettii variety,0.94,yahoo
2026-10-09,US,it,ros2 joint trajectory,ros2 joint trajectory 04,0.94,yahoo
2026-10-09,US,it,ros2 joint trajectory,ros2 joint trajectory 98,0.94,yahoo
2026-10-09,US,science,solar flare,solar flare outage today,0.94,bing
2026-10-09,US,science,solar flare,weefine solar flare 8000,0.94,google
2026-10-09,US,economy,shipping rates,shipping rates china to usa covid,0.938,bing
2026-10-09,US,economy,labor market,labor market information florida,0.933,bing
2026-10-09,US,economy,labor market,labor market without ai,0.93,yahoo
2026-10-09,US,economy,Litsea bennettii,litsea bennettii cherry,0.93,yahoo
2026-10-09,US,it,sbom,sbom alternative retail,0.93,yahoo
2026-10-09,US,science,solar flare,solar flare 2 discmania,0.93,google
2026-10-09,US,economy,labor market,labor market dynamics and development,0.927,bing
2026-10-09,US,economy,labor market,labor market exposure to ai,0.926,google
2026-10-09,US,science,solar flare,solar flare 1800s telegraph,0.926,google
2026-10-09,US,it,sbom,sbom vulnerability management,0.923,bing
2026-10-09,US,economy,shipping rates,shipping rates by transit,0.921,bing
2026-10-09,US,economy,labor market,labor market structure,0.92,yahoo
2026-10-09,US,economy,shipping rates,shipping rates 4 weeks,0.92,yahoo
2026-10-09,US,it,sbom,syft sbom alternatives,0.92,google
2026-10-09,US,economy,applications of game,what is the z function,0.92,bing
2026-10-09,US,it,ros2 joint trajectory,moveit_ros_trajectory_cache,0.918,bing
2026-10-09,US,economy,saas metrics,saas service usage metrics,0.916,google
2026-10-09,US,science,solar flare,solar flare magnetic field,0.916,yahoo
2026-10-09,US,science,solar flare,solar flare symptoms today,0.916,google
2026-10-09,US,economy,applications of game,applications of 3rd law of motion,0.914,bing
2026-10-09,US,economy,applications of game,apps play store alternative,0.913,bing
2026-10-09,US,economy,labor market,labor market differential conference board,0.911,google
2026-10-09,US,economy,labor market,labor market information by state,0.911,yahoo
2026-10-09,US,economy,labor market,labor market insights fresno state,0.911,google
2026-10-09,US,economy,shipping rates,shipping cost vestiaire collective,0.911,google
2026-10-09,US,economy,shipping rates,shipping fee korea to indonesia,0.911,google
2026-10-09,US,science,solar flare,solar flare when will it happen,0.911,google
2026-10-09,US,science,solar flare,solar flare worst case scenario,0.911,yahoo
2026-10-09,US,economy,shipping rates,ups shipping rates vs canada post,0.911,google
2026-10-09,US,economy,labor market,5 labor market trends,0.91,google
2026-10-09,US,economy,Litsea bennettii,litsea bennettii sale,0.91,yahoo
2026-10-09,US,economy,saas metrics,saas metrics websites,0.91,yahoo
2026-10-09,US,economy,shipping rates,shipping rates x axis,0.91,yahoo
2026-10-09,US,science,solar flare,solar flare sun bliss,0.91,google
2026-10-09,US,science,solar flare,solar flare wednesday,0.91,bing
2026-10-09,US,economy,applications of game,how to use zgame visualizer,0.908,bing
2026-10-09,US,economy,shipping rates,shipping rates china to usa fedex,0.908,bing
2026-10-09,US,economy,shipping rates,usps shipping rates vs ups,0.903,yahoo
2026-10-09,US,economy,applications of game,application game car,0.9,google
2026-10-09,US,economy,applications of game,applications of 3d printing in food industry,0.9,"bing,ddg"
2026-10-09,US,economy,applications of game,can applications access camera,0.9,"bing,ddg"
2026-10-09,US,economy,applications of game,game show applications 2025 itv,0.9,"bing,ddg"
2026-10-09,US,economy,shipping rates,how much is usps shipping rates,0.9,google
2026-10-09,US,economy,labor market,labor market deficit,0.9,yahoo
2026-10-09,US,economy,labor market,labor market information south carolina,0.9,bing
2026-10-09,US,economy,labor market,labor market supply and demand graph,0.9,"google,bing"
2026-10-09,US,economy,labor market,labor market survey workers compensation,0.9,"bing,ddg"
2026-10-09,US,economy,shipping rates,shipping rates china to usa 2020,0.9,"bing,ddg"
2026-10-09,US,economy,shipping rates,shipping rates ocean,0.9,google
2026-10-09,US,economy,shipping rates,shipping rates to canada from us calculator,0.9,"bing,ddg"
2026-10-09,US,science,solar flare,solar flare 2025 map,0.9,bing
2026-10-09,US,science,solar flare,solar flare migraine,0.9,google
2026-10-09,US,science,solar flare,solar flare music festival 2026,0.9,"google,bing"
2026-10-09,US,economy,applications of game,the 5 best applications for gaming,0.9,"bing,ddg"
2026-10-09,US,it,sbom,trivy sbom output without the bars,0.9,"bing,ddg"
2026-10-09,US,economy,labor market,labor market survey report,0.898,bing
2026-10-09,US,it,sbom,sbom alternative dispute,0.896,yahoo
2026-10-09,US,economy,shipping rates,shipping cost vistaprint,0.896,google
2026-10-09,US,economy,shipping rates,shipping rates by trailer,0.893,bing
2026-10-09,US,economy,labor market,labor market dualism meaning,0.891,yahoo
2026-10-09,US,economy,labor market,labor market 3 year,0.89,yahoo
2026-10-09,US,economy,Litsea bennettii,litsea bennettii 02,0.89,yahoo
2026-10-09,US,economy,Litsea bennettii,litsea bennettii 45,0.89,yahoo
2026-10-09,US,economy,Litsea bennettii,litsea bennettii 98,0.89,yahoo
2026-10-09,US,economy,saas metrics,saas metrics 5 year,0.89,yahoo
2026-10-09,US,economy,shipping rates,shipping rates 9 12,0.89,yahoo
2026-10-09,US,economy,shipping rates,shipping rates keep,0.89,yahoo
2026-10-09,US,science,solar flare,solar flare song gd,0.89,bing
2026-10-09,US,economy,applications of game,top 5 applications for gaming,0.89,"bing,ddg"
2026-10-09,US,economy,applications of game,applications of z test,0.889,bing
2026-10-09,US,economy,labor market,labor market information mn,0.887,bing
2026-10-09,US,science,solar flare,solar flare movie 2008,0.887,bing
2026-10-09,US,economy,applications of game,alternative to video games for kids,0.886,bing
2026-10-09,US,economy,applications of game,applications of 3 phase induction motor,0.886,bing
2026-10-09,US,economy,shipping rates,shipping rates of fedex,0.886,google
2026-10-09,US,economy,applications of game,2 player games app,0.88,bing
2026-10-09,US,it,ros2 joint trajectory,ros2 joint_state_publisher,0.88,bing
2026-10-09,US,it,ros2 joint trajectory,ros2_documentation,0.88,bing
2026-10-09,US,it,sbom,sbom pronunciation,0.88,bing
2026-10-09,US,economy,shipping rates,shipping rates 7.5,0.88,yahoo
2026-10-09,US,economy,shipping rates,shipping rates lbc,0.88,google
2026-10-09,US,science,solar flare,solar flare june 8,0.88,yahoo
2026-10-09,US,economy,shipping rates,shipping rates china to usa chart,0.877,bing
2026-10-09,US,economy,labor market,labor market data tea,0.874,bing
2026-10-09,US,science,solar flare,solar flare dec 6,0.87,google
2026-10-09,US,economy,applications of game,video game play 4,0.87,bing
2026-10-09,US,science,solar flare,solar flare simulations,0.868,bing
2026-10-09,US,economy,applications of game,applications of game 3 prediction,0.867,yahoo
2026-10-09,US,economy,applications of game,applications of game 4 analysis,0.867,yahoo
2026-10-09,US,economy,applications of game,applications of game alternative technology,0.867,yahoo
2026-10-09,US,economy,saas metrics,capture saas usage metrics for financials,0.867,google
2026-10-09,US,it,ros2 joint trajectory,how ros2 joint trajectory theory,0.867,yahoo
2026-10-09,US,economy,labor market,labor market alternative investment,0.867,yahoo
2026-10-09,US,economy,labor market,labor market differential explained,0.867,yahoo
2026-10-09,US,economy,labor market,labor market information michigan,0.867,bing
2026-10-09,US,economy,Ranunculus multiscapus,ranunculus multiscapus outdoor,0.867,yahoo
2026-10-09,US,economy,Ranunculus multiscapus,ranunculus multiscapus perennial,0.867,yahoo
2026-10-09,US,it,ros2 joint trajectory,ros2 joint trajectory not working,0.867,yahoo
2026-10-09,US,economy,shipping rates,shipping fee vietnam to philippines,0.867,google
2026-10-09,US,science,solar flare,solar flare shimmering body oil,0.867,google
2026-10-09,US,science,solar flare,solar flare side effects in humans,0.867,yahoo
2026-10-09,US,economy,labor market,labor market database,0.866,yahoo
2026-10-09,US,economy,labor market,labor market equation,0.866,yahoo
2026-10-09,US,economy,shipping rates,shipping rates canada,0.866,google
2026-10-09,US,economy,shipping rates,shipping rates on ups,0.866,yahoo
2026-10-09,US,economy,applications of game,alternative to play store,0.864,bing
2026-10-09,US,economy,shipping rates,shipping rates by country,0.864,bing
2026-10-09,US,economy,applications of game,app to modify games,0.861,bing
2026-10-09,US,economy,saas metrics,saas metrics used in call,0.861,yahoo
2026-10-09,US,economy,saas metrics,saas usage metrics report,0.861,google
2026-10-09,US,science,solar flare,solar flare mario 64 meme,0.861,google
2026-10-09,US,economy,applications of game,apps game zombie,0.86,google
2026-10-09,US,economy,labor market,labor market 500,0.86,yahoo
2026-10-09,US,economy,labor market,labor market survey dhs mn,0.86,"bing,ddg"
2026-10-09,US,economy,saas metrics,saas metrics 300,0.86,yahoo
2026-10-09,US,economy,saas metrics,saas metrics app,0.86,google
2026-10-09,US,it,sbom,sbom purl format,0.86,google
2026-10-09,US,science,solar flare,solar flare 2017,0.86,yahoo
2026-10-09,US,economy,applications of game,what is g5 games,0.86,bing
2026-10-09,US,economy,applications of game,applications of 3d printing in healthcare,0.857,bing
2026-10-09,US,it,ros2 joint trajectory,ros2 joint trajectory problem,0.857,yahoo
2026-10-09,US,it,ros2 joint trajectory,ros2 joint trajectory warning,0.857,yahoo
2026-10-09,US,economy,shipping rates,shipping rates on squarespace,0.857,yahoo
2026-10-09,US,economy,shipping rates,shipping rates to canada from us by ups,0.857,bing
2026-10-09,US,science,solar flare,yeti solar flare 8oz,0.856,google
2026-10-09,US,economy,shipping rates,shipping rates for fedex,0.851,google
2026-10-09,US,economy,shipping rates,shipping rates overnight,0.851,google
2026-10-09,US,science,solar flare,solar flare sunset samba,0.851,google
2026-10-09,US,it,ros2 joint trajectory,cartographer_ros2,0.85,bing
2026-10-09,US,economy,labor market,labor market information washington state,0.85,bing
2026-10-09,US,economy,saas metrics,saas metrics 90,0.85,yahoo
2026-10-09,US,it,sbom,sbom javascript,0.85,google
2026-10-09,US,it,sbom,sbom viewer app,0.85,yahoo
2026-10-09,US,science,solar flare,solar flare 11 year cycle,0.85,"google,yahoo"
2026-10-09,US,science,solar flare,solar flare 600,0.85,yahoo
2026-10-09,US,science,solar flare,solar storm 440,0.85,google
2026-10-09,US,economy,applications of game,what are z codes used for,0.85,"bing,ddg"
2026-10-09,US,economy,Ranunculus multiscapus,ranunculus multiscapus 7 gal,0.847,yahoo
2026-10-09,US,it,ros2 joint trajectory,ros2 joint trajectory vision,0.847,yahoo
2026-10-09,US,it,sbom,sbom viewer online,0.847,bing
2026-10-09,US,economy,labor market,labor market supply,0.846,google
2026-10-09,US,economy,shipping rates,shipping rates china to usa 2021,0.846,bing
2026-10-09,US,economy,shipping rates,ups shipping rates vs usps,0.846,yahoo
2026-10-09,US,economy,shipping rates,shipping rates to italy,0.844,bing
2026-10-09,US,economy,applications of game,applications of 3d bioprinting,0.843,"bing,ddg"
2026-10-09,US,economy,applications of game,game show applications 2026 uk,0.843,"bing,ddg"
2026-10-09,US,economy,labor market,labor market segmentation theory,0.843,"bing,ddg"
2026-10-09,US,economy,shipping rates,shipping rates china to usa ups,0.843,"bing,ddg"
2026-10-09,US,economy,shipping rates,shipping rates to canada from us 2021,0.843,"bing,ddg"
2026-10-09,US,economy,shipping rates,shipping rates to canada from us by fedex,0.843,"bing,ddg"
2026-10-09,US,science,solar flare,solar flare model pvz,0.843,bing
2026-10-09,US,economy,applications of game,windows alternative for gaming,0.843,"bing,ddg"
2026-10-09,US,economy,applications of game,game for two play,0.841,bing
2026-10-09,US,science,solar flare,solar flare 4th of july,0.841,google
2026-10-09,US,economy,saas metrics,saas ugc video,0.84,yahoo
2026-10-09,US,it,sbom,sbom and aibom,0.84,google
2026-10-09,US,science,solar flare,solar flare 2 disc,0.84,bing
2026-10-09,US,science,solar flare,solar flare outage,0.84,bing
2026-10-09,US,science,solar flare,solar flare storm today,0.838,bing
2026-10-09,US,economy,applications of game,applications of game 5 year,0.837,yahoo
2026-10-09,US,economy,applications of game,applications of game camera,0.837,yahoo
2026-10-09,US,economy,labor market,local labour market meaning,0.837,google
2026-10-09,US,it,ros2 joint trajectory,ros2 joint trajectory study,0.837,yahoo
2026-10-09,US,science,solar flare,solar flare june 6,0.836,google
2026-10-09,US,economy,labor market,labor market information california,0.833,bing
2026-10-09,US,it,ros2 joint trajectory,ros trajectory_msgs,0.833,bing
2026-10-09,US,it,sbom,sbom alternative music,0.831,yahoo
2026-10-09,US,science,solar flare,1800s solar flare event,0.83,"bing,ddg"
2026-10-09,US,it,ros2 joint trajectory,ros2 plotjuggler x axis,0.83,"bing,ddg"
2026-10-09,US,economy,shipping rates,shipping rates by train,0.83,"bing,ddg"
2026-10-09,US,science,solar flare,solar flare 2023 impact,0.83,"bing,ddg"
2026-10-09,US,economy,applications of game,applications of 3d printing in automotive,0.829,bing
2026-10-09,US,economy,shipping rates,shipping rates to canada from us by dhl,0.829,bing
2026-10-09,US,economy,applications of game,apps similar to gamechanger,0.827,bing
2026-10-09,US,economy,labor market,labor market without water,0.827,yahoo
2026-10-09,US,economy,Litsea bennettii,litsea bennettii varieties,0.827,yahoo
2026-10-09,US,economy,Ranunculus multiscapus,ranunculus multiscapus 4x4,0.827,yahoo
2026-10-09,US,economy,saas metrics,saas metrics used by scrum,0.827,yahoo
2026-10-09,US,economy,saas metrics,saas metrics a16z,0.826,google
2026-10-09,US,economy,shipping rates,shipping rates by travel,0.826,bing
2026-10-09,US,economy,applications of game,applications of 555 timer ic,0.823,"bing,ddg"
2026-10-09,US,economy,labor market,market 32 labor day,0.823,google
2026-10-09,US,economy,labor market,labor market information website,0.822,google
2026-10-09,US,economy,shipping rates,shipping fee korea to philippines,0.822,google
2026-10-09,US,science,solar flare,solar flare 1859 happened today,0.822,google
2026-10-09,US,science,solar flare,solar flare 2026 what will happen,0.822,google
2026-10-09,US,economy,saas metrics,saas metrics and kpis,0.821,google
2026-10-09,US,it,ros2 joint trajectory,ros2 bridge to ros1,0.82,bing
2026-10-09,US,it,ros2 joint trajectory,ros2 inter-process,0.82,bing
2026-10-09,US,it,ros2 joint trajectory,ros2-performance,0.82,bing
2026-10-09,US,economy,shipping rates,shipping rates to cana,0.82,"bing,ddg"
2026-10-09,US,science,solar flare,solar flare speed test,0.82,"bing,ddg"
2026-10-09,US,economy,applications of game,what does ga4 do,0.82,bing
2026-10-09,US,science,solar flare,solar flare sky,0.819,bing
2026-10-09,US,economy,labor market,market 32 labor day hours,0.817,google
2026-10-09,US,economy,Ranunculus multiscapus,ranunculus multiscapus 12,0.817,yahoo
2026-10-09,US,economy,shipping rates,shipping cost korea to us,0.817,google
2026-10-09,US,science,solar flare,solar flare warning today,0.817,google
2026-10-09,US,science,solar flare,solar flare while outside,0.817,bing
2026-10-09,US,science,solar flare,solar flare 1920,0.816,yahoo
2026-10-09,US,science,solar flare,solar flare 2003,0.816,bing
2026-10-09,US,science,solar flare,solar flare meme,0.816,google
2026-10-09,US,science,solar flare,solar storm 48st,0.816,google
2026-10-09,US,it,ros2 joint trajectory,ros2 image_transport,0.814,bing
2026-10-09,US,it,sbom,sbom postgresql,0.814,bing
2026-10-09,US,economy,applications of game,can applications share data,0.813,"bing,ddg"
2026-10-09,US,economy,applications of game,game for 2 online,0.813,bing
2026-10-09,US,economy,labor market,labor market in florida,0.813,bing
2026-10-09,US,economy,shipping rates,shipping rates on pirate ship,0.812,yahoo
2026-10-09,US,economy,labor market,labor market effects,0.811,yahoo
2026-10-09,US,economy,shipping rates,shipping rates of j&t,0.81,"google,yahoo"
2026-10-09,US,science,solar flare,solar flare 2023 news,0.81,"bing,ddg"
2026-10-09,US,science,solar flare,solar flare overlay,0.81,bing
2026-10-09,US,economy,applications of game,the game 4 for online,0.81,"bing,ddg"
2026-10-09,US,economy,applications of game,the game 4 gameplay,0.81,bing
2026-10-09,US,economy,applications of game,application game changer,0.807,google
2026-10-09,US,economy,Litsea bennettii,litsea bennettii jasmine,0.807,yahoo
2026-10-09,US,it,ros2 joint trajectory,ros2 joint trajectory 06,0.807,yahoo
2026-10-09,US,economy,saas metrics,saas university,0.806,yahoo
2026-10-09,US,it,sbom,sbom servicenow,0.806,bing
2026-10-09,US,science,solar flare,solar flare 12 000 years ago,0.802,yahoo
2026-10-09,US,economy,labor market,labor market shifts,0.801,yahoo
2026-10-09,US,science,solar flare,solar flare 2/22/24,0.801,yahoo
2026-10-09,US,economy,applications of game,applications of gcms,0.8,"bing,ddg"
2026-10-09,US,economy,applications of game,game applications for pc,0.8,"bing,ddg"
2026-10-09,US,economy,shipping rates,how much is it to ship a 9 pound package,0.8,google
2026-10-09,US,it,ros2 joint trajectory,ros2 trajectory_msgs,0.8,"bing,ddg"
2026-10-09,US,it,ros2 joint trajectory,ros2_graph,0.8,bing
2026-10-09,US,it,sbom,sbom yocto,0.8,bing
2026-10-09,US,economy,shipping rates,shipping rates to us,0.8,"bing,ddg"
2026-10-09,US,science,solar flare,solar flare metallic,0.8,bing
2026-10-09,US,it,ros2 joint trajectory,what is ros and ros2,0.8,"bing,ddg"
2026-10-09,US,economy,labor market,labor market stress indicator,0.798,"bing,ddg"
2026-10-09,US,economy,applications of game,applications of game 21,0.797,yahoo
2026-10-09,US,economy,labor market,labor market data today,0.797,google
2026-10-09,US,science,solar flare,solar flare when,0.793,bing
2026-10-09,US,economy,shipping rates,etsy shipping rates vs usps,0.792,google
2026-10-09,US,it,ros2 joint trajectory,ros2-bridge,0.791,bing
2026-10-09,US,science,solar flare,solar storm 8 june,0.791,google
2026-10-09,US,economy,shipping rates,xyz shipping rates,0.791,google
2026-10-09,US,it,ros2 joint trajectory,ros1/ros2,0.79,bing
2026-10-09,US,it,ros2 joint trajectory,ros2-nav2,0.79,bing
2026-10-09,US,it,sbom,sbom node,0.79,google
2026-10-09,US,it,sbom,sbom zenn,0.79,google
2026-10-09,US,science,solar flare,solar flare 46oz yeti rambler,0.79,yahoo
2026-10-09,US,science,solar flare,solar flare ontario,0.79,"bing,ddg"
2026-10-09,US,economy,applications of game,big game applications 2026,0.789,bing
2026-10-09,US,economy,labor market,labor market softening,0.787,google
2026-10-09,US,economy,Litsea bennettii,litsea bennettii coral,0.787,yahoo
2026-10-09,US,economy,Litsea bennettii,litsea bennettii hotel,0.787,yahoo
2026-10-09,US,economy,shipping rates,shipping rates by truck,0.787,bing
2026-10-09,US,economy,shipping rates,shipping rates for ups,0.787,google
2026-10-09,US,economy,shipping rates,xpedite shipping rates,0.787,google
2026-10-09,US,science,solar flare,yeti solar flare 64 oz,0.787,google
2026-10-09,US,economy,applications of game,applications of 3d printing technology,0.786,"bing,ddg"
2026-10-09,US,economy,applications of game,applications of 5g and ai in agriculture,0.786,"bing,ddg"
2026-10-09,US,economy,applications of game,applications play store alternatives,0.786,"bing,ddg"
2026-10-09,US,economy,applications of game,apps game com,0.786,google
2026-10-09,US,economy,applications of game,can applications run without internet,0.786,"bing,ddg"
2026-10-09,US,it,ros2 joint trajectory,everything technicaly know about the ros2,0.786,"bing,ddg"
2026-10-09,US,economy,applications of game,game 2 play on phone,0.786,bing
2026-10-09,US,economy,labor market,labor market definition finance,0.786,"bing,ddg"
2026-10-09,US,economy,shipping rates,shipping rates china to usa by courier,0.786,"bing,ddg"
2026-10-09,US,economy,shipping rates,shipping rates to canada from us by usps,0.786,"bing,ddg"
2026-10-09,US,it,ros2 joint trajectory,ros 2 jazzy installation,0.783,"bing,ddg"
2026-10-09,US,economy,shipping rates,shipping fee victory liner,0.782,google
2026-10-09,US,it,sbom,sbom nhs,0.78,bing
2026-10-09,US,economy,applications of game,free games a to z,0.778,bing
2026-10-09,US,economy,labor market,labor market swings with job g,0.778,yahoo
2026-10-09,US,economy,saas metrics,saas metrics fundamentals udemy,0.778,google
2026-10-09,US,economy,Litsea bennettii,litsea bennettii seed,0.777,yahoo
2026-10-09,US,it,sbom,sbom alternative rock,0.777,yahoo
2026-10-09,US,economy,shipping rates,shipping rates 4 week,0.777,yahoo
2026-10-09,US,economy,shipping rates,shipping rates x rays,0.777,yahoo
2026-10-09,US,science,solar flare,solar flare mewgenics,0.777,yahoo
2026-10-09,US,science,solar flare,solar flare software,0.777,bing
2026-10-09,US,economy,applications of game,control + z is used for,0.776,bing
2026-10-09,US,it,ros2 joint trajectory,ros2 iron ros2 node,0.776,bing
2026-10-09,US,it,sbom,sbom jenkins,0.776,google
2026-10-09,US,economy,shipping rates,shipping rates by trade,0.773,"bing,ddg"
2026-10-09,US,science,solar flare,solar flare 2012 disaster,0.772,yahoo
2026-10-09,US,science,solar flare,solar storm 800 years ago,0.772,google
2026-10-09,US,science,solar flare,solar flare 1857,0.771,yahoo
2026-10-09,US,science,solar flare,solar flare 1982,0.771,google
2026-10-09,US,science,solar flare,solar flare 2028,0.771,google
2026-10-09,US,economy,shipping rates,ups overnight shipping rates vs fedex,0.771,yahoo
2026-10-09,US,economy,labor market,labor market trends over 55,0.77,google
2026-10-09,US,science,solar flare,solar flare model,0.77,"bing,ddg"
2026-10-09,US,science,solar flare,solar flare mario 64 speedrun,0.768,google
2026-10-09,US,economy,applications of game,a to z games for pc,0.767,bing
2026-10-09,US,economy,labor market,labor market economy,0.767,yahoo
2026-10-09,US,economy,Litsea bennettii,litsea bennettii 4x4,0.767,yahoo
2026-10-09,US,economy,shipping rates,shipping rates korea,0.767,yahoo
2026-10-09,US,economy,shipping rates,shopify shipping rates vs shipstation,0.767,"google,yahoo"
2026-10-09,US,it,sbom,sbom nodejs,0.766,google
2026-10-09,US,economy,applications of game,games to play 2,0.764,bing
2026-10-09,US,economy,labor market,labor market data ohio,0.763,"bing,ddg"
2026-10-09,US,science,solar flare,solar flare 2023 cycle,0.763,"bing,ddg"
2026-10-09,US,economy,applications of game,what does windows z do,0.763,"bing,ddg"
2026-10-09,US,it,sbom,sbom alternative meaning,0.762,yahoo
2026-10-09,US,science,solar flare,solar flare mtg,0.761,google
2026-10-09,US,economy,labor market,labor market esd,0.76,"bing,ddg"
2026-10-09,US,economy,saas metrics,saas metrics wso,0.76,google
2026-10-09,US,science,solar flare,solar flare wings terraria,0.76,"bing,yahoo"
2026-10-09,US,economy,shipping rates,shipping rates by trend,0.759,bing
2026-10-09,US,economy,Litsea bennettii,litsea bennettii 07,0.757,yahoo
2026-10-09,US,economy,Litsea bennettii,litsea bennettii 90,0.757,yahoo
2026-10-09,US,economy,applications of game,game show applications 2024,0.756,"bing,ddg"
2026-10-09,US,science,solar flare,solar flare 2025 date,0.753,"bing,ddg"
2026-10-09,US,it,ros2 joint trajectory,ros2-ws,0.752,bing
2026-10-09,US,economy,labor market,labor market differential,0.75,"google,bing,ddg"
2026-10-09,US,it,sbom,sbom visual studio,0.747,bing
2026-10-09,US,it,sbom,sbom play,0.746,google
2026-10-09,US,economy,labor market,labor market economics definition,0.743,"bing,yahoo,ddg"
2026-10-09,US,economy,applications of game,apps game car,0.741,google
2026-10-09,US,economy,labor market,labor market efficiency,0.741,"google,yahoo"
2026-10-09,US,it,sbom,sbom standards,0.74,"bing,ddg"
2026-10-09,US,economy,labor market,labor market 2026,0.739,"bing,ddg"
2026-10-09,US,economy,labor market,labor market elasticity,0.738,"bing,ddg"
2026-10-09,US,it,sbom,sbom json example,0.737,google
2026-10-09,US,it,sbom,sbom portal,0.737,bing
2026-10-09,US,economy,shipping rates,shipping rates 72,0.737,yahoo
2026-10-09,US,science,solar flare,solar flare wings,0.737,"google,bing"
2026-10-09,US,economy,labor market,alternative labor market underutilization rate,0.733,google
2026-10-09,US,economy,applications of game,applications of game alternative theory,0.733,yahoo
2026-10-09,US,it,ros2 joint trajectory,how ros2 joint trajectory changes,0.733,yahoo
2026-10-09,US,economy,labor market,labor market alternative meaning,0.733,yahoo
2026-10-09,US,economy,labor market,labor market without insurance,0.733,yahoo
2026-10-09,US,it,ros2 joint trajectory,ros1 to ros2 bridge,0.733,"bing,ddg"
2026-10-09,US,it,ros2 joint trajectory,ros2 joint trajectory software,0.733,yahoo
2026-10-09,US,economy,saas metrics,saas metrics arr cac ltv churn,0.733,google
2026-10-09,US,science,solar flare,solar flare 5/28/25,0.733,"bing,ddg"
2026-10-09,US,science,solar flare,solar flare of 1859,0.733,"bing,ddg"
2026-10-09,US,economy,applications of game,the game 4 for free,0.733,"bing,ddg"
2026-10-09,US,it,ros2 joint trajectory,what is a ros2 node,0.733,"bing,ddg"
2026-10-09,US,economy,saas metrics,saas business metrics,0.732,google
2026-10-09,US,economy,saas metrics,saas metrics analysis,0.732,google
2026-10-09,US,economy,shipping rates,xeneta shipping rates,0.732,google
2026-10-09,US,science,solar flare,solar flare 4,0.73,"google,yahoo"
2026-10-09,US,economy,applications of game,applications of 5g and ai in healthcare,0.729,"bing,ddg"
2026-10-09,US,economy,applications of game,can applications be uninstalled,0.729,"bing,ddg"
2026-10-09,US,it,ros2 joint trajectory,exploring the performance of ros2,0.729,"bing,ddg"
2026-10-09,US,economy,saas metrics,saas metrics executive dashboard,0.729,"bing,ddg"
2026-10-09,US,economy,shipping rates,cargo rates victory liner,0.728,google
2026-10-09,US,economy,labor market,labor market search,0.728,"bing,yahoo"
2026-10-09,US,economy,saas metrics,acv saas metrics,0.727,google
2026-10-09,US,economy,applications of game,game 2 play on pc,0.727,bing
2026-10-09,US,economy,saas metrics,saas b2b metrics,0.727,google
2026-10-09,US,economy,saas metrics,saas metrics 5.0,0.727,yahoo
2026-10-09,US,economy,saas metrics,saas metrics 900,0.727,yahoo
2026-10-09,US,economy,saas metrics,saas rose metric,0.727,google
2026-10-09,US,science,solar flare,solar flare 2023,0.727,yahoo
2026-10-09,US,science,solar flare,solar flare 2027,0.727,google
2026-10-09,US,science,solar flare,solar flare 4522,0.727,google
2026-10-09,US,economy,applications of game,applications of game 4 player,0.723,yahoo
2026-10-09,US,economy,applications of game,applications of gc,0.723,"bing,ddg"
2026-10-09,US,economy,Ranunculus multiscapus,ranunculus multiscapus orchid,0.723,yahoo
2026-10-09,US,economy,Ranunculus multiscapus,ranunculus multiscapus plants,0.723,yahoo
2026-10-09,US,it,ros2 joint trajectory,ros2 joint trajectory with 50,0.723,yahoo
2026-10-09,US,economy,saas metrics,saas renewal metrics,0.722,google
2026-10-09,US,science,solar flare,solar flare symptoms,0.722,yahoo
2026-10-09,US,economy,labor market,labor market al quoz 3,0.72,google
2026-10-09,US,it,ros2 joint trajectory,ros2_tracing,0.72,bing
2026-10-09,US,economy,saas metrics,saas metrics arr cac ltv,0.718,google
2026-10-09,US,it,sbom,sbom alternative minimum,0.718,yahoo
2026-10-09,US,economy,labor market,labor market 3d,0.717,yahoo
2026-10-09,US,economy,labor market,labor market 50,0.717,yahoo
2026-10-09,US,economy,saas metrics,saas metrics 3d,0.717,yahoo
2026-10-09,US,science,solar flare,solar flare 6x6,0.717,yahoo
2026-10-09,US,science,solar flare,solar storm 80s,0.717,google
2026-10-09,US,economy,shipping rates,shipping rates by track,0.716,"bing,ddg"
2026-10-09,US,economy,applications of game,applications of game 5 years,0.713,yahoo
2026-10-09,US,economy,applications of game,applications of game changer,0.713,yahoo
2026-10-09,US,it,ros2 joint trajectory,ros2 joint trajectory normal,0.713,yahoo
2026-10-09,US,economy,labor market,labor market supply and demand,0.711,"google,bing,yahoo"
2026-10-09,US,it,sbom,sbom nuget,0.711,google
2026-10-09,US,economy,labor market,labor market dynamics,0.71,"google,bing,ddg"
2026-10-09,US,it,sbom,zlib sbom,0.71,google
2026-10-09,US,economy,shipping rates,fedex shipping rates vs usps,0.709,"google,yahoo"
2026-10-09,US,science,solar flare,solar flare 11/11/2025,0.706,"bing,ddg"
2026-10-09,US,economy,labor market,labor market theory,0.705,bing
2026-10-09,US,science,solar flare,1972 solar flare,0.703,"bing,ddg"
2026-10-09,US,economy,applications of game,applications of game 3 ball,0.703,yahoo
2026-10-09,US,economy,Litsea bennettii,litsea bennettii variegated,0.703,yahoo
2026-10-09,US,it,ros2 joint trajectory,ros2 joint trajectory video,0.703,yahoo
2026-10-09,US,economy,saas metrics,saas metrics nrr,0.703,"bing,ddg"
2026-10-09,US,economy,shipping rates,shipping rates ups vs fedex,0.703,google
2026-10-09,US,science,solar flare,solar flare 2025 prediction,0.703,yahoo
2026-10-09,US,economy,applications of game,uses of chess game,0.702,google
2026-10-09,US,it,sbom,sbom jobs,0.701,google
2026-10-09,US,economy,labor market,labor market equilibrium graph,0.7,"bing,ddg,google,yahoo"
2026-10-09,US,economy,labor market,labor market impact assessment,0.7,"google,bing,yahoo,ddg"
2026-10-09,US,it,sbom,sbom psirt,0.7,"bing,ddg"
2026-10-09,US,economy,applications of game,game show applications 2025,0.699,"bing,ddg"
2026-10-09,US,economy,saas metrics,saas retention metrics,0.698,google
2026-10-09,US,science,solar flare,solar flare 1800's emp,0.698,yahoo
2026-10-09,US,it,ros2 joint trajectory,go2_ros2,0.693,bing
2026-10-09,US,economy,Litsea bennettii,litsea bennettii hydrangea,0.693,yahoo
2026-10-09,US,economy,Ranunculus multiscapus,ranunculus multiscapus 7.5,0.693,yahoo
2026-10-09,US,economy,saas metrics,saas metrics with the same,0.693,yahoo
2026-10-09,US,it,sbom,sbom provisions,0.693,"bing,ddg"
2026-10-09,US,it,sbom,sbom vex format,0.693,"bing,ddg"
2026-10-09,US,economy,shipping rates,shipping charges ka matlab,0.693,google
2026-10-09,US,economy,shipping rates,shipping rates on poshmark,0.693,yahoo
2026-10-09,US,science,solar flare,solar flare mum,0.693,"bing,ddg"
2026-10-09,US,science,solar flare,solar flare sus,0.693,"bing,ddg"
2026-10-09,US,economy,saas metrics,saas metric units,0.692,yahoo
2026-10-09,US,science,solar flare,solar flare civ 6,0.692,google
2026-10-09,US,it,sbom,sbom ncsc,0.69,"bing,ddg"
2026-10-09,US,science,solar flare,solar flare april 8,0.69,yahoo
2026-10-09,US,science,solar flare,solar flare website,0.69,"bing,yahoo,ddg"
2026-10-09,US,economy,applications of game,purpose code z is used for,0.689,"bing,ddg"
2026-10-09,US,economy,saas metrics,saas metrics and performance analytics,0.689,google
2026-10-09,US,economy,saas metrics,saas metrics reporting netsuite,0.689,google
2026-10-09,US,economy,saas metrics,saas unicorn hro employee login,0.689,yahoo
2026-10-09,US,economy,shipping rates,shipping charges kitna hai in english,0.689,google
2026-10-09,US,science,solar flare,solar flare 1859 telegraph,0.689,"bing,ddg"
2026-10-09,US,economy,shipping rates,shipping cost 400 lbs,0.688,google
2026-10-09,US,economy,applications of game,uses of computer game,0.688,google
2026-10-09,US,economy,labor market,labor market support,0.686,"bing,ddg"
2026-10-09,US,economy,applications of game,applications of game 2026,0.683,yahoo
2026-10-09,US,economy,Ranunculus multiscapus,ranunculus multiscapus 16,0.683,yahoo
2026-10-09,US,economy,Ranunculus multiscapus,ranunculus multiscapus 40,0.683,yahoo
2026-10-09,US,it,ros2 joint trajectory,ros2 joint trajectory pdf,0.683,yahoo
2026-10-09,US,it,sbom,sbom alternative medicine,0.683,yahoo
2026-10-09,US,economy,shipping rates,xpressbees shipping rates,0.683,google
2026-10-09,US,science,solar flare,solar.flare 46oz,0.682,google
2026-10-09,US,it,ros2 joint trajectory,ros/ros2,0.68,"bing,ddg"
2026-10-09,US,it,sbom,zephyr sbom generation,0.68,google
2026-10-09,US,economy,applications of game,applications of 3d images,0.679,"bing,ddg"
2026-10-09,US,economy,shipping rates,shipping fee kakobuy,0.678,google
2026-10-09,US,economy,Litsea bennettii,litsea bennettii juniper,0.673,yahoo
2026-10-09,US,it,ros2 joint trajectory,ros2 joint trajectory 07,0.673,yahoo
2026-10-09,US,economy,applications of game,applications of 5g and ai in transportation,0.671,"bing,ddg"
2026-10-09,US,economy,shipping rates,shipping rates china to usa per kg,0.671,"bing,ddg"
2026-10-09,US,it,ros2 joint trajectory,ros 2.0,0.67,"bing,ddg"
2026-10-09,US,economy,shipping rates,shipping rates 99,0.67,yahoo
2026-10-09,US,economy,saas metrics,saas metrics website,0.667,"google,yahoo"
2026-10-09,US,it,sbom,scom 7330 for sale,0.666,"bing,ddg"
2026-10-09,US,science,solar flare,solar flare on sun,0.666,"bing,ddg"
2026-10-09,US,economy,Litsea bennettii,litsea bennettii cactus,0.663,yahoo
2026-10-09,US,science,solar flare,solar flare nintendo 64,0.663,google
2026-10-09,US,science,solar flare,solar flare what is it,0.663,"google,bing,ddg"
2026-10-09,US,economy,saas metrics,saas metrics executive summit,0.661,"bing,ddg"
2026-10-09,US,economy,shipping rates,postage rates 9x6 envelope,0.66,google
2026-10-09,US,economy,saas metrics,saas metrics wsp,0.66,google
2026-10-09,US,it,sbom,sbo711,0.66,"bing,ddg"
2026-10-09,US,it,sbom,sbom json format,0.66,"google,bing,ddg"
2026-10-09,US,it,sbom,zscaler sbom,0.66,google
2026-10-09,US,science,solar flare,solar flare outage book,0.659,"bing,ddg"
2026-10-09,US,economy,applications of game,the game 4 for download,0.659,"bing,ddg"
2026-10-09,US,economy,shipping rates,shipping rates oil,0.658,yahoo
2026-10-09,US,economy,shipping rates,xps shipping rates,0.658,google
2026-10-09,US,it,sbom,sbom ntia,0.657,google
2026-10-09,US,economy,applications of game,games from a to z,0.656,"bing,ddg"
2026-10-09,US,science,solar flare,solar flare macro,0.656,"bing,ddg"
2026-10-09,US,economy,labor market,labor market definition economics,0.655,"google,bing,yahoo"
2026-10-09,US,economy,Litsea bennettii,litsea bennettii shrub,0.653,yahoo
2026-10-09,US,economy,shipping rates,shipping rates x plane,0.653,yahoo
2026-10-09,US,economy,shipping rates,shipping rates by truck size,0.651,"bing,ddg"
2026-10-09,US,it,sbom,sbom visualizer,0.65,"google,bing,ddg"
2026-10-09,US,economy,shipping rates,shipping rates oil tankers,0.649,google
2026-10-09,US,economy,shipping rates,shipping rates shopify,0.649,"bing,ddg"
2026-10-09,US,it,ros2 joint trajectory,what is joint with ros,0.649,"bing,ddg"
2026-10-09,US,economy,labor market,labor market info,0.648,yahoo
2026-10-09,US,economy,saas metrics,saas metrics blog,0.648,google
2026-10-09,US,science,solar flare,solar flare 1980s,0.648,google
2026-10-09,US,economy,saas metrics,saas metrics ltv,0.646,"bing,ddg"
2026-10-09,US,science,solar flare,solar flare size,0.646,"bing,ddg"
2026-10-09,US,economy,applications of game,the game 4 guide,0.646,"bing,ddg"
2026-10-09,US,economy,shipping rates,freight rates 40 foot container,0.644,google
2026-10-09,US,economy,shipping rates,shipping charges kam kaise kare,0.644,google
2026-10-09,US,economy,shipping rates,shipping rates of lbc international,0.644,yahoo
2026-10-09,US,economy,saas metrics,saas metrics bessemer,0.643,google
2026-10-09,US,economy,shipping rates,shipping rates of lbc,0.643,google
2026-10-09,US,it,ros2 joint trajectory,how to install ros2,0.642,bing
2026-10-09,US,it,sbom,sbom process,0.642,google
2026-10-09,US,economy,applications of game,alternatives to video games,0.641,"bing,ddg"
2026-10-09,US,it,sbom,sbom alternative airlines,0.639,yahoo
2026-10-09,US,it,ros2 joint trajectory,ros2 /map,0.638,bing
2026-10-09,US,science,solar flare,solar flare 2022,0.638,yahoo
2026-10-09,US,science,solar flare,solar flare 1900s,0.637,"google,yahoo"
2026-10-09,US,economy,labor market,labor market 5 years,0.633,yahoo
2026-10-09,US,economy,saas metrics,saas revenue metrics,0.633,google
2026-10-09,US,it,sbom,sbom news,0.633,"bing,ddg"
2026-10-09,US,it,sbom,sbor zbor,0.633,"bing,ddg"
2026-10-09,US,economy,shipping rates,shipping rates kenya,0.633,yahoo
2026-10-09,US,economy,shipping rates,shipping ville rates,0.633,google
2026-10-09,US,science,solar flare,solar flare mario 64,0.633,google
2026-10-09,US,economy,saas metrics,saas metrics benchmarks,0.63,"google,bing,yahoo,ddg"
2026-10-09,US,it,sbom,sbom johner,0.63,"bing,ddg"
2026-10-09,US,science,solar flare,solar flare 2,0.63,"google,bing,ddg"
2026-10-09,US,science,solar flare,solar flare 11/12/25,0.629,"bing,ddg"
2026-10-09,US,science,solar flare,solar flare 19th century,0.629,yahoo
2026-10-09,US,economy,shipping rates,shipping rates on shopify,0.628,"google,yahoo"
2026-10-09,US,science,solar flare,solar flare 434,0.628,google
2026-10-09,US,science,solar flare,solar storm 880,0.628,google
2026-10-09,US,science,solar flare,solar flare 5e,0.626,"bing,ddg"
2026-10-09,US,economy,saas metrics,saas metrics used to measure,0.624,yahoo
2026-10-09,US,economy,Litsea bennettii,litsea bennettii 04,0.623,yahoo
2026-10-09,US,economy,Litsea bennettii,litsea bennettii 49,0.623,yahoo
2026-10-09,US,economy,Litsea bennettii,litsea bennettii 96,0.623,yahoo
2026-10-09,US,economy,saas metrics,saas unit economics,0.623,yahoo
2026-10-09,US,economy,shipping rates,shipping cost 4 lbs,0.623,google
2026-10-09,US,it,sbom,sbom policy,0.621,"google,bing"
2026-10-09,US,economy,labor market,labor market indicators,0.619,yahoo
2026-10-09,US,science,solar flare,solar flare weed strain,0.619,google
2026-10-09,US,economy,applications of game,uses of game controller,0.619,google
2026-10-09,US,economy,saas metrics,saas ui design,0.618,yahoo
2026-10-09,US,economy,shipping rates,j&t shipping rates,0.613,google
2026-10-09,US,economy,shipping rates,shipping rates 750,0.613,yahoo
2026-10-09,US,it,sbom,sbom .net,0.612,google
2026-10-09,US,economy,shipping rates,shipping rates to canada,0.611,"bing,ddg"
2026-10-09,US,economy,labor market,labor market explorer,0.61,"bing,ddg,google,yahoo"
2026-10-09,US,it,sbom,sbom vs bom,0.61,"google,bing"
2026-10-09,US,science,solar flare,solar flare march 2026,0.609,yahoo
2026-10-09,US,economy,applications of game,applications of 5g technology,0.604,"bing,ddg"
2026-10-09,US,science,solar flare,solar flare september 2026,0.604,yahoo
2026-10-09,US,economy,labor market,labor market discrimination,0.603,"google,yahoo"
2026-10-09,US,economy,shipping rates,shipping rates 40,0.603,yahoo
2026-10-09,US,economy,applications of game,applications of combinatorial game theory,0.6,google
2026-10-09,US,economy,applications of game,applications of game 5 analysis,0.6,yahoo
2026-10-09,US,economy,applications of game,applications of game alternative to,0.6,yahoo
2026-10-09,US,economy,applications of game,can applications of game theory,0.6,yahoo
2026-10-09,US,it,ros2 joint trajectory,how ros2 joint trajectory model,0.6,yahoo
2026-10-09,US,economy,labor market,labor market alternative definition,0.6,yahoo
2026-10-09,US,economy,shipping rates,postage rates xmas cards australia,0.6,google
2026-10-09,US,economy,Ranunculus multiscapus,ranunculus multiscapus 4 gallon,0.6,yahoo
2026-10-09,US,economy,Ranunculus multiscapus,ranunculus multiscapus 7 gallon,0.6,yahoo
2026-10-09,US,it,ros2 joint trajectory,ros2 joint trajectory prediction,0.6,yahoo
2026-10-09,US,economy,shipping rates,shipping rates online,0.599,yahoo
2026-10-09,US,economy,shipping rates,shipping rates vinted,0.599,google
2026-10-09,US,science,solar flare,solar flare wallpaper,0.596,"bing,yahoo,ddg"
2026-10-09,US,economy,applications of game,alternatives to game changer,0.594,"bing,ddg"
2026-10-09,US,economy,shipping rates,shipping rates on whatnot,0.594,google
2026-10-09,US,economy,saas metrics,saas metrics 3.5,0.593,yahoo
2026-10-09,US,economy,saas metrics,saas metrics 9th,0.593,yahoo
2026-10-09,US,it,sbom,sb 72,0.593,"bing,ddg"
2026-10-09,US,science,solar flare,solar flare 1972,0.593,google
2026-10-09,US,science,solar flare,solar flare 8000,0.593,google
2026-10-09,US,economy,applications of game,use of game card,0.593,google
2026-10-09,US,economy,applications of game,applications of game 3 player,0.59,yahoo
2026-10-09,US,economy,shipping rates,pirate shipping rates vs usps,0.59,yahoo
2026-10-09,US,economy,Ranunculus multiscapus,ranunculus multiscapus orange,0.59,yahoo
2026-10-09,US,it,ros2 joint trajectory,ros2 joint trajectory network,0.59,yahoo
2026-10-09,US,it,ros2 joint trajectory,ros2 joint trajectory vs line,0.59,yahoo
2026-10-09,US,it,ros2 joint trajectory,ros2 joint trajectory with 25,0.59,yahoo
2026-10-09,US,economy,saas metrics,saas metrics wall street prep,0.59,google
2026-10-09,US,economy,shipping rates,shipping charges kya hota hai,0.59,google
2026-10-09,US,economy,shipping rates,shipping cost 40 ft container,0.59,google
2026-10-09,US,economy,shipping rates,shipping cost 40 lbs,0.589,google
2026-10-09,US,science,solar flare,solar flare wizard alchemy,0.589,"bing,yahoo,ddg"
2026-10-09,US,economy,labor market,labor market exchange,0.587,"bing,google,ddg"
2026-10-09,US,economy,applications of game,applications of 3d scanners,0.584,"bing,ddg"
2026-10-09,US,economy,shipping rates,shipping rates and times,0.584,google
2026-10-09,US,economy,shipping rates,shipping rates by truckload,0.584,"bing,ddg"
2026-10-09,US,science,solar flare,solar flare miners haven,0.584,yahoo
2026-10-09,US,economy,labor market,force labor 301,0.583,google
2026-10-09,US,economy,labor market,labor market 30,0.583,yahoo
2026-10-09,US,economy,saas metrics,saas metrics 50,0.583,yahoo
2026-10-09,US,economy,applications of game,applications of game 4 years,0.58,yahoo
2026-10-09,US,economy,applications of game,applications of game control,0.58,yahoo
2026-10-09,US,economy,labor market,labor market without borders,0.58,yahoo
2026-10-09,US,economy,Ranunculus multiscapus,ranunculus multiscapus plant,0.58,yahoo
2026-10-09,US,it,ros2 joint trajectory,ros2 joint trajectory system,0.58,yahoo
2026-10-09,US,economy,saas metrics,saas metrics arr mrr cac ltv,0.58,google
2026-10-09,US,economy,saas metrics,saas metrics with quickbooks,0.58,yahoo
2026-10-09,US,it,sbom,sbom with examples,0.58,"bing,ddg"
2026-10-09,US,it,sbom,sbom nexus,0.578,google
2026-10-09,US,economy,shipping rates,shipping rates via ups,0.577,yahoo
2026-10-09,US,it,sbom,sbom spdx,0.576,"bing,ddg"
2026-10-09,US,economy,shipping rates,shipping rates via usps,0.574,google
2026-10-09,US,science,solar flare,solar flare 60,0.573,yahoo
2026-10-09,US,economy,shipping rates,postage rates 9x12 envelope,0.57,google
2026-10-09,US,economy,Ranunculus multiscapus,ranunculus multiscapus care,0.57,yahoo
2026-10-09,US,economy,Ranunculus multiscapus,ranunculus multiscapus zone,0.57,yahoo
2026-10-09,US,economy,saas metrics,saas metrics book,0.57,"google,yahoo"
2026-10-09,US,science,solar flare,solar flare 1800s,0.57,"bing,ddg,google,yahoo"
2026-10-09,US,economy,shipping rates,xpo shipping rates,0.569,google
2026-10-09,US,it,sbom,sbom java,0.568,google
2026-10-09,US,it,sbom,sbom nri,0.566,"bing,ddg"
2026-10-09,US,it,sbom,sbom pdf,0.566,"bing,ddg"
2026-10-09,US,it,sbom,sbom vulnerability,0.566,"google,bing,ddg"
2026-10-09,US,economy,applications of game,applications a to z,0.561,"bing,ddg"
2026-10-09,US,science,solar flare,solar flare mlp,0.561,"google,bing,yahoo"
2026-10-09,US,science,solar flare,solar flares 4-9-25,0.561,"bing,ddg"
2026-10-09,US,economy,applications of game,applications of game zones,0.56,yahoo
2026-10-09,US,science,solar flare,solar flare 2024,0.56,"bing,google,yahoo,ddg"
2026-10-09,US,economy,saas metrics,saas user metrics,0.559,google
2026-10-09,US,economy,applications of game,google play game services alternatives,0.557,"bing,ddg"
2026-10-09,US,economy,shipping rates,shipping rates & tariffs fedex united kingdom,0.557,"bing,ddg"
2026-10-09,US,economy,shipping rates,shipping rates to china from usa,0.557,"bing,ddg"
2026-10-09,US,it,sbom,sbom purpose,0.553,google
2026-10-09,US,science,solar flare,solar flare movies,0.551,"bing,ddg"
2026-10-09,US,science,solar flare,solar flare orange,0.551,"bing,ddg"
2026-10-09,US,economy,applications of game,applications of game 2025,0.55,yahoo
2026-10-09,US,economy,Litsea bennettii,litsea bennettii japanese,0.55,yahoo
2026-10-09,US,economy,Ranunculus multiscapus,ranunculus multiscapus 10,0.55,yahoo
2026-10-09,US,it,sbom,sbom alternative halftime,0.55,yahoo
2026-10-09,US,science,solar flare,solar flare 1983,0.549,google
2026-10-09,US,economy,labor market,labor market demand,0.546,"google,bing,yahoo,ddg"
2026-10-09,US,science,solar flare,solar flare 2008,0.546,"google,bing,ddg"
2026-10-09,US,science,solar flare,solar flare superman,0.546,"google,bing,yahoo"
2026-10-09,US,economy,applications of game,uses of game console,0.544,google
2026-10-09,US,economy,applications of game,the game 4 for pc,0.541,"bing,ddg"
2026-10-09,US,it,ros2 joint trajectory,ros2 joint trajectory 01,0.54,yahoo
2026-10-09,US,it,ros2 joint trajectory,ros2 joint trajectory 95,0.54,yahoo
2026-10-09,US,economy,saas metrics,saas metrics 9th edition,0.54,yahoo
2026-10-09,US,science,solar flare,solar flare 2025,0.538,"google,yahoo"
2026-10-09,US,science,solar flare,solar flare wiki,0.538,"google,yahoo"
2026-10-09,US,economy,labor market,labor market issues,0.534,yahoo
2026-10-09,US,economy,saas metrics,saas metrics report,0.534,google
2026-10-09,US,it,sbom,sbom nedir,0.533,google
2026-10-09,US,economy,shipping rates,shipping rates on ebay,0.531,"bing,ddg,google,yahoo"
2026-10-09,US,economy,saas metrics,saas metrics rule of 40,0.53,google
2026-10-09,US,economy,shipping rates,shipping fee vs customs,0.53,google
2026-10-09,US,economy,shipping rates,shipping rates on depop,0.53,google
2026-10-09,US,economy,applications of game,applications of 3d printing,0.527,"bing,ddg"
2026-10-09,US,economy,shipping rates,shipping rates by transport,0.527,"bing,ddg"
2026-10-09,US,economy,saas metrics,saas metrics board,0.524,google
2026-10-09,US,economy,saas metrics,saas usage metrics,0.524,google
2026-10-09,US,it,sbom,sbom alternativeto,0.524,yahoo
2026-10-09,US,economy,shipping rates,shipping xbox cost,0.524,google
2026-10-09,US,science,solar flare,solar flare wikipedia,0.524,"bing,ddg"
2026-10-09,US,economy,labor market,job market alternative,0.52,google
2026-10-09,US,economy,Litsea bennettii,litsea bennettii holly,0.52,yahoo
2026-10-09,US,economy,Litsea bennettii,litsea bennettii seeds,0.52,yahoo
2026-10-09,US,economy,saas metrics,saas metric benchmarks,0.52,yahoo
2026-10-09,US,economy,saas metrics,saas metrics unlimited,0.52,yahoo
2026-10-09,US,economy,shipping rates,shipping rates karachi,0.52,yahoo
2026-10-09,US,science,solar flare,solar flare 8,0.519,google
2026-10-09,US,economy,labor market,job market 3026,0.517,google
2026-10-09,US,economy,shipping rates,shipping rate optimization,0.517,"bing,ddg"
2026-10-09,US,economy,applications of game,zero sum game applications,0.517,"bing,ddg"
2026-10-09,US,science,solar flare,solar flare 2012,0.515,"bing,google,ddg"
2026-10-09,US,it,sbom,scom 7330 controller,0.514,"bing,ddg"
2026-10-09,US,economy,Litsea bennettii,litsea bennettii care,0.51,yahoo
2026-10-09,US,economy,Litsea bennettii,litsea bennettii vine,0.51,yahoo
2026-10-09,US,science,solar flare,solar flare 6 charger,0.51,yahoo
2026-10-09,US,economy,labor market,labor market slack,0.509,"google,bing,ddg"
2026-10-09,US,it,sbom,sbom joycard,0.509,google
2026-10-09,US,it,sbom,sbom vs cbom,0.509,google
2026-10-09,US,it,sbom,spom 700,0.509,"bing,ddg"
2026-10-09,US,economy,labor market,labor market economics,0.506,"bing,ddg,google,yahoo"
2026-10-09,US,economy,shipping rates,shipping rates 2026,0.504,"bing,ddg"
2026-10-09,US,economy,shipping rates,shipping rates saks,0.504,"bing,ddg"
2026-10-09,US,science,solar flare,solar flare 4366,0.504,google
2026-10-09,US,economy,applications of game,google play games alternatives,0.5,"bing,ddg"
2026-10-09,US,it,ros2 joint trajectory,joint trajectory controller ros2,0.5,"bing,ddg"
2026-10-09,US,economy,Litsea bennettii,litsea bennettii 9mm,0.5,yahoo
2026-10-09,US,it,sbom,sbom json viewer,0.5,"google,bing,ddg"
2026-10-09,US,economy,shipping rates,shipping rates & tariffs fedex india,0.5,"bing,ddg"
2026-10-09,US,economy,shipping rates,shipping rates 7 day,0.5,yahoo
2026-10-09,US,economy,shipping rates,shipping rates x ray,0.5,yahoo
2026-10-09,US,economy,applications of game,wyo game and fish online applications,0.5,"bing,ddg"
2026-10-09,US,science,solar flare,solar flare 8.1,0.494,google
2026-10-09,US,economy,applications of game,the game 4 for ios,0.494,"bing,ddg"
2026-10-09,US,economy,labor market,labor market 5 year,0.49,yahoo
2026-10-09,US,economy,Litsea bennettii,litsea bennettii 01,0.49,yahoo
2026-10-09,US,economy,Litsea bennettii,litsea bennettii 40,0.49,yahoo
2026-10-09,US,it,sbom,sbom zabbix,0.49,google
2026-10-09,US,economy,shipping rates,shipping rates vlcc,0.49,google
2026-10-09,US,science,solar flare,solar flare 4runner,0.49,google
2026-10-09,US,economy,labor market,labor market edd,0.489,"bing,ddg,google"
2026-10-09,US,science,solar flare,solar flare music festival,0.489,"google,bing,yahoo,ddg"
2026-10-09,US,science,solar flare,solar flare song,0.489,"google,bing,ddg"
2026-10-09,US,it,sbom,sbom visualization,0.48,yahoo
2026-10-09,US,economy,shipping rates,shipping rates 4 5,0.48,yahoo
2026-10-09,US,economy,shipping rates,shipping rates 9 x,0.48,yahoo
2026-10-09,US,science,solar flare,solar flare sims 4,0.48,yahoo
2026-10-09,US,economy,labor market,wsj alternative labor market,0.48,"bing,ddg"
2026-10-09,US,economy,labor market,labor market segmentation,0.479,"google,bing,yahoo,ddg"
2026-10-09,US,it,sbom,sbom provenance,0.479,"google,bing,ddg"
2026-10-09,US,it,sbom,sbom parser,0.477,"google,bing,ddg"
2026-10-09,US,economy,applications of game,the game 4 for android,0.477,"bing,ddg"
2026-10-09,US,science,solar flare,solar flare 6,0.474,google
2026-10-09,US,science,solar flare,solar flare osrs,0.474,"bing,ddg"
2026-10-09,US,economy,applications of game,applications of 3d printers,0.47,"bing,ddg"
2026-10-09,US,it,sbom,sbom alternatives,0.47,google
2026-10-09,US,economy,applications of game,play to z games,0.464,"bing,ddg"
2026-10-09,US,science,solar flare,solarflare 4542,0.464,"bing,ddg"
2026-10-09,US,it,sbom,sbom scan,0.461,"bing,ddg"
2026-10-09,US,science,solar flare,solar flare sun,0.461,"google,bing,yahoo,ddg"
2026-10-09,US,economy,labor market,labor market 360,0.46,yahoo
2026-10-09,US,economy,saas metrics,saas metrics 3rd,0.46,yahoo
2026-10-09,US,economy,saas metrics,saas metrics 5th,0.46,yahoo
2026-10-09,US,economy,saas metrics,saas metrics acv,0.46,yahoo
2026-10-09,US,economy,saas metrics,usu saas metrics,0.46,google
2026-10-09,US,economy,saas metrics,sas metrics analysis,0.457,"bing,ddg"
2026-10-09,US,it,sbom,sbom nec,0.451,"bing,ddg"
2026-10-09,US,it,sbom,spom 741,0.451,"bing,ddg"
2026-10-09,US,economy,applications of game,applications of 555 timer,0.45,"bing,ddg"
2026-10-09,US,science,solar flare,solar flare 6 8,0.45,google
2026-10-09,US,science,solar flare,solar flare 8/1,0.45,yahoo
2026-10-09,US,science,solar flare,solar flare 80s,0.45,google
2026-10-09,US,science,solar flare,solar flare monitor,0.447,"bing,ddg"
2026-10-09,US,economy,applications of game,apps game 2026,0.44,google
2026-10-09,US,economy,applications of game,apps game zone,0.44,google
2026-10-09,US,economy,labor market,jobs market 32,0.44,google
2026-10-09,US,economy,labor market,labor force 50,0.44,google
2026-10-09,US,it,sbom,sbom vs sca,0.439,"google,bing,ddg"
2026-10-09,US,economy,applications of game,applications of 5g,0.437,"bing,ddg"
2026-10-09,US,science,solar flare,solar flare watch,0.437,"google,bing,yahoo,ddg"
2026-10-09,US,economy,labor market,labor market 2025,0.427,"bing,ddg"
2026-10-09,US,it,sbom,sbom nix,0.424,google
2026-10-09,US,it,sbom,sbom jfrog,0.422,"google,bing,ddg"
2026-10-09,US,it,sbom,sbom program,0.42,yahoo
2026-10-09,US,science,solar flare,solar flare movie,0.414,"google,yahoo"
2026-10-09,US,it,sbom,sbom zephyr,0.41,google
2026-10-09,US,economy,labor market,labor market index,0.409,"google,bing,yahoo,ddg"
2026-10-09,US,it,sbom,sbom npm,0.409,"google,bing,ddg"
2026-10-09,US,science,solar flare,solarflare 4522,0.407,"bing,ddg"
2026-10-09,US,it,sbom,scom 7k manual,0.397,"bing,ddg"
2026-10-09,US,science,solar flare,solar flare scale,0.392,"google,bing,yahoo,ddg"
2026-10-09,US,it,sbom,sbom zertifizierung,0.39,"bing,ddg"
2026-10-09,US,science,solar flare,solarflare 8000 40g,0.39,"bing,ddg"
2026-10-09,US,it,sbom,sbom python,0.388,"google,bing,ddg"
2026-10-09,US,it,sbom,sbom plugin,0.381,"google,bing,ddg"
2026-10-09,US,economy,applications of game,applications games,0.38,"bing,ddg"
2026-10-09,US,it,sbom,sbom jp ai,0.38,"bing,ddg"
2026-10-09,US,science,solar flare,solar flare map,0.372,"google,bing,yahoo,ddg"
2026-10-09,US,economy,labor market,labor market example,0.371,"bing,ddg,google,yahoo"
2026-10-09,US,science,solar flare,solar flare weather,0.361,"google,bing,yahoo,ddg"
2026-10-09,US,it,sbom,scom 7330 manual,0.36,"bing,ddg"
2026-10-09,US,science,solar flare,solar flare 2026,0.36,"google,yahoo"
2026-10-09,US,economy,labor market,labor market equilibrium,0.354,"bing,ddg,google,yahoo"
2026-10-09,US,it,sbom,sbom with tools,0.35,"bing,ddg"
2026-10-09,US,science,solar flare,solar flare storm,0.341,"google,bing,yahoo,ddg"
2026-10-09,US,economy,labor market,labor market synonym,0.333,"google,bing,yahoo,ddg"
2026-10-09,US,science,solar flare,solar flare 4k,0.329,"google,bing,ddg"
2026-10-09,US,it,sbom,bom dia,0.327,"bing,ddg"
2026-10-09,US,science,solar flare,solar flare meaning,0.323,"google,bing,yahoo,ddg"
2026-10-09,US,science,solar flare,solar flare 1989,0.317,"bing,ddg,yahoo"
2026-10-09,US,it,sbom,sbom viewer,0.31,"google,bing,yahoo,ddg"
2026-10-09,US,it,sbom,sbom nist,0.304,"google,bing,ddg"
2026-10-09,US,it,sbom,sbom nis2,0.29,"bing,ddg"
2026-10-09,US,science,solar flare,solar flare 1859,0.274,"bing,ddg,google,yahoo"
2026-10-09,US,science,solar flare,solar flare warning,0.247,"google,bing,yahoo,ddg"
2026-10-09,US,it,sbom,sbom vex,0.237,"google,bing,ddg"
