date,market,cat,seed,term,score,engines
2026-10-10,CN,economy,2026年伊朗戰爭的經濟影響,伊朗2026战争几月几号开始的,0.85,baidu
2026-10-10,CN,economy,2026年伊朗戰爭的經濟影響,2026战争伊朗死了多少了,0.83,baidu
2026-10-10,CN,science,硤合反應,合成反应是吸热还是放热反应,0.83,baidu
2026-10-10,CN,it,計算機器與智慧,大学计算机课程智慧学练平台,0.83,baidu
2026-10-10,CN,it,計算機器與智慧,智能计算机与应用期刊怎么样,0.83,baidu
2026-10-10,CN,science,绿氢,国内绿氢最具竞争力的企业,0.82,baidu
2026-10-10,CN,it,計算機器與智慧,计算智能和人工智能的区别,0.82,baidu
2026-10-10,CN,it,計算機器與智慧,计算机智能技术是学什么的,0.82,baidu
2026-10-10,CN,it,計算機器與智慧,计算机跟人工智能有关系吗,0.82,baidu
2026-10-10,CN,economy,2026年伊朗戰爭的經濟影響,2026年伊朗战争胜者,0.81,baidu
2026-10-10,CN,science,催化剂,催化剂为什么能加速反应,0.81,baidu
2026-10-10,CN,science,催化剂,催化剂能不能提高选择性,0.81,baidu
2026-10-10,CN,science,硤合反應,合成反应都是放热反应吗,0.81,baidu
2026-10-10,CN,science,德克萨斯大学健康科学中心排名,幼儿园期末汇报家长建议,0.81,baidu
2026-10-10,CN,economy,碳税,碳税和碳交易哪个更有效,0.81,baidu
2026-10-10,CN,it,計算機器與智慧,上计算与智能技术导论需要的教材,0.806,baidu
2026-10-10,CN,it,riscv芯片是杂牌还是名牌,riscv芯片有哪些,0.8,baidu
2026-10-10,CN,other,紫砂壶,紫砂壶能不能用牙膏洗,0.8,baidu
2026-10-10,CN,other,紫砂壶,紫砂壶黑色是什么泥料,0.8,baidu
2026-10-10,CN,economy,2026年伊朗戰爭的經濟影響,2026年8月伊朗是否在打仗,0.796,baidu
2026-10-10,CN,economy,2026年伊朗戰爭的經濟影響,伊朗战争2026年3月19日,0.796,baidu
2026-10-10,CN,other,紫砂壶,紫砂壶为什么不能用洗洁精清洗,0.796,baidu
2026-10-10,CN,it,計算機器與智慧,计算机与人工智能课程上课课本,0.796,baidu
2026-10-10,CN,economy,2026年伊朗戰爭的經濟影響,伊朗战争半年后局势,0.79,baidu
2026-10-10,CN,economy,碳税,碳价格和碳税的区别,0.79,baidu
2026-10-10,CN,economy,碳税,碳关税影响哪里行业,0.79,baidu
2026-10-10,CN,other,紫砂壶,紫砂壶怎么养出包浆,0.79,baidu
2026-10-10,CN,other,紫砂壶,邵慧琴紫砂壶多少钱,0.79,baidu
2026-10-10,CN,science,催化剂,催化剂为什么能改变反应历程,0.786,baidu
2026-10-10,CN,science,硤合反應,合成反应一般是放热还是吸热,0.786,baidu
2026-10-10,CN,it,eBPF,ebp是什么意思,0.78,baidu
2026-10-10,CN,economy,2026年伊朗戰爭的經濟影響,伊朗战争分析报告,0.78,baidu
2026-10-10,CN,science,催化剂,催化剂多少钱一桶,0.78,baidu
2026-10-10,CN,science,催化剂,催化剂是什么成分,0.78,baidu
2026-10-10,CN,economy,碳税,碳关税大白话解释,0.78,baidu
2026-10-10,CN,science,绿氢,绿氢的用途有哪些,0.78,baidu
2026-10-10,CN,it,計算機器與智慧,计算与智能教指委,0.78,baidu
2026-10-10,CN,it,計算機器與智慧,计算机与智能软件,0.78,baidu
2026-10-10,CN,science,催化剂,催化剂能不能改变反应历程,0.776,baidu
2026-10-10,CN,it,計算機器與智慧,智能与计算专业好不好就业,0.776,baidu
2026-10-10,CN,other,紫砂壶,紫砂壶最建议买的三个壶型,0.776,baidu
2026-10-10,CN,science,催化剂,终于有人把催化剂说清楚了,0.776,baidu
2026-10-10,CN,science,催化剂,催化剂怎么更换,0.77,baidu
2026-10-10,CN,science,催化剂,催化剂选什么好,0.77,baidu
2026-10-10,CN,science,硤合反應,合成反应是什么,0.77,baidu
2026-10-10,CN,science,德克萨斯大学健康科学中心排名,学生尿床怎么办,0.77,baidu
2026-10-10,CN,other,紫砂壶,紫砂壶为什么好,0.77,baidu
2026-10-10,CN,other,紫砂壶,紫砂壶入门课程,0.77,baidu
2026-10-10,CN,science,硤合反應,络合是什么反应,0.77,baidu
2026-10-10,CN,science,绿氢,绿氢怎么做电池,0.77,baidu
2026-10-10,CN,it,riscv芯片是杂牌还是名牌,risc芯片是什么意思,0.766,baidu
2026-10-10,CN,science,催化剂,催化剂怎么改变反应历程,0.766,baidu
2026-10-10,CN,it,eBPF,ebpf用法,0.76,baidu
2026-10-10,CN,science,催化剂,催化剂znt,0.76,baidu
2026-10-10,CN,science,催化剂,催化剂怎么做,0.76,baidu
2026-10-10,CN,other,紫砂壶,紫砂壶哪里的,0.76,baidu
2026-10-10,CN,science,绿氢,绿氢的优缺点,0.76,baidu
2026-10-10,CN,science,德克萨斯大学健康科学中心排名,德克萨斯大学官网入口,0.756,baidu
2026-10-10,CN,other,紫砂壶,紫砂壶风釉是什么意思,0.756,baidu
2026-10-10,CN,science,绿氢,绿氢怎么保护国家安全,0.756,baidu
2026-10-10,CN,it,計算機器與智慧,计算机智科专业怎么样,0.756,baidu
2026-10-10,CN,science,催化剂,催化剂为什么能降低反应活化能,0.751,baidu
2026-10-10,CN,other,紫砂壶,紫砂壶能不能用茶垢清洗剂清洗,0.751,baidu
2026-10-10,CN,science,硤合反應,合成反应器,0.75,baidu
2026-10-10,CN,economy,碳税,碳关税申报,0.75,baidu
2026-10-10,CN,science,绿氢,绿氢的用途,0.75,baidu
2026-10-10,CN,it,eBPF,ebpay是哪国的,0.746,baidu
2026-10-10,CN,science,催化剂,催化剂十大品牌介绍,0.746,baidu
2026-10-10,CN,economy,碳税,碳税和碳关税的区别,0.746,baidu
2026-10-10,CN,other,紫砂壶,紫砂壶怎么鉴别真假,0.746,baidu
2026-10-10,CN,science,绿氢,绿氢将改变能源格局,0.746,baidu
2026-10-10,CN,other,紫砂壶,雀国云紫砂壶多少钱,0.746,baidu
2026-10-10,CN,it,計算機器與智慧,计算机与人工智能课本电子版,0.741,baidu
2026-10-10,CN,it,eBPF,ebtf,0.74,baidu
2026-10-10,CN,science,硤合反應,加合反应,0.74,baidu
2026-10-10,CN,economy,碳税,国内碳税,0.74,baidu
2026-10-10,CN,economy,碳税,碳税报告,0.74,baidu
2026-10-10,CN,science,绿氢,绿氢装置,0.74,baidu
2026-10-10,CN,it,eBPF,ebpf哪些厂商,0.736,baidu
2026-10-10,CN,it,eBPF,ebp的中文意思,0.736,baidu
2026-10-10,CN,science,催化剂,催化剂多少钱一块,0.736,baidu
2026-10-10,CN,science,催化剂,催化剂的工作原理,0.736,baidu
2026-10-10,CN,science,硤合反應,化合反应会放热吗,0.736,baidu
2026-10-10,CN,science,硤合反應,反应的综合体下载,0.736,baidu
2026-10-10,CN,other,紫砂壶,紫砂壶哪里做的好,0.736,baidu
2026-10-10,CN,other,紫砂壶,紫砂壶能不能加热,0.736,baidu
2026-10-10,CN,science,绿氢,绿氢是干什么用的,0.736,baidu
2026-10-10,CN,it,計算機器與智慧,计算机与智能技术,0.736,baidu
2026-10-10,CN,science,催化剂,铂金催化剂是什么,0.736,baidu
2026-10-10,CN,it,計算機器與智慧,为什么计算机不是人工智能,0.731,baidu
2026-10-10,CN,science,催化剂,催化剂能不能减慢反应速率,0.731,baidu
2026-10-10,CN,science,绿氢,千亿巨头绿氢产能全面提速,0.731,baidu
2026-10-10,CN,it,計算機器與智慧,计算与智能科学是什么专业,0.731,baidu
2026-10-10,CN,it,計算機器與智慧,什么是智慧计算,0.726,baidu
2026-10-10,CN,economy,碳税,征收碳税的好处,0.726,baidu
2026-10-10,CN,other,紫砂壶,紫砂壶正确拿法,0.726,baidu
2026-10-10,CN,science,绿氢,绿氢能源是什么,0.726,baidu
2026-10-10,CN,science,硤合反應,铬合反应是什么意思,0.723,baidu
2026-10-10,CN,it,eBPF,ebpf原理,0.716,baidu
2026-10-10,CN,it,eBPF,ebpf安装,0.716,baidu
2026-10-10,CN,science,德克萨斯大学健康科学中心排名,怎样钓苦花鱼,0.716,baidu
2026-10-10,CN,science,绿氢,绿氢将纳入能源消耗吗,0.711,baidu
2026-10-10,CN,it,計算機器與智慧,计算机与人工智能关系,0.711,baidu
2026-10-10,CN,economy,碳税,碳关税价格,0.706,baidu
2026-10-10,CN,it,eBPF,ebf是什么的简称,0.701,baidu
2026-10-10,CN,science,催化剂,催化剂哪生产的最好,0.701,baidu
2026-10-10,CN,science,催化剂,催化剂多少钱一立方,0.701,baidu
2026-10-10,CN,economy,碳税,碳税和碳交易的区别,0.701,baidu
2026-10-10,CN,other,紫砂壶,紫砂壶为什么这么贵,0.701,baidu
2026-10-10,CN,other,紫砂壶,紫砂壶怎么清洗茶垢,0.701,baidu
2026-10-10,CN,economy,碳税,碳排放税,0.696,baidu
2026-10-10,CN,it,eBPF,ebfp蛋白用法,0.691,baidu
2026-10-10,CN,science,催化剂,催化剂是什么材料,0.691,baidu
2026-10-10,CN,science,硤合反應,合成反应放大效应,0.691,baidu
2026-10-10,CN,other,紫砂壶,紫砂壶是什么做的,0.691,baidu
2026-10-10,CN,science,绿氢,绿氢怎么代替燃油,0.691,baidu
2026-10-10,CN,other,紫砂壶,鸣远紫砂壶多少钱,0.691,baidu
2026-10-10,CN,science,催化剂,催化剂能不能提高平衡产率,0.687,baidu
2026-10-10,CN,other,紫砂壶,紫砂壶怎么养出包浆才漂亮,0.687,baidu
2026-10-10,CN,other,紫砂壶,紫砂壶能不能在电陶炉上煮,0.687,baidu
2026-10-10,CN,it,計算機器與智慧,计算机与智能科学大学排名,0.687,baidu
2026-10-10,CN,it,eBPF,ebp怎么用的,0.681,baidu
2026-10-10,CN,science,德克萨斯大学健康科学中心排名,朝晖一区二手房,0.681,baidu
2026-10-10,CN,economy,碳税,碳关税cbam,0.681,baidu
2026-10-10,CN,other,紫砂壶,紫砂壶哪里产的,0.681,baidu
2026-10-10,CN,other,紫砂壶,紫砂壶推荐贴吧,0.681,baidu
2026-10-10,CN,economy,2026年伊朗戰爭的經濟影響,伊朗经济战争是什么意思,0.677,baidu
2026-10-10,CN,it,計算機器與智慧,智能与计算机专业学什么,0.677,baidu
2026-10-10,CN,other,紫砂壶,黄龙山原矿紫砂壶多少钱,0.677,baidu
2026-10-10,CN,it,eBPF,ebpf工具,0.671,baidu
2026-10-10,CN,it,eBPF,ebp啥意思,0.671,baidu
2026-10-10,CN,it,eBPF,ebs多少钱,0.671,baidu
2026-10-10,CN,science,催化剂,zsm催化剂,0.671,baidu
2026-10-10,CN,science,催化剂,催化剂怎么写,0.671,baidu
2026-10-10,CN,economy,碳税,碳税等于多少,0.671,baidu
2026-10-10,CN,it,eBPF,ebpf技术有什么用,0.667,baidu
2026-10-10,CN,other,紫砂壶,紫砂壶哪里的好最正宗,0.667,baidu
2026-10-10,CN,science,硤合反應,化合反应能够发生的条件是什么,0.662,baidu
2026-10-10,CN,other,紫砂壶,紫砂壶视频,0.661,baidu
2026-10-10,CN,it,eBPF,ebpf 技术介绍,0.657,baidu
2026-10-10,CN,science,催化剂,催化剂改变反应速率,0.657,baidu
2026-10-10,CN,other,紫砂壶,紫砂壶为什么叫紫砂,0.657,baidu
2026-10-10,CN,other,紫砂壶,紫砂壶哪里产的是正宗紫砂壶,0.652,baidu
2026-10-10,CN,science,催化剂,催化剂d,0.651,baidu
2026-10-10,CN,it,計算機器與智慧,智算机矿,0.651,baidu
2026-10-10,CN,science,绿氢,绿氢制造,0.651,baidu
2026-10-10,CN,science,绿氢,绿氢纯化,0.651,baidu
2026-10-10,CN,science,催化剂,催化剂多少钱一吨,0.647,baidu
2026-10-10,CN,science,催化剂,催化剂有哪些作用,0.647,baidu
2026-10-10,CN,science,催化剂,催化剂怎么降低反应活化能,0.642,baidu
2026-10-10,CN,it,計算機器與智慧,计算机基础与智能技术导论,0.642,baidu
2026-10-10,CN,science,绿氢,绿氢能,0.641,baidu
2026-10-10,CN,science,催化剂,北京现代ix35三元催化剂多少钱,0.638,baidu
2026-10-10,CN,it,計算機器與智慧,大学计算机教程计算与人工智能导论,0.638,baidu
2026-10-10,CN,it,計算機器與智慧,计算思维与人工智能为什么要强调关,0.638,baidu
2026-10-10,CN,it,eBPF,ebsd多少钱,0.637,baidu
2026-10-10,CN,science,硤合反應,中合反应是什么,0.637,baidu
2026-10-10,CN,science,硤合反應,合成反应类工艺,0.637,baidu
2026-10-10,CN,other,紫砂壶,紫砂壶推荐理由,0.637,baidu
2026-10-10,CN,science,绿氢,绿氢的两个优点,0.637,baidu
2026-10-10,CN,it,計算機器與智慧,计算机智慧课堂,0.637,baidu
2026-10-10,CN,science,催化剂,催化剂为什么能提高产率,0.632,baidu
2026-10-10,CN,other,紫砂壶,紫砂壶为什么不能泡绿茶,0.632,baidu
2026-10-10,CN,economy,碳税,什么叫碳关税,0.627,baidu
2026-10-10,CN,science,催化剂,催化剂的排名,0.627,baidu
2026-10-10,CN,science,硤合反應,核反应结合能,0.627,baidu
2026-10-10,CN,other,紫砂壶,紫砂壶是什么,0.627,baidu
2026-10-10,CN,science,绿氢,绿氢怎么获得,0.627,baidu
2026-10-10,CN,science,绿氢,绿氢生产工艺,0.627,baidu
2026-10-10,CN,it,計算機器與智慧,计算机与智能,0.627,baidu
2026-10-10,CN,science,催化剂,催化剂为什么能同等程度改变正逆反应速率,0.623,baidu
2026-10-10,CN,it,eBPF,ebpf技术通俗理解,0.622,baidu
2026-10-10,CN,science,催化剂,催化剂能不能降低焓变,0.622,baidu
2026-10-10,CN,science,绿氢,绿氢在能源领域的应用,0.622,baidu
2026-10-10,CN,science,绿氢,绿氢项目技术突破解析,0.622,baidu
2026-10-10,CN,science,催化剂,催化剂配方,0.617,baidu
2026-10-10,CN,economy,碳税,碳关税填报,0.617,baidu
2026-10-10,CN,other,紫砂壶,紫砂壶做法,0.617,baidu
2026-10-10,CN,science,绿氢,绿氢市场价,0.617,baidu
2026-10-10,CN,science,催化剂,催化剂多少钱一公斤,0.612,baidu
2026-10-10,CN,other,紫砂壶,紫砂壶怎么做的视频,0.612,baidu
2026-10-10,CN,other,紫砂壶,紫砂壶能不能用手盘,0.612,baidu
2026-10-10,CN,science,绿氢,绿氢多少钱一吨目前,0.612,baidu
2026-10-10,CN,other,紫砂壶,顾景舟紫砂壶多少钱,0.612,baidu
2026-10-10,CN,science,催化剂,催化剂怎么影响化学反应速率,0.608,baidu
2026-10-10,CN,other,紫砂壶,紫砂壶能不能在火炉上直接烧,0.608,baidu
2026-10-10,CN,it,eBPF,ebpm,0.607,baidu
2026-10-10,CN,science,催化剂,催化剂厂,0.607,baidu
2026-10-10,CN,science,绿氢,绿氢绿氧,0.607,baidu
2026-10-10,CN,economy,碳税,中国碳税最新税率,0.602,baidu
2026-10-10,CN,science,催化剂,催化剂是什么颜色,0.602,baidu
2026-10-10,CN,science,硤合反應,化合反应怎么理解,0.602,baidu
2026-10-10,CN,economy,2026年伊朗戰爭的經濟影響,战争重创伊朗经济,0.602,baidu
2026-10-10,CN,other,紫砂壶,紫砂壶是什么泥料,0.602,baidu
2026-10-10,CN,economy,2026年伊朗戰爭的經濟影響,2026年8月份伊朗战争,0.598,baidu
2026-10-10,CN,economy,2026年伊朗戰爭的經濟影響,伊朗战争后世界格局新动向,0.598,baidu
2026-10-10,CN,science,催化剂,催化剂为什么能降低活化能,0.598,baidu
2026-10-10,CN,other,紫砂壶,紫砂壶为什么有不同的颜色,0.598,baidu
2026-10-10,CN,other,紫砂壶,紫砂壶推荐哪一款比较好用,0.598,baidu
2026-10-10,CN,it,eBPF,ebp,0.597,baidu
2026-10-10,CN,it,eBPF,ebp表示什么,0.592,baidu
2026-10-10,CN,science,催化剂,催化剂干啥用的,0.592,baidu
2026-10-10,CN,other,紫砂壶,紫砂壶怎么保养,0.592,baidu
2026-10-10,CN,other,紫砂壶,紫砂壶推荐器形,0.592,baidu
2026-10-10,CN,it,eBPF,ebpf是啥时候引进的,0.588,baidu
2026-10-10,CN,science,硤合反應,化合反应一定释放能量吗,0.588,baidu
2026-10-10,CN,science,硤合反應,合成反应是吸能还是放能,0.588,baidu
2026-10-10,CN,it,eBPF,ebcc价格,0.582,baidu
2026-10-10,CN,science,催化剂,催化剂 原理,0.582,baidu
2026-10-10,CN,science,硤合反應,化合反应举例,0.582,baidu
2026-10-10,CN,it,計算機器與智慧,智慧树计算机,0.582,baidu
2026-10-10,CN,science,催化剂,催化剂能不能改变焓变,0.578,baidu
2026-10-10,CN,other,紫砂壶,紫砂壶哪里买比较正规,0.578,baidu
2026-10-10,CN,other,紫砂壶,紫砂壶是什么地方产的,0.578,baidu
2026-10-10,CN,it,計算機器與智慧,计算与智能技术导论教材电子版,0.573,baidu
2026-10-10,CN,it,eBPF,ebp品牌,0.572,baidu
2026-10-10,CN,science,催化剂,催化剂常用,0.572,baidu
2026-10-10,CN,economy,碳税,碳税怎么算,0.572,baidu
2026-10-10,CN,science,绿氢,绿氢怎么用,0.572,baidu
2026-10-10,CN,it,riscv芯片是杂牌还是名牌,riscv芯片区别,0.568,baidu
2026-10-10,CN,science,催化剂,催化剂用在哪些地方,0.568,baidu
2026-10-10,CN,other,紫砂壶,章燕明紫砂壶多少钱,0.568,baidu
2026-10-10,CN,other,紫砂壶,紫砂壶怎么开壶最好,0.568,baidu
2026-10-10,CN,science,绿氢,绿氢最受益的三个股,0.568,baidu
2026-10-10,CN,it,計算機器與智慧,计算机器与智能原文,0.568,baidu
2026-10-10,CN,other,紫砂壶,紫砂壶为什么价格差别那么大,0.563,baidu
2026-10-10,CN,it,計算機器與智慧,计算机智能计算机app下载,0.563,baidu
2026-10-10,CN,it,eBPF,eb教程,0.562,baidu
2026-10-10,CN,it,eBPF,ebf是什么意思,0.558,baidu
2026-10-10,CN,economy,碳税,碳税怎么算出来的,0.558,baidu
2026-10-10,CN,other,紫砂壶,紫砂壶的八个步骤,0.558,baidu
2026-10-10,CN,science,绿氢,绿氢项目如何运行,0.558,baidu
2026-10-10,CN,science,催化剂,酿酒催化剂是什么,0.558,baidu
2026-10-10,CN,economy,2026年伊朗戰爭的經濟影響,2026年伊朗战争的经济影响 为什么那么大,0.554,baidu
2026-10-10,CN,science,催化剂,催化剂能不能降低反应速率,0.553,baidu
2026-10-10,CN,it,eBPF,ebforce,0.548,baidu
2026-10-10,CN,it,eBPF,ebpf是什么,0.548,baidu
2026-10-10,CN,science,绿氢,什么叫绿氢产业,0.548,baidu
2026-10-10,CN,science,催化剂,催化剂视频课程,0.548,baidu
2026-10-10,CN,science,绿氢,绿氢怎么制甲醇,0.548,baidu
2026-10-10,CN,other,紫砂壶,紫砂壶是什么朝代出现的,0.543,baidu
2026-10-10,CN,it,計算機器與智慧,计算机器与智慧 为什么不能结合,0.539,baidu
2026-10-10,CN,science,催化剂,催化剂中毒是什么意思,0.533,baidu
2026-10-10,CN,science,催化剂,更换三元催化剂多少钱,0.533,baidu
2026-10-10,CN,science,催化剂,催化剂能不能增加生成物的质量,0.529,baidu
2026-10-10,CN,it,計算機器與智慧,计算机器与智慧 能不能一起用,0.529,baidu
2026-10-10,CN,science,催化剂,催化剂品牌,0.528,baidu
2026-10-10,CN,science,绿氢,绿氢的价格,0.528,baidu
2026-10-10,CN,other,紫砂壶,真正的紫砂壶多少钱,0.523,baidu
2026-10-10,CN,other,紫砂壶,紫砂壶能不能用水煮,0.523,baidu
2026-10-10,CN,it,計算機器與智慧,计算机器与智慧 是什么学科,0.519,baidu
2026-10-10,CN,economy,碳税,碳税价格,0.518,baidu
2026-10-10,CN,science,催化剂,催化剂选型怎么选,0.513,baidu
2026-10-10,CN,other,紫砂壶,紫砂壶推荐 知乎,0.513,baidu
2026-10-10,CN,science,绿氢,绿氢科技有限公司,0.513,baidu
2026-10-10,CN,science,绿氢,绿氢能替代石油吗,0.513,baidu
2026-10-10,CN,economy,2026年伊朗戰爭的經濟影響,2026年伊朗战争的经济影响 为什么这么大,0.51,baidu
2026-10-10,CN,it,riscv芯片是杂牌还是名牌,riscv芯片,0.503,baidu
2026-10-10,CN,science,催化剂,催化剂怎么使用,0.503,baidu
2026-10-10,CN,it,計算機器與智慧,智慧计算机平台,0.503,baidu
2026-10-10,CN,other,紫砂壶,紫砂壶制作教程,0.503,baidu
2026-10-10,CN,other,紫砂壶,紫砂壶哪里的好,0.503,baidu
2026-10-10,CN,science,绿氢,绿氢多少钱一升,0.503,baidu
2026-10-10,CN,science,硤合反應,合成反应是吸热还是放热,0.499,baidu
2026-10-10,CN,other,紫砂壶,紫砂壶是什么材料制作的,0.499,baidu
2026-10-10,CN,economy,碳税,什么是碳关税,0.493,baidu
2026-10-10,CN,science,绿氢,绿氢怎么运输,0.493,baidu
2026-10-10,CN,science,绿氢,为啥绿氢都卖给韩国呢,0.489,baidu
2026-10-10,CN,economy,碳税,碳关税价格人民币计价,0.489,baidu
2026-10-10,CN,other,紫砂壶,紫砂壶为什么不流行了,0.489,baidu
2026-10-10,CN,other,紫砂壶,紫砂壶怎么开壶和保养,0.489,baidu
2026-10-10,CN,economy,碳税,碳税怎么收,0.483,baidu
2026-10-10,CN,science,催化剂,催化剂为什么能催化,0.479,baidu
2026-10-10,CN,science,催化剂,催化剂原理动画演示,0.479,baidu
2026-10-10,CN,other,紫砂壶,紫砂壶能不能泡红茶,0.479,baidu
2026-10-10,CN,science,绿氢,绿氢多少钱一吨价格,0.479,baidu
2026-10-10,CN,science,绿氢,绿氢最厉害三个公司,0.479,baidu
2026-10-10,CN,science,催化剂,催化剂为什么能改变反应速率,0.474,baidu
2026-10-10,CN,it,計算機器與智慧,计算机器与智慧 为什么不同,0.474,baidu
2026-10-10,CN,it,計算機器與智慧,计算机器与智慧 是什么关系,0.474,baidu
2026-10-10,CN,it,計算機器與智慧,计算机器与智慧 能不能共用,0.474,baidu
2026-10-10,CN,it,eBPF,eb价格,0.473,baidu
2026-10-10,CN,science,催化剂,催化剂l,0.473,baidu
2026-10-10,CN,science,催化剂,三元催化剂多少钱,0.469,baidu
2026-10-10,CN,economy,2026年伊朗戰爭的經濟影響,伊朗战争造成影响,0.469,baidu
2026-10-10,CN,other,紫砂壶,手工紫砂壶多少钱,0.469,baidu
2026-10-10,CN,economy,碳税,碳税怎么影响生活,0.469,baidu
2026-10-10,CN,other,紫砂壶,紫砂壶哪里最有名,0.469,baidu
2026-10-10,CN,it,eBPF,ebs价格多少,0.459,baidu
2026-10-10,CN,science,催化剂,催化剂怎么判断,0.459,baidu
2026-10-10,CN,science,催化剂,催化剂能不能降低活化能,0.454,baidu
2026-10-10,CN,other,紫砂壶,紫砂壶哪里的最好最出名,0.454,baidu
2026-10-10,CN,other,紫砂壶,紫砂壶多少钱能买到真的,0.454,baidu
2026-10-10,CN,science,绿氢,绿氢为什么是3h2价态,0.454,baidu
2026-10-10,CN,science,催化剂,催化剂哪里好,0.449,baidu
2026-10-10,CN,science,催化剂,催化剂的意思,0.449,baidu
2026-10-10,CN,science,绿氢,绿氢怎么储存,0.449,baidu
2026-10-10,CN,other,紫砂壶,紫砂壶能不能进微波炉,0.444,baidu
2026-10-10,CN,it,計算機器與智慧,计算机器与智慧 为什么不一样,0.44,baidu
2026-10-10,CN,science,催化剂,催化剂系列,0.439,baidu
2026-10-10,CN,other,紫砂壶,紫砂壶推荐,0.439,baidu
2026-10-10,CN,other,紫砂壶,紫砂壶教程,0.439,baidu
2026-10-10,CN,science,绿氢,绿氢的工艺,0.439,baidu
2026-10-10,CN,it,eBPF,ebc推荐官方声明,0.434,baidu
2026-10-10,CN,science,硤合反應,化合反应为啥会放热,0.434,baidu
2026-10-10,CN,other,紫砂壶,紫砂壶怎么养才正确,0.434,baidu
2026-10-10,CN,other,紫砂壶,紫砂壶教程阿里网盘,0.434,baidu
2026-10-10,CN,science,催化剂,催化剂为什么能加快反应速率,0.43,baidu
2026-10-10,CN,it,計算機器與智慧,计算机器与智慧 推荐哪个好,0.43,baidu
2026-10-10,CN,it,計算機器與智慧,计算机器与智慧 是什么专业,0.43,baidu
2026-10-10,CN,it,計算機器與智慧,计算机器与智慧 能不能合并,0.43,baidu
2026-10-10,CN,economy,碳税,碳税研究,0.429,baidu
2026-10-10,CN,science,绿氢,绿色氢能,0.429,baidu
2026-10-10,CN,economy,2026年伊朗戰爭的經濟影響,伊朗战争影响分析,0.424,baidu
2026-10-10,CN,science,催化剂,催化剂最出名品牌,0.424,baidu
2026-10-10,CN,science,催化剂,汽车催化剂多少钱,0.424,baidu
2026-10-10,CN,other,紫砂壶,紫砂壶是什么颜色,0.424,baidu
2026-10-10,CN,science,绿氢,绿氢多少钱一公斤,0.424,baidu
2026-10-10,CN,other,紫砂壶,紫砂壶为什么贵,0.414,baidu
2026-10-10,CN,other,紫砂壶,紫砂壶推荐品牌,0.414,baidu
2026-10-10,CN,science,绿氢,绿氢是什么意思,0.414,baidu
2026-10-10,CN,science,催化剂,催化剂怎么加快反应速率,0.41,baidu
2026-10-10,CN,science,催化剂,催化剂能不能提高转化率,0.41,baidu
2026-10-10,CN,other,紫砂壶,紫砂壶 为什么喜欢全手,0.41,baidu
2026-10-10,CN,it,eBPF,ebc在哪里,0.404,baidu
2026-10-10,CN,science,催化剂,催化剂哪里用,0.404,baidu
2026-10-10,CN,science,催化剂,催化剂怎么读,0.404,baidu
2026-10-10,CN,science,催化剂,催化剂指什么,0.404,baidu
2026-10-10,CN,economy,碳税,碳税怎么征收,0.404,baidu
2026-10-10,CN,economy,碳税,碳税怎么计算,0.404,baidu
2026-10-10,CN,science,催化剂,催化剂视频,0.394,baidu
2026-10-10,CN,science,绿氢,绿氢怎么读,0.394,baidu
2026-10-10,CN,other,紫砂壶,紫砂壶是什么泥做的,0.39,baidu
2026-10-10,CN,other,紫砂壶,紫砂壶能不能泡绿茶,0.39,baidu
2026-10-10,CN,economy,碳税,国际碳税,0.384,baidu
2026-10-10,CN,other,紫砂壶,入门级紫砂壶推荐,0.38,baidu
2026-10-10,CN,science,绿氢,绿氢为什么叫绿氢,0.38,baidu
2026-10-10,CN,science,催化剂,钯碳催化剂多少钱,0.38,baidu
2026-10-10,CN,it,eBPF,ebpf怎么读,0.37,baidu
2026-10-10,CN,other,紫砂壶,紫砂壶教程视频,0.37,baidu
2026-10-10,CN,it,eBPF,ebo多少钱,0.36,baidu
2026-10-10,CN,it,eBPF,ebpf教程,0.36,baidu
2026-10-10,CN,science,催化剂,催化剂哪个好,0.36,baidu
2026-10-10,CN,science,催化剂,催化剂哪里买,0.36,baidu
2026-10-10,CN,science,催化剂,催化剂怎么用,0.36,baidu
2026-10-10,CN,science,催化剂,催化剂有什么,0.36,baidu
2026-10-10,CN,it,eBPF,ebgp,0.34,baidu
2026-10-10,DE,economy,Kaufkraftparität,absolute kaufkraftparität formel,1.0,google
2026-10-10,DE,other,Bonsai,bonsai ähnliche zimmerpflanzen,1.0,google
2026-10-10,DE,economy,bundesbank,bundesbank erstattung beschädigte banknoten,1.0,bing
2026-10-10,DE,economy,bundesbank,bundesbank meldung auslandsüberweisung,1.0,bing
2026-10-10,DE,economy,bundesbank,bundesbank tag der offenen tür 2026,1.0,bing
2026-10-10,DE,economy,bundesbank,bundesbank vermögen privater haushalte,1.0,google
2026-10-10,DE,economy,bundesbank,bundesbank vorstand zuständigkeiten,1.0,bing
2026-10-10,DE,it,Smart Contract Audit,contract small business utility audit,1.0,bing
2026-10-10,DE,it,Kubernetes Operator,elasticsearch kubernetes operator,1.0,bing
2026-10-10,DE,it,Kubernetes Operator,keycloak kubernetes operator helm,1.0,google
2026-10-10,DE,it,Kubernetes Operator,kubernetes ai toolchain operator,1.0,bing
2026-10-10,DE,it,Kubernetes Operator,kubernetes operator developer jobs,1.0,google
2026-10-10,DE,it,Kubernetes Operator,kubernetes operator state machine,1.0,google
2026-10-10,DE,it,Smart Contract Audit,smart contract auditor roadmap,1.0,bing
2026-10-10,DE,it,Smart Contract Audit,smart contract security audit service,1.0,google
2026-10-10,DE,it,Smart Contract Audit,trail of bits smart contract audit,1.0,google
2026-10-10,DE,it,Smart Contract Audit,what does a smart contract audit do,1.0,google
2026-10-10,DE,other,Bonsai,öffnungszeiten bonsai zentrum heidelberg,1.0,google
2026-10-10,DE,economy,Ölpreis,ölpreis wird weiter fallen aktuell heute,1.0,google
2026-10-10,DE,other,Bonsai,bonsai tree lego instructions,0.99,bing
2026-10-10,DE,economy,bundesbank,deutsche bundesbank xrechnung,0.99,google
2026-10-10,DE,it,Kubernetes Operator,dynatrace kubernetes operator,0.99,bing
2026-10-10,DE,it,Kubernetes Operator,kubernetes wireguard operator,0.99,google
2026-10-10,DE,other,Bonsai,bonsai münsterland ascheberg,0.98,bing
2026-10-10,DE,it,Kubernetes Operator,flink kubernetes operator ui,0.98,google
2026-10-10,DE,economy,Kaufkraftparität,kaufkraftparität schweiz usa,0.98,google
2026-10-10,DE,it,Kubernetes Operator,keycloak kubernetes operator,0.98,bing
2026-10-10,DE,it,MkDocs,mkdocs support spring boot 3,0.98,bing
2026-10-10,DE,economy,Ölpreis,oelpreis langenhagen aktuell,0.98,bing
2026-10-10,DE,it,Radio Roshen,radio selber bauen anleitung,0.98,bing
2026-10-10,DE,economy,bundesbank,bundesbank termin kleingeld,0.97,google
2026-10-10,DE,economy,Ölpreis,ölpreis österreich prognose,0.97,google
2026-10-10,DE,economy,bundesbank,bundesbank training courses 2025,0.964,bing
2026-10-10,DE,economy,bundesbank,bundesbank vorstand organisation,0.964,bing
2026-10-10,DE,economy,bundesbank,bundesbank euro abstimmung,0.96,google
2026-10-10,DE,economy,bundesbank,bundesbank währungsrechner,0.96,bing
2026-10-10,DE,it,Kubernetes Operator,kubernetes tigera operator,0.96,google
2026-10-10,DE,it,MkDocs,mkdocs material image zoom,0.96,google
2026-10-10,DE,economy,Ölpreis,warum fällt ölpreis gerade,0.96,google
2026-10-10,DE,it,Kubernetes Operator,azure devops agent kubernetes operator,0.956,bing
2026-10-10,DE,economy,bundesbank,bundesbank münchen öffnungszeiten,0.956,google
2026-10-10,DE,it,Smart Contract Audit,cyberscope smart contract audit,0.956,google
2026-10-10,DE,it,Kubernetes Operator,keycloak kubernetes operator github,0.956,google
2026-10-10,DE,it,Kubernetes Operator,kubernetes operator doesnotexist,0.956,google
2026-10-10,DE,it,Kubernetes Operator,kubernetes operator job upgrade last state fallback enabled,0.956,google
2026-10-10,DE,it,Kubernetes Operator,kubernetes operator tutorial golang,0.956,google
2026-10-10,DE,it,Kubernetes Operator,kubernetes operators and controllers,0.956,bing
2026-10-10,DE,other,Bonsai,öffnungszeiten bonsai brandenburg an der havel,0.956,google
2026-10-10,DE,economy,Ölpreis,ölpreis wti brent öl ölkurs öl spot finanzen.net,0.956,google
2026-10-10,DE,it,Smart Contract Audit,smart contract code audit,0.95,google
2026-10-10,DE,it,Kubernetes Operator,wandb kubernetes operator,0.95,bing
2026-10-10,DE,economy,bundesbank,bundesbank mitarbeiter login,0.944,bing
2026-10-10,DE,economy,Kaufkraftparität,big mac kaufkraftparität,0.94,google
2026-10-10,DE,it,Smart Contract Audit,what is a contract audit,0.94,bing
2026-10-10,DE,it,Smart Contract Audit,what is a smart contract,0.94,bing
2026-10-10,DE,economy,Ölpreis,ölpreis brent wallstreet,0.94,bing
2026-10-10,DE,economy,bundesbank,bundesbank euribor 3 monate,0.934,bing
2026-10-10,DE,it,Smart Contract Audit,tax smart contract auditing,0.934,bing
2026-10-10,DE,it,Kubernetes Operator,weblogic kubernetes operator github,0.933,bing
2026-10-10,DE,other,Bonsai,bonsai centrum donndorf,0.93,bing
2026-10-10,DE,other,Bonsai,bonsai lärche schneiden,0.93,google
2026-10-10,DE,economy,bundesbank,bundesbank agb änderung,0.93,google
2026-10-10,DE,economy,bundesbank,bundesbank extranet bam,0.93,bing
2026-10-10,DE,economy,Kaufkraftparität,kaufkraftparität top 10,0.93,google
2026-10-10,DE,it,Kubernetes Operator,kubernetes elk operator,0.93,google
2026-10-10,DE,it,Smart Contract Audit,ai auditing for smart contracts,0.927,bing
2026-10-10,DE,economy,bundesbank,bundesbank training courses 2026,0.927,bing
2026-10-10,DE,economy,bundesbank,bundesbank vorstand entwicklung,0.927,bing
2026-10-10,DE,economy,Ölpreis,ölpreis aktuell entwicklung,0.926,google
2026-10-10,DE,it,Radio Roshen,internet radio selber machen kostenlos,0.92,bing
2026-10-10,DE,it,Smart Contract Audit,what is smart contract,0.92,bing
2026-10-10,DE,economy,Ölpreis,ölpreis aktuell tecson,0.92,google
2026-10-10,DE,it,Kubernetes Operator,kubernetes operator symbol,0.916,google
2026-10-10,DE,economy,Ölpreis,warum steigt ölpreis heute,0.916,google
2026-10-10,DE,economy,bundesbank,bundesbank neue banknoten,0.914,bing
2026-10-10,DE,economy,bundesbank,bundesbank abzinsungssätze 7 jahre,0.911,bing
2026-10-10,DE,economy,bundesbank,bundesbank villingen öffnungszeiten,0.911,google
2026-10-10,DE,it,Kubernetes Operator,kubernetes operator for 1password,0.911,bing
2026-10-10,DE,it,Kubernetes Operator,kubernetes operators for databases,0.911,bing
2026-10-10,DE,it,Kubernetes Operator,mongodb kubernetes operator version upgrade post start hook,0.911,google
2026-10-10,DE,other,Bonsai,bonsai baum bedeutung,0.91,bing
2026-10-10,DE,other,Bonsai,bonsai museum kärnten,0.91,google
2026-10-10,DE,economy,bundesbank,bundesbank extrahaushalte,0.906,bing
2026-10-10,DE,it,Kubernetes Operator,kubernetes operator watch,0.906,google
2026-10-10,DE,other,Bonsai,bonsai ornamental plants,0.904,bing
2026-10-10,DE,it,MkDocs,mkdocs table of contents,0.904,bing
2026-10-10,DE,it,Kubernetes Operator,kubernetes operator with rust,0.901,google
2026-10-10,DE,it,Smart Contract Audit,solidity smart contract audit,0.901,google
2026-10-10,DE,economy,Ölpreis,ölpreis aktuell barrel dollar,0.901,google
2026-10-10,DE,other,Bonsai,bonsai chili pflanze,0.9,google
2026-10-10,DE,other,Bonsai,bonsai dünger kaufen,0.9,bing
2026-10-10,DE,it,MkDocs,mkdocs awesome-pages,0.9,bing
2026-10-10,DE,it,MkDocs,mkdocs online editor,0.9,bing
2026-10-10,DE,it,MkDocs,mkdocs theme gallery,0.9,bing
2026-10-10,DE,it,Smart Contract Audit,what is smart contract audit in blockchain,0.9,google
2026-10-10,DE,other,Bonsai,bonsai chinesische feige,0.896,google
2026-10-10,DE,other,Bonsai,bonsai museum heidelberg,0.896,google
2026-10-10,DE,economy,bundesbank,bundesbank vordruck 3150,0.896,google
2026-10-10,DE,economy,Kaufkraftparität,kaufkraftparität ukraine,0.896,google
2026-10-10,DE,it,Smart Contract Audit,cantina smart contract audit,0.891,google
2026-10-10,DE,it,Smart Contract Audit,smart contract regulation auditing,0.891,bing
2026-10-10,DE,economy,Ölpreis,ölpreisentwicklung prognose,0.89,bing
2026-10-10,DE,it,Kubernetes Operator,kubernetes eck operator,0.886,google
2026-10-10,DE,it,Smart Contract Audit,best smart.contract audit,0.883,google
2026-10-10,DE,economy,bundesbank,bundesbank next registrierung,0.881,bing
2026-10-10,DE,it,Kubernetes Operator,kubernetes elastic operator,0.881,google
2026-10-10,DE,economy,Ölpreis,warum steigt ölpreis wieder,0.881,google
2026-10-10,DE,economy,bundesbank,deutsche bundesbank xrp,0.88,google
2026-10-10,DE,economy,Ölpreis,ölpreis brent euro,0.88,google
2026-10-10,DE,economy,Ölpreis,ölpreis erzgebirge,0.88,bing
2026-10-10,DE,other,Bonsai,bonsai trees for sale,0.874,bing
2026-10-10,DE,economy,bundesbank,bundesbank münzen wechseln,0.871,google
2026-10-10,DE,economy,bundesbank,bundesbank vorstand struktur,0.871,bing
2026-10-10,DE,economy,Kaufkraftparität,kaufkraftparität usa china,0.871,google
2026-10-10,DE,it,Kubernetes Operator,kubernetes operator dotnet,0.871,google
2026-10-10,DE,it,Kubernetes Operator,kubernetes operator sample,0.871,google
2026-10-10,DE,economy,Kaufkraftparität,kaufkraftparität thailand,0.87,google
2026-10-10,DE,economy,Ölpreis,ölpreis göttingen,0.87,google
2026-10-10,DE,it,Smart Contract Audit,blockchain smart contract audit,0.867,google
2026-10-10,DE,economy,bundesbank,bundesbank außenwirtschaftsmeldung,0.867,bing
2026-10-10,DE,economy,bundesbank,bundesbank neue geldscheine abstimmung,0.867,google
2026-10-10,DE,it,Kubernetes Operator,external secret operator kubernetes,0.867,bing
2026-10-10,DE,it,Kubernetes Operator,kubernetes operator using python,0.867,google
2026-10-10,DE,it,MkDocs,mkdocs serve live reload,0.867,bing
2026-10-10,DE,it,Smart Contract Audit,smart contract audit certification,0.867,google
2026-10-10,DE,economy,Ölpreis,ölpreis österreich entwicklung,0.867,google
2026-10-10,DE,economy,Ölpreis,ölpreis ölpreis heute,0.866,google
2026-10-10,DE,economy,bundesbank,bundesbank euro banknoten,0.861,google
2026-10-10,DE,it,Kubernetes Operator,kubernetes operator types,0.861,google
2026-10-10,DE,other,Bonsai,bonsai baum echt,0.86,google
2026-10-10,DE,it,MkDocs,jekyll vs mkdocs,0.86,bing
2026-10-10,DE,it,MkDocs,mkdocs vs quarto,0.86,google
2026-10-10,DE,economy,Ölpreis,ölpreis über 100,0.86,google
2026-10-10,DE,economy,bundesbank,bundesbank vorstand nachfolge,0.857,google
2026-10-10,DE,it,Smart Contract Audit,sherlock smart contract audit,0.857,google
2026-10-10,DE,it,Kubernetes Operator,tailscale kubernetes operator,0.857,bing
2026-10-10,DE,economy,bundesbank,bundesbank ams login,0.856,bing
2026-10-10,DE,it,MkDocs,mkdocs section index,0.856,google
2026-10-10,DE,economy,Ölpreis,ölpreis nachbörslich,0.856,google
2026-10-10,DE,economy,bundesbank,bundesbank technical paper,0.851,bing
2026-10-10,DE,economy,Kaufkraftparität,absolute kaufkraftparität,0.85,google
2026-10-10,DE,economy,bundesbank,bundesbank news,0.85,google
2026-10-10,DE,it,MkDocs,mkdocs asciidoc,0.85,google
2026-10-10,DE,other,Bonsai,bonsai centrum libčany,0.847,bing
2026-10-10,DE,it,Kubernetes Operator,kubernetes external operator,0.847,google
2026-10-10,DE,it,Kubernetes Operator,kubernetes operator sharding,0.847,google
2026-10-10,DE,it,Kubernetes Operator,kubernetes operator workflow,0.847,google
2026-10-10,DE,economy,Ölpreis,warum steigt ölpreis aktuell,0.847,google
2026-10-10,DE,it,Kubernetes Operator,weblogic kubernetes operator,0.847,bing
2026-10-10,DE,economy,Ölpreis,ölpreis niedrig benzin teuer,0.847,google
2026-10-10,DE,economy,bundesbank,bundesbank englisch,0.846,google
2026-10-10,DE,other,Bonsai,bonsai äste vertrocknet,0.841,google
2026-10-10,DE,it,MkDocs,mkdocs folder structure,0.841,google
2026-10-10,DE,it,MkDocs,zensical mkdocs plugins,0.841,google
2026-10-10,DE,other,Bonsai,bonsai draußen,0.84,google
2026-10-10,DE,it,Kubernetes Operator,kubernetes operator support archive,0.84,bing
2026-10-10,DE,it,MkDocs,mkdocs javadoc,0.84,google
2026-10-10,DE,it,MkDocs,mkdocs o que é,0.84,bing
2026-10-10,DE,it,Radio Roshen,radio selber machen programm kostenlos,0.84,bing
2026-10-10,DE,economy,Ölpreis,ölpreis coburg,0.84,bing
2026-10-10,DE,other,Bonsai,bonsai aesthetics teneriffe,0.837,bing
2026-10-10,DE,it,Kubernetes Operator,kubernetes operator diagram,0.837,google
2026-10-10,DE,it,Kubernetes Operator,kubernetes operator testing,0.837,google
2026-10-10,DE,it,MkDocs,mkdocs theme material,0.837,bing
2026-10-10,DE,it,MkDocs,mkdocs annotations,0.836,google
2026-10-10,DE,it,MkDocs,mkdocs vs zensical,0.836,google
2026-10-10,DE,economy,bundesbank,bundesbank vorstand aufgaben,0.835,bing
2026-10-10,DE,economy,bundesbank,bundesbank transporter,0.831,google
2026-10-10,DE,other,Bonsai,bonsai adenau,0.83,bing
2026-10-10,DE,other,Bonsai,bonsai online,0.83,bing
2026-10-10,DE,it,MkDocs,mkdocs sphinx,0.83,google
2026-10-10,DE,economy,Ölpreis,ölpreis über zeit,0.826,google
2026-10-10,DE,other,Bonsai,bonsai leaf care,0.824,bing
2026-10-10,DE,it,MkDocs,mkdocs yaml example,0.823,bing
2026-10-10,DE,other,Bonsai,bonsai äste ohne blätter schneiden,0.822,google
2026-10-10,DE,economy,bundesbank,bundesbank taunusanlage termin,0.822,google
2026-10-10,DE,economy,bundesbank,bundesbank vermögensverteilung,0.822,google
2026-10-10,DE,it,Kubernetes Operator,kubernetes operator kubebuilder,0.822,google
2026-10-10,DE,it,Kubernetes Operator,kubernetes operator user artifacts allowed schemes,0.822,google
2026-10-10,DE,it,MkDocs,mkdocs serve not live reloading,0.822,google
2026-10-10,DE,economy,Ölpreis,ölpreis barrel aktuell in euro,0.822,google
2026-10-10,DE,other,Bonsai,bonsai chili scoville,0.821,google
2026-10-10,DE,it,Smart Contract Audit,what is a smart contract audit,0.818,bing
2026-10-10,DE,it,MkDocs,mkdocs flow diagram,0.817,bing
2026-10-10,DE,other,Bonsai,bonsai bedeutung,0.816,google
2026-10-10,DE,it,MkDocs,mkdocs add page,0.814,bing
2026-10-10,DE,it,Kubernetes Operator,kubernetes operator for mongo,0.812,bing
2026-10-10,DE,other,Bonsai,bonsai mädchenkiefer,0.811,google
2026-10-10,DE,economy,bundesbank,bundesbank meldeportal,0.811,bing
2026-10-10,DE,economy,Ölpreis,ölpreis ölkrise 1973,0.811,google
2026-10-10,DE,other,Bonsai,bonsai toom,0.81,google
2026-10-10,DE,economy,Kaufkraftparität,kaufkraftparität tschechien,0.81,google
2026-10-10,DE,it,MkDocs,mkdocs font,0.81,bing
2026-10-10,DE,economy,Ölpreis,ölpreis ntv,0.81,google
2026-10-10,DE,economy,bundesbank,bundesbank veröffentlichungen,0.808,bing
2026-10-10,DE,other,Bonsai,bonsai orchid care,0.807,bing
2026-10-10,DE,economy,bundesbank,bundesbank termin buchen,0.807,google
2026-10-10,DE,economy,Ölpreis,ölpreis gifhorn,0.806,google
2026-10-10,DE,it,MkDocs,mkdocs offline,0.804,bing
2026-10-10,DE,it,MkDocs,mkdocs sitemap,0.804,bing
2026-10-10,DE,other,Bonsai,bonsai aesthetics techniques,0.802,bing
2026-10-10,DE,it,Kubernetes Operator,kubernetes operator template,0.802,google
2026-10-10,DE,it,Smart Contract Audit,slither smart contract audit,0.802,google
2026-10-10,DE,it,MkDocs,mkdocs openapi plugin,0.801,bing
2026-10-10,DE,it,Smart Contract Audit,best smart contract audit company,0.8,google
2026-10-10,DE,other,Bonsai,bonsai lbp,0.8,bing
2026-10-10,DE,economy,bundesbank,bundesbank änderungen im meldewesen,0.8,google
2026-10-10,DE,economy,Ölpreis,ölpreisentwicklung aktuell,0.8,bing
2026-10-10,DE,economy,bundesbank,bundesbank marisk,0.797,bing
2026-10-10,DE,economy,Kaufkraftparität,kaufkraftparität ungarn,0.797,google
2026-10-10,DE,economy,Ölpreis,ölpreis aktuell schweiz,0.797,bing
2026-10-10,DE,it,MkDocs,mkdocs fastapi,0.796,google
2026-10-10,DE,economy,Ölpreis,ölpreis berlin,0.796,google
2026-10-10,DE,it,Kubernetes Operator,kubernetes operator scaling,0.792,google
2026-10-10,DE,it,Kubernetes Operator,kubernetes operator with go,0.792,google
2026-10-10,DE,it,Smart Contract Audit,smart contract audit course,0.792,google
2026-10-10,DE,economy,Ölpreis,ölpreis wallstreet,0.791,google
2026-10-10,DE,economy,Ölpreis,ölpreis über nacht,0.791,google
2026-10-10,DE,economy,bundesbank,bundesbank next xml,0.79,google
2026-10-10,DE,it,Kubernetes Operator,kubernetes k6 operator,0.787,google
2026-10-10,DE,economy,Ölpreis,ölpreis barrel aktuell,0.787,google
2026-10-10,DE,other,Bonsai,bonsai tattoo,0.786,google
2026-10-10,DE,it,MkDocs,mkdocs jekyll,0.786,google
2026-10-10,DE,it,MkDocs,mkdocs que es,0.786,google
2026-10-10,DE,it,MkDocs,mkdocs asset management,0.785,bing
2026-10-10,DE,economy,Ölpreis,ölpreis cash,0.784,bing
2026-10-10,DE,economy,Ölpreis,ölpreis bremen,0.783,bing
2026-10-10,DE,economy,Kaufkraftparität,kaufkraftparität unterhalt,0.782,google
2026-10-10,DE,it,Kubernetes Operator,kubernetes operator design,0.782,google
2026-10-10,DE,it,Smart Contract Audit,smart contract auditing report,0.782,bing
2026-10-10,DE,economy,Ölpreis,ölpreis euro,0.78,bing
2026-10-10,DE,economy,Kaufkraftparität,kaufkraftparität und zinsparität,0.778,google
2026-10-10,DE,it,Kubernetes Operator,kubernetes operator sdk python,0.778,google
2026-10-10,DE,it,Kubernetes Operator,kubernetes operator typescript,0.778,google
2026-10-10,DE,it,Kubernetes Operator,kubernetes operator using golang,0.778,google
2026-10-10,DE,it,Kubernetes Operator,kubernetes operator without crd,0.778,google
2026-10-10,DE,economy,Ölpreis,ölpreis über die letzten 20 jahre,0.778,google
2026-10-10,DE,other,Bonsai,bonsai carmona pflege,0.777,google
2026-10-10,DE,other,Bonsai,bonsai tree kit,0.777,bing
2026-10-10,DE,it,MkDocs,mkdocs authentication,0.777,google
2026-10-10,DE,economy,Ölpreis,ölpreis aktuell aktie,0.777,google
2026-10-10,DE,other,Bonsai,bonsai laden,0.776,google
2026-10-10,DE,other,Bonsai,bonsai drvo,0.774,bing
2026-10-10,DE,it,MkDocs,mkdocs foss,0.774,bing
2026-10-10,DE,other,Bonsai,bonsai centrum heidelberg,0.772,google
2026-10-10,DE,it,MkDocs,mkdocs advanced configuration,0.772,bing
2026-10-10,DE,economy,Ölpreis,warum fällt ölpreis heute,0.772,google
2026-10-10,DE,other,Bonsai,bonsai metasequoia,0.771,bing
2026-10-10,DE,economy,bundesbank,bundesbank nagel,0.771,google
2026-10-10,DE,it,MkDocs,mkdocs awesome-nav,0.771,bing
2026-10-10,DE,it,MkDocs,mkdocs from github,0.771,bing
2026-10-10,DE,economy,Ölpreis,ölpreis gefallen,0.771,google
2026-10-10,DE,economy,Ölpreis,ölpreis nikolaus,0.771,google
2026-10-10,DE,it,Kubernetes Operator,what is kubernetes operator,0.77,bing
2026-10-10,DE,it,Smart Contract Audit,smart contract audit software,0.768,google
2026-10-10,DE,it,MkDocs,mkdocs example,0.767,bing
2026-10-10,DE,other,Bonsai,bonsai äste,0.766,google
2026-10-10,DE,other,Bonsai,bonsai crm,0.764,bing
2026-10-10,DE,economy,bundesbank,bundesbank erstattungsantrag,0.762,bing
2026-10-10,DE,economy,bundesbank,bundesbank xml validator,0.762,bing
2026-10-10,DE,it,Kubernetes Operator,kubernetes etcd operator,0.762,google
2026-10-10,DE,economy,Ölpreis,ölpreis übers wochenende,0.762,google
2026-10-10,DE,other,Bonsai,bonsai peach tree,0.761,bing
2026-10-10,DE,other,Bonsai,bonsai tree price,0.761,bing
2026-10-10,DE,economy,Ölpreis,ölpreis karlsruhe,0.761,bing
2026-10-10,DE,economy,Kaufkraftparität,kaufkraftparität abkürzung,0.76,google
2026-10-10,DE,it,Kubernetes Operator,kubernetes operator submariner,0.76,bing
2026-10-10,DE,other,Bonsai,bonsai aesthetics principles,0.758,bing
2026-10-10,DE,it,Kubernetes Operator,kubernetes operator database,0.758,google
2026-10-10,DE,it,MkDocs,zensical mkdocs yml,0.757,google
2026-10-10,DE,other,Bonsai,bonsai ligustrum,0.751,bing
2026-10-10,DE,it,MkDocs,mkdocs squidfunk,0.751,bing
2026-10-10,DE,it,Smart Contract Audit,web3 smart contract audit,0.75,google
2026-10-10,DE,it,MkDocs,mkdocs personal website,0.748,bing
2026-10-10,DE,it,Smart Contract Audit,smart contract audit certik,0.748,google
2026-10-10,DE,it,MkDocs,mkdocs quiz plugin,0.747,google
2026-10-10,DE,economy,Ölpreis,ölpreis überlingen,0.747,google
2026-10-10,DE,economy,bundesbank,bundesbank villingen schwenningen,0.745,bing
2026-10-10,DE,other,Bonsai,bonsai download,0.741,bing
2026-10-10,DE,other,Bonsai,bonsai ölbaum,0.741,google
2026-10-10,DE,economy,bundesbank,bundesbank ecms,0.741,bing
2026-10-10,DE,it,MkDocs,mkdocs quartz,0.741,google
2026-10-10,DE,it,MkDocs,mkdocs shadcn,0.741,google
2026-10-10,DE,it,Radio Roshen,internet radio selber machen,0.74,bing
2026-10-10,DE,economy,bundesbank,bundesbank vorstand gehalt,0.738,google
2026-10-10,DE,it,Kubernetes Operator,kubernetes operator events,0.738,google
2026-10-10,DE,it,Kubernetes Operator,kubernetes operator kotlin,0.738,google
2026-10-10,DE,other,Bonsai,bonsai logo,0.737,bing
2026-10-10,DE,other,Bonsai,bonsai mammutbaum,0.737,google
2026-10-10,DE,other,Bonsai,bonsai mini,0.737,bing
2026-10-10,DE,economy,Ölpreis,ölpreis göppingen,0.737,google
2026-10-10,DE,economy,Ölpreis,ölpreis oberkirch,0.737,bing
2026-10-10,DE,it,MkDocs,mkdocs for windows,0.735,bing
2026-10-10,DE,it,MkDocs,mkdocs order pages,0.735,bing
2026-10-10,DE,economy,bundesbank,bundesbank erfurt öffnungszeiten,0.733,google
2026-10-10,DE,it,Kubernetes Operator,kubernetes operator documentation,0.733,google
2026-10-10,DE,it,Kubernetes Operator,kubernetes operator elasticsearch,0.733,google
2026-10-10,DE,it,Kubernetes Operator,kubernetes operator server side apply,0.733,google
2026-10-10,DE,it,Kubernetes Operator,kubernetes operator with golang,0.733,google
2026-10-10,DE,other,Bonsai,bonsai overwatering signs,0.732,bing
2026-10-10,DE,other,Bonsai,bonsai linde,0.731,google
2026-10-10,DE,other,Bonsai,bonsai tanne,0.731,google
2026-10-10,DE,it,MkDocs,mkdocs jinja,0.731,google
2026-10-10,DE,economy,Ölpreis,ölpreis migrol,0.731,bing
2026-10-10,DE,other,Bonsai,bonsai dao,0.727,bing
2026-10-10,DE,economy,Ölpreis,ölpreis ch,0.727,bing
2026-10-10,DE,economy,Ölpreis,ölpreis bayern,0.726,bing
2026-10-10,DE,other,Bonsai,bonsai open ephys,0.725,bing
2026-10-10,DE,economy,bundesbank,bundesbank anacredit,0.722,bing
2026-10-10,DE,it,MkDocs,mkdocs techdocs core,0.722,google
2026-10-10,DE,other,Bonsai,bonsai berlin,0.721,bing
2026-10-10,DE,other,Bonsai,bonsai deko,0.721,google
2026-10-10,DE,it,MkDocs,mkdocs site,0.721,bing
2026-10-10,DE,other,Bonsai,bonsai mystery login,0.718,bing
2026-10-10,DE,other,Bonsai,bonsai liguster,0.717,google
2026-10-10,DE,other,Bonsai,bonsai ältester,0.717,google
2026-10-10,DE,other,Bonsai,bonsai öhringen,0.717,google
2026-10-10,DE,other,Bonsai,bonsai tree care,0.715,bing
2026-10-10,DE,other,Bonsai,bonsai aesthetics and design,0.713,bing
2026-10-10,DE,it,Kubernetes Operator,kubernetes operator training,0.713,google
2026-10-10,DE,it,Smart Contract Audit,smart contract audit contest,0.713,google
2026-10-10,DE,other,Bonsai,bonsai töpfe kaufen,0.712,google
2026-10-10,DE,economy,Ölpreis,ölpreis wti aktuell,0.712,google
2026-10-10,DE,other,Bonsai,bonsai art,0.711,bing
2026-10-10,DE,it,Smart Contract Audit,warum werden audits durchgeführt,0.709,bing
2026-10-10,DE,economy,bundesbank,bundesbank taunusanlage,0.708,google
2026-10-10,DE,economy,Ölpreis,ölpreis weiden,0.707,google
2026-10-10,DE,economy,bundesbank,bundesbank traineeprogramm,0.705,bing
2026-10-10,DE,economy,bundesbank,bundesbank münzen einzahlen,0.703,google
2026-10-10,DE,it,Kubernetes Operator,kubernetes operator upgrade,0.703,google
2026-10-10,DE,it,MkDocs,mkdocs awesome pages plugin,0.703,google
2026-10-10,DE,it,Smart Contract Audit,smart contract audit salary,0.703,google
2026-10-10,DE,it,Kubernetes Operator,trident operator kubernetes,0.703,bing
2026-10-10,DE,other,Bonsai,bonsai code,0.701,bing
2026-10-10,DE,it,MkDocs,mkdocs ai,0.701,google
2026-10-10,DE,economy,bundesbank,bundesbank xing,0.7,google
2026-10-10,DE,economy,bundesbank,bundesbank awv meldung,0.698,bing
2026-10-10,DE,economy,Ölpreis,ölpreis aktuell bayern,0.698,google
2026-10-10,DE,it,MkDocs,que es mkdocs,0.697,bing
2026-10-10,DE,other,Bonsai,bonsai meaning,0.695,bing
2026-10-10,DE,economy,Ölpreis,ölpreis agrola,0.695,bing
2026-10-10,DE,economy,bundesbank,bundesbank newsletter,0.692,bing
2026-10-10,DE,economy,Ölpreis,ölpreis nrw heute,0.692,google
2026-10-10,DE,it,MkDocs,mkdocs tip,0.691,bing
2026-10-10,DE,economy,Kaufkraftparität,kaufkraftparität türkei,0.69,google
2026-10-10,DE,it,Kubernetes Operator,kubernetes operator definition,0.689,google
2026-10-10,DE,it,Kubernetes Operator,kubernetes operator example github,0.689,google
2026-10-10,DE,it,Kubernetes Operator,kubernetes operator sdk golang,0.689,google
2026-10-10,DE,it,Kubernetes Operator,kubernetes operator whitepaper,0.689,google
2026-10-10,DE,other,Bonsai,bonsai definition,0.688,bing
2026-10-10,DE,it,MkDocs,mkdocs add search,0.688,bing
2026-10-10,DE,it,MkDocs,mkdocs sharepoint,0.688,bing
2026-10-10,DE,economy,Ölpreis,ölpreis niedersachsen,0.688,google
2026-10-10,DE,other,Bonsai,bonsai direct,0.685,bing
2026-10-10,DE,it,Kubernetes Operator,kubernetes operator kafka,0.683,google
2026-10-10,DE,it,Smart Contract Audit,smart contract audit book,0.683,google
2026-10-10,DE,economy,bundesbank,bundesbank vordrucke,0.682,bing
2026-10-10,DE,economy,Kaufkraftparität,kaufkraftparität argentinien,0.68,google
2026-10-10,DE,it,Radio Roshen,radio selber machen kostenlos deutsch,0.68,bing
2026-10-10,DE,it,Smart Contract Audit,what is smart contract audit,0.68,google
2026-10-10,DE,it,Kubernetes Operator,kubernetes operator tailscale,0.679,google
2026-10-10,DE,it,MkDocs,mkdocs automatic navigation,0.679,bing
2026-10-10,DE,it,MkDocs,mkdocs open link in new tab,0.679,bing
2026-10-10,DE,economy,Ölpreis,ölpreis an der börse,0.678,bing
2026-10-10,DE,economy,Ölpreis,ölpreis öl schneider,0.678,google
2026-10-10,DE,it,MkDocs,mkdocs json,0.677,google
2026-10-10,DE,economy,bundesbank,bundesbank neue scheine,0.675,bing
2026-10-10,DE,it,Smart Contract Audit,smart contracts definition deutsch,0.673,bing
2026-10-10,DE,economy,Ölpreis,warum ölpreis so niedrig,0.673,google
2026-10-10,DE,it,MkDocs,mkdocs question,0.672,google
2026-10-10,DE,economy,Ölpreis,ölpreis öl beck,0.672,google
2026-10-10,DE,economy,bundesbank,bundesbank neue geldscheine,0.67,"google,bing"
2026-10-10,DE,economy,Ölpreis,ölpreis vergleich,0.67,bing
2026-10-10,DE,economy,bundesbank,bundesbank xbrl-csv,0.668,bing
2026-10-10,DE,it,MkDocs,mkdocs zettelkasten,0.668,google
2026-10-10,DE,it,MkDocs,mkdocs yml,0.667,bing
2026-10-10,DE,it,Smart Contract Audit,smart contract audit bug bounty,0.667,google
2026-10-10,DE,other,Bonsai,bonsai labs,0.665,bing
2026-10-10,DE,other,Bonsai,bonsai mit brunnen,0.662,bing
2026-10-10,DE,other,Bonsai,bonsai münster,0.662,google
2026-10-10,DE,other,Bonsai,bonsai trauerweide,0.658,google
2026-10-10,DE,it,MkDocs,mkdocs awesome nav,0.658,google
2026-10-10,DE,it,MkDocs,mkdocs quote block,0.658,google
2026-10-10,DE,it,MkDocs,mkdocs static i18n,0.658,google
2026-10-10,DE,economy,Ölpreis,ölpreis wochenende,0.658,google
2026-10-10,DE,economy,bundesbank,bundesbank verbeamtung,0.653,google
2026-10-10,DE,economy,bundesbank,bundesbank target,0.652,bing
2026-10-10,DE,economy,Ölpreis,ölpreis graph,0.652,google
2026-10-10,DE,economy,bundesbank,bundesbank estr zinssatz,0.649,bing
2026-10-10,DE,economy,bundesbank,bundesbank vordruck 3156,0.649,bing
2026-10-10,DE,it,Kubernetes Operator,kubernetes operator github,0.649,bing
2026-10-10,DE,other,Bonsai,bonsai düsseldorf,0.648,google
2026-10-10,DE,economy,Ölpreis,ölpreis fällt,0.648,bing
2026-10-10,DE,economy,Ölpreis,ölpreis gütersloh,0.648,google
2026-10-10,DE,it,Smart Contract Audit,smart contract security audit,0.646,"bing,google"
2026-10-10,DE,it,MkDocs,mkdocs s3,0.645,bing
2026-10-10,DE,it,Smart Contract Audit,smart contract audit competition,0.644,google
2026-10-10,DE,other,Bonsai,bonsai care tips,0.642,bing
2026-10-10,DE,it,Smart Contract Audit,smart contract audit cost,0.639,google
2026-10-10,DE,it,Kubernetes Operator,kubernetes operator dynatrace,0.634,google
2026-10-10,DE,it,Kubernetes Operator,kubernetes operator explained,0.634,google
2026-10-10,DE,it,Kubernetes Operator,kubernetes operator terraform,0.634,google
2026-10-10,DE,it,Kubernetes Operator,kubernetes operator use cases,0.634,google
2026-10-10,DE,economy,Kaufkraftparität,kaufkraftparität usa,0.633,google
2026-10-10,DE,it,Kubernetes Operator,kubernetes operators,0.633,bing
2026-10-10,DE,other,Bonsai,bonsai deli,0.632,google
2026-10-10,DE,it,MkDocs,mkdocs java,0.632,google
2026-10-10,DE,other,Bonsai,bonsai aesthetics styles,0.629,bing
2026-10-10,DE,other,Bonsai,bonsai österreich kaufen,0.629,google
2026-10-10,DE,economy,bundesbank,bundesbank next portal,0.629,bing
2026-10-10,DE,economy,Kaufkraftparität,kaufkraftparität usd chf,0.629,google
2026-10-10,DE,it,Kubernetes Operator,kubernetes operator kopf,0.629,google
2026-10-10,DE,other,Bonsai,bonsai erde,0.628,bing
2026-10-10,DE,economy,bundesbank,bundesbank nürnberg öffnungszeiten,0.627,"google,bing"
2026-10-10,DE,it,Kubernetes Operator,kubernetes operator keycloak,0.624,google
2026-10-10,DE,it,Kubernetes Operator,kubernetes operator sdk java,0.624,google
2026-10-10,DE,economy,bundesbank,bundesbank augsburg,0.623,bing
2026-10-10,DE,economy,Ölpreis,ölpreis überangebot,0.623,google
2026-10-10,DE,it,MkDocs,mkdocs zen,0.622,google
2026-10-10,DE,economy,Kaufkraftparität,kaufkraftparität theorie,0.62,google
2026-10-10,DE,economy,Ölpreis,warum ölpreis gestiegen,0.619,google
2026-10-10,DE,economy,Ölpreis,ölpreis über 100 dollar,0.619,google
2026-10-10,DE,other,Bonsai,bonsai ähnlich,0.618,google
2026-10-10,DE,other,Bonsai,bonsai ölweide,0.618,google
2026-10-10,DE,economy,Ölpreis,ölpreis mv,0.618,bing
2026-10-10,DE,it,MkDocs,mkdocs add plugin,0.615,bing
2026-10-10,DE,it,MkDocs,mkdocs on windows,0.615,bing
2026-10-10,DE,it,Kubernetes Operator,kubernetes operator webhook,0.614,google
2026-10-10,DE,it,Smart Contract Audit,smart contract audit solana,0.614,google
2026-10-10,DE,other,Bonsai,bonsai äste biegen,0.613,google
2026-10-10,DE,it,MkDocs,mkdocs api documentation,0.613,bing
2026-10-10,DE,other,Bonsai,bonsai öl,0.612,google
2026-10-10,DE,it,MkDocs,mkdocs online,0.612,bing
2026-10-10,DE,it,MkDocs,mkdocs sample,0.612,bing
2026-10-10,DE,it,Kubernetes Operator,kubernetes resource operator kro,0.611,"google,bing"
2026-10-10,DE,it,MkDocs,mkdocs yaml,0.61,bing
2026-10-10,DE,economy,Ölpreis,ölpreis verlauf,0.61,bing
2026-10-10,DE,it,Kubernetes Operator,kubernetes operator ui,0.609,google
2026-10-10,DE,it,MkDocs,mkdocs jinja2,0.608,google
2026-10-10,DE,economy,Ölpreis,ölpreis warum,0.608,google
2026-10-10,DE,other,Bonsai,bonsai museum düsseldorf,0.604,"google,bing"
2026-10-10,DE,economy,Ölpreis,ölpreis österreich aktuell,0.604,google
2026-10-10,DE,economy,Ölpreis,ölpreis gestiegen,0.603,google
2026-10-10,DE,economy,Ölpreis,ölpreis ölheizung,0.603,google
2026-10-10,DE,other,Bonsai,bonsai login,0.602,bing
2026-10-10,DE,other,Bonsai,bonsai tools,0.602,bing
2026-10-10,DE,economy,Ölpreis,ölpreis coop,0.602,bing
2026-10-10,DE,economy,bundesbank,bundesbank meldungen,0.6,"google,bing"
2026-10-10,DE,economy,Kaufkraftparität,kaufkraftparität big mac index,0.6,google
2026-10-10,DE,economy,Kaufkraftparität,kaufkraftparität usa deutschland,0.6,google
2026-10-10,DE,it,Kubernetes Operator,kubernetes operator development,0.6,google
2026-10-10,DE,it,MkDocs,mkdocs search plugin,0.6,"google,bing"
2026-10-10,DE,economy,bundesbank,warum macht bundesbank verluste,0.6,google
2026-10-10,DE,economy,Kaufkraftparität,wie wird die kaufkraftparität berechnet,0.6,google
2026-10-10,DE,other,Bonsai,bonsai äste schneiden,0.599,google
2026-10-10,DE,it,Smart Contract Audit,was ist ein smart contract,0.596,bing
2026-10-10,DE,other,Bonsai,bonsai topf groß,0.593,google
2026-10-10,DE,other,Bonsai,bonsai ökosystem,0.593,google
2026-10-10,DE,economy,Ölpreis,ölpreis neumarkt,0.593,google
2026-10-10,DE,economy,Kaufkraftparität,kaufkraftparität auf englisch,0.59,google
2026-10-10,DE,it,Kubernetes Operator,kubernetes operator kodekloud,0.59,google
2026-10-10,DE,economy,bundesbank,bundesbank termine,0.589,bing
2026-10-10,DE,economy,Ölpreis,heizölpreise aktuell,0.589,google
2026-10-10,DE,it,MkDocs,mkdocs awesome pages,0.589,google
2026-10-10,DE,economy,bundesbank,bundesbank tarifvertrag,0.586,"google,bing"
2026-10-10,DE,other,Bonsai,bonsai blender,0.585,bing
2026-10-10,DE,other,Bonsai,bonsai centrum,0.585,bing
2026-10-10,DE,other,Bonsai,bonsai tonight,0.585,bing
2026-10-10,DE,other,Bonsai,bonsai ähnliche pflanzen,0.584,google
2026-10-10,DE,economy,Kaufkraftparität,kaufkraftparität usd eur,0.584,google
2026-10-10,DE,other,Bonsai,bonsai marktforschung,0.583,bing
2026-10-10,DE,economy,bundesbank,bundesbank meldewesen,0.583,bing
2026-10-10,DE,it,Smart Contract Audit,smart contract audit website,0.58,google
2026-10-10,DE,it,MkDocs,mkdocs zoom mermaid,0.579,google
2026-10-10,DE,economy,Ölpreis,ölpreis hoyer,0.575,bing
2026-10-10,DE,other,Bonsai,bonsai aesthetics guide,0.574,bing
2026-10-10,DE,economy,bundesbank,bundesbank x,0.57,google
2026-10-10,DE,it,Kubernetes Operator,kubernetes operator what is,0.57,google
2026-10-10,DE,it,Smart Contract Audit,smart contract audit bounty,0.57,google
2026-10-10,DE,other,Bonsai,bonsai lego tree,0.569,bing
2026-10-10,DE,it,MkDocs,mkdocs json schema,0.569,google
2026-10-10,DE,economy,Ölpreis,warum ölpreis gefallen,0.564,google
2026-10-10,DE,economy,Ölpreis,ölpreis über die jahre,0.564,google
2026-10-10,DE,it,MkDocs,mkdocs quarto,0.563,google
2026-10-10,DE,economy,bundesbank,bundesbank extranet login,0.561,"google,bing"
2026-10-10,DE,it,Radio Roshen,online radio selber machen,0.56,bing
2026-10-10,DE,it,Smart Contract Audit,smart contract audit skill,0.56,google
2026-10-10,DE,economy,bundesbank,bundesbank termin,0.559,google
2026-10-10,DE,it,MkDocs,mkdocs quickstart,0.559,google
2026-10-10,DE,economy,Ölpreis,ölpreis kärnten,0.559,bing
2026-10-10,DE,it,Smart Contract Audit,warum macht man audits,0.556,bing
2026-10-10,DE,economy,bundesbank,bundesbank mitarbeiterangebote,0.555,"google,bing"
2026-10-10,DE,economy,bundesbank,bundesbank tag der offenen tür,0.555,"google,bing"
2026-10-10,DE,economy,Ölpreis,ölpreis aktuell börse,0.554,google
2026-10-10,DE,other,Bonsai,bonsai online shop,0.553,bing
2026-10-10,DE,it,Kubernetes Operator,kubernetes operator udemy,0.55,google
2026-10-10,DE,economy,bundesbank,bundesbank essen,0.549,google
2026-10-10,DE,it,MkDocs,mkdocs successor,0.549,google
2026-10-10,DE,it,MkDocs,mkdocs templates,0.549,google
2026-10-10,DE,economy,Ölpreis,ölpreis nürnberg,0.549,google
2026-10-10,DE,other,Bonsai,bonsai obi,0.545,bing
2026-10-10,DE,economy,bundesbank,bundesbank tender,0.543,bing
2026-10-10,DE,it,MkDocs,mkdocs zoom,0.543,google
2026-10-10,DE,economy,Kaufkraftparität,kaufkraftparität tabelle,0.54,google
2026-10-10,DE,economy,Kaufkraftparität,was ist kaufkraftparität,0.54,google
2026-10-10,DE,economy,Ölpreis,ölpreis wittlich,0.54,bing
2026-10-10,DE,economy,Ölpreis,ölpreis onvista,0.539,bing
2026-10-10,DE,economy,Ölpreis,ölpreis ölpreis,0.539,google
2026-10-10,DE,other,Bonsai,bonsai center ginkgo,0.536,bing
2026-10-10,DE,it,MkDocs,mkdocs footer,0.53,"google,bing"
2026-10-10,DE,other,Bonsai,bonsai mirai,0.529,bing
2026-10-10,DE,economy,bundesbank,bundesbank ams,0.529,bing
2026-10-10,DE,economy,Ölpreis,ölpreis aachen,0.529,bing
2026-10-10,DE,other,Bonsai,bonsai baum groß,0.524,"google,bing"
2026-10-10,DE,it,MkDocs,mkdocs obsidian,0.523,bing
2026-10-10,DE,economy,Ölpreis,ölpreis aktuell brent,0.521,"google,bing"
2026-10-10,DE,other,Bonsai,bonsai club,0.519,bing
2026-10-10,DE,other,Bonsai,bonsai matcha,0.519,google
2026-10-10,DE,other,Bonsai,bonsai teck,0.519,bing
2026-10-10,DE,other,Bonsai,bonsai österreich,0.514,google
2026-10-10,DE,it,MkDocs,mkdocs zoom image,0.514,google
2026-10-10,DE,economy,Ölpreis,ölpreis heizöl,0.513,bing
2026-10-10,DE,other,Bonsai,bonsai ähnlicher baum,0.51,google
2026-10-10,DE,other,Bonsai,bonsai öffnungszeiten,0.51,google
2026-10-10,DE,economy,bundesbank,bundesbank xml format,0.51,bing
2026-10-10,DE,it,MkDocs,mkdocs tabs,0.51,"google,bing"
2026-10-10,DE,economy,Ölpreis,warum ölpreis so hoch,0.51,google
2026-10-10,DE,economy,Ölpreis,ölpreis gera,0.509,google
2026-10-10,DE,economy,bundesbank,bundesbank monatsbericht,0.507,"google,bing"
2026-10-10,DE,other,Bonsai,bonsai donndorf,0.506,"google,bing"
2026-10-10,DE,other,Bonsai,bonsai olivenbaum,0.506,bing
2026-10-10,DE,economy,Ölpreis,ölpreis gesunken,0.504,google
2026-10-10,DE,it,MkDocs,mkdocs fork,0.499,google
2026-10-10,DE,economy,bundesbank,bundesbank nrw,0.496,"google,bing"
2026-10-10,DE,economy,bundesbank,bundesbank xbrl csv,0.49,google
2026-10-10,DE,economy,Ölpreis,ölpreis nachrichten,0.49,google
2026-10-10,DE,it,MkDocs,mkdocs overview,0.486,bing
2026-10-10,DE,other,Bonsai,bonsai centrum hannover,0.485,"google,bing"
2026-10-10,DE,it,MkDocs,mkdocs frontmatter,0.48,google
2026-10-10,DE,other,Bonsai,bonsai de,0.479,google
2026-10-10,DE,it,MkDocs,mkdocs autorefs,0.477,"google,bing"
2026-10-10,DE,it,MkDocs,mkdocs table,0.476,"bing,google"
2026-10-10,DE,economy,Ölpreis,ölpreis aktie,0.474,bing
2026-10-10,DE,other,Bonsai,bonsai bim,0.473,bing
2026-10-10,DE,other,Bonsai,bonsai bielefeld,0.471,"google,bing"
2026-10-10,DE,other,Bonsai,bonsai aesthetics,0.47,bing
2026-10-10,DE,it,MkDocs,mkdocs javascript,0.47,google
2026-10-10,DE,economy,Ölpreis,ölpreis übersicht,0.47,google
2026-10-10,DE,economy,bundesbank,bundesbank neubrandenburg,0.468,"google,bing"
2026-10-10,DE,other,Bonsai,bonsai lampe,0.464,google
2026-10-10,DE,it,MkDocs,mkdocs quote,0.464,google
2026-10-10,DE,other,Bonsai,bonsai draht kaufen,0.457,"google,bing"
2026-10-10,DE,it,MkDocs,mkdocs js,0.457,bing
2026-10-10,DE,it,MkDocs,mkdocs toc,0.456,"bing,google"
2026-10-10,DE,economy,Ölpreis,ölpreis kurs,0.456,bing
2026-10-10,DE,it,MkDocs,mkdocs to confluence,0.455,"google,bing"
2026-10-10,DE,other,Bonsai,bonsai chinesische ulme,0.448,"google,bing"
2026-10-10,DE,other,Bonsai,bonsai bikes,0.447,"google,bing"
2026-10-10,DE,economy,bundesbank,bundesbank euribor,0.447,"google,bing"
2026-10-10,DE,economy,bundesbank,bundesbank eltville,0.445,"google,bing"
2026-10-10,DE,economy,Ölpreis,ölpreis aktuell barrel,0.442,"google,bing"
2026-10-10,DE,economy,Ölpreis,ölpreis baywa,0.441,"google,bing"
2026-10-10,DE,it,MkDocs,mkdocs forgejo,0.44,bing
2026-10-10,DE,it,MkDocs,mkdocs openapi,0.44,bing
2026-10-10,DE,economy,Ölpreis,ölpreis grafik,0.44,google
2026-10-10,DE,it,MkDocs,mkdocs tags,0.421,"bing,google"
2026-10-10,DE,other,Bonsai,bonsai chili,0.42,google
2026-10-10,DE,other,Bonsai,bonsai oyaki,0.42,bing
2026-10-10,DE,economy,Ölpreis,ölpreis news,0.42,bing
2026-10-10,DE,it,MkDocs,mkdocs features,0.417,"google,bing"
2026-10-10,DE,it,MkDocs,mkdocs quiz,0.41,google
2026-10-10,DE,other,Bonsai,bonsai.de,0.39,bing
2026-10-10,DE,economy,bundesbank,bundesbank münzen,0.388,"google,bing"
2026-10-10,DE,it,MkDocs,mkdocs formatting,0.388,"google,bing"
2026-10-10,DE,economy,Ölpreis,ölpreis brent aktuell,0.388,"google,bing"
2026-10-10,DE,other,Bonsai,bonsai tisch,0.387,"google,bing"
2026-10-10,DE,economy,bundesbank,bundesbank magdeburg,0.382,"google,bing"
2026-10-10,DE,other,Bonsai,bonsai club deutschland,0.363,"google,bing"
2026-10-10,DE,it,MkDocs,mkdocs jupyter notebook,0.363,"google,bing"
2026-10-10,DE,other,Bonsai,bonsai baum pflege,0.362,"google,bing"
2026-10-10,DE,it,MkDocs,mkdocs favicon,0.362,"google,bing"
2026-10-10,DE,other,Bonsai,bonsai lorsch,0.352,"google,bing"
2026-10-10,DE,economy,bundesbank,bundesbank veranstaltungen,0.349,"google,bing"
2026-10-10,DE,economy,bundesbank,bundesbank xsd,0.34,"google,bing"
2026-10-10,DE,it,MkDocs,mkdocs footnotes,0.338,"google,bing"
2026-10-10,DE,it,MkDocs,mkdocs tutorial,0.328,"bing,google"
2026-10-10,DE,other,Bonsai,bonsai münchen,0.318,"google,bing"
2026-10-10,DE,it,MkDocs,mkdocs serve port,0.303,"google,bing"
2026-10-10,DE,economy,Ölpreis,ölpreis weltmarkt,0.303,"google,bing"
2026-10-10,DE,economy,Ölpreis,ölpreis börse,0.301,"bing,google"
2026-10-10,DE,economy,bundesbank,bundesbank telefonnummer,0.284,"google,bing"
2026-10-10,DE,economy,bundesbank,bundesbank xbrl,0.283,"google,bing"
2026-10-10,DE,other,Bonsai,bonsai llm,0.278,"google,bing"
2026-10-10,DE,other,Bonsai,bonsai lärche,0.275,"google,bing"
2026-10-10,DE,it,MkDocs,mkdocs search,0.275,"google,bing"
2026-10-10,DE,economy,bundesbank,bundesbank mainz,0.269,"google,bing"
2026-10-10,DE,other,Bonsai,bonsai draht,0.265,"google,bing"
2026-10-10,DE,other,Bonsai,bonsai dehner,0.263,"google,bing"
2026-10-10,DE,other,Bonsai,bonsai museum,0.263,"google,bing"
2026-10-10,DE,economy,bundesbank,bundesbank nürnberg,0.263,"google,bing"
2026-10-10,DE,it,MkDocs,mkdocs to pdf,0.263,"bing,google"
2026-10-10,DE,economy,Ölpreis,ölpreis barrel,0.254,"google,bing"
2026-10-10,DE,other,Bonsai,bonsai tree lego,0.249,"google,bing"
2026-10-10,DE,economy,bundesbank,bundesbank villingen,0.244,"google,bing"
2026-10-10,DE,economy,bundesbank,bundesbank xml,0.24,"google,bing"
2026-10-10,DE,it,MkDocs,mkdocs for material,0.234,"google,bing"
2026-10-10,DE,other,Bonsai,bonsai münsterland,0.224,"google,bing"
2026-10-10,DE,economy,bundesbank,bundesbank trainee,0.216,"google,bing"
2026-10-10,DE,other,Bonsai,bonsai carmona,0.213,"google,bing"
2026-10-10,DE,economy,bundesbank,bundesbank änderungen,0.21,"google,bing"
2026-10-10,DE,economy,bundesbank,bundesbank erfurt,0.206,"google,bing"
2026-10-10,DE,economy,Ölpreis,ölpreis wti,0.199,"google,bing"
2026-10-10,DE,economy,bundesbank,bundesbank vorstand,0.19,"google,bing"
2026-10-10,DE,it,MkDocs,mkdocs jupyter,0.184,"google,bing"
2026-10-10,DE,economy,Ölpreis,ölpreis österreich,0.18,"google,bing"
2026-10-10,DE,other,Bonsai,bonsai dünger,0.166,"google,bing"
2026-10-10,DE,other,Bonsai,bonsai tree,0.154,"google,bing"
2026-10-10,DE,economy,Ölpreis,ölpreis nrw,0.154,"google,bing"
2026-10-10,DE,it,MkDocs,mkdocs zensical,0.15,"google,bing"
2026-10-10,DE,other,Bonsai,bonsai lego,0.146,"google,bing"
2026-10-10,DE,other,Bonsai,bonsai topf,0.146,"google,bing"
2026-10-10,JP,other,方言 語源,あちゃーやしくちんねーらんくとぅ、ゆーゆーとぅそーいびぃーんどー 沖縄方言の意味,1.0,bing
2026-10-10,JP,science,F4,f4 key not working in excel,0.97,bing
2026-10-10,JP,economy,年金 制度,国民年金を一度も払ってない人は、どうすればいいですか,0.96,bing
2026-10-10,JP,it,ローカル5G,ソニーワイヤレスコミュニケーションズ ローカル5g,0.95,google
2026-10-10,JP,science,mRNA ワクチン,インフルエンザ ワクチン mrna 入っ てる,0.93,google
2026-10-10,JP,other,方言 語源,方言主流社会における方言と共通語の使い分け行動と使い分け意識に関する調査・研究,0.927,bing
2026-10-10,JP,science,mRNA ワクチン,インフルエンザ ワクチン mrna いつから,0.92,bing
2026-10-10,JP,other,方言 語源,方言と方言の昔話による生活文化の保存・継承,0.91,bing
2026-10-10,JP,it,webrtc media helper,how does webrtc work,0.9,bing
2026-10-10,JP,it,webrtc media helper,webrtc media helper mypurecloud.de,0.9,"bing,ddg"
2026-10-10,JP,science,mRNA ワクチン,サイエンス zero mrna ワクチン,0.9,google
2026-10-10,JP,economy,年金 制度,年金制度基礎調査 障害年金受給者実態調査,0.9,bing
2026-10-10,JP,it,webrtc media helper,webrtc is not supported,0.894,bing
2026-10-10,JP,science,F4,f4 mute not working,0.89,bing
2026-10-10,JP,science,F4,f4 qualifying today,0.89,google
2026-10-10,JP,science,mRNA ワクチン,インフルエンザ ワクチン も mrna,0.89,google
2026-10-10,JP,science,F4,f4 que hace en computadora,0.887,bing
2026-10-10,JP,economy,年金 制度,国民年金を払いたくないのですが、どうすればいいですか,0.887,bing
2026-10-10,JP,science,F4,f4 3200c16d 32gtzr,0.88,google
2026-10-10,JP,economy,年金 制度,確定 拠出 年金 制度 退職 したら,0.88,google
2026-10-10,JP,science,mRNA ワクチン,自己増幅型 mrna ワクチン レプリコンワクチン,0.877,bing
2026-10-10,JP,science,F4,f4 mute key not working dell,0.871,bing
2026-10-10,JP,it,コンパイラ 最適化,c++ コンパイラ windows,0.87,bing
2026-10-10,JP,it,webrtc media helper,webrtc-streamer使用,0.87,bing
2026-10-10,JP,science,F4,f4 quadratic equation exercise,0.867,google
2026-10-10,JP,it,webrtc media helper,genesys cloud webrtc media helper download,0.867,google
2026-10-10,JP,science,F4,f4 流星 花園 f4 撲克 牌,0.86,bing
2026-10-10,JP,it,ローカル5G,ローカル5g サミット 2025,0.86,google
2026-10-10,JP,science,F4,f4 key on chromebook,0.856,google
2026-10-10,JP,it,webrtc media helper,mediamtx+webrtc,0.85,bing
2026-10-10,JP,science,mRNA ワクチン,mrna ワクチン 肺炎 球菌,0.85,google
2026-10-10,JP,it,ローカル5G,ローカル5g 陸上特殊無線技士,0.85,bing
2026-10-10,JP,it,ローカル5G,ローカル5gとは わかりやすく,0.85,bing
2026-10-10,JP,economy,年金 制度,公 的 年金 制度 なぜ 必要,0.85,google
2026-10-10,JP,economy,年金 制度,年金制度 仕組み わかりやすい,0.85,bing
2026-10-10,JP,science,F4,f4 qing fei de yi chord,0.841,google
2026-10-10,JP,science,F4,f4 key is used for,0.84,bing
2026-10-10,JP,it,コンパイラ 最適化,オンラインコンパイラ c++,0.84,bing
2026-10-10,JP,economy,年金 制度,年金制度 賦課方式 積立方式,0.84,bing
2026-10-10,JP,economy,年金 制度,年金制度説明会 日本年金機構,0.84,bing
2026-10-10,JP,science,F4,f4 3200c16d 32gtzn,0.836,google
2026-10-10,JP,science,mRNA ワクチン,コロナ ワクチン mrna モデルナ,0.836,google
2026-10-10,JP,it,ローカル5G,総務省 ローカル5g 実証 令和7年,0.836,google
2026-10-10,JP,science,F4,f4 mute key stuck,0.834,bing
2026-10-10,JP,science,F4,f4 qualitative inhaltsanalyse,0.833,"bing,ddg"
2026-10-10,JP,science,mRNA ワクチン,モデルナ インフルエンザ ワクチン mrna,0.831,google
2026-10-10,JP,it,コンパイラ 最適化,c++test コンパイラ,0.83,bing
2026-10-10,JP,science,F4,f4 mute key not working,0.83,"bing,ddg"
2026-10-10,JP,science,mRNA ワクチン,mrna ワクチン dds,0.83,google
2026-10-10,JP,science,mRNA ワクチン,ヤマサ mrna ワクチン,0.83,google
2026-10-10,JP,it,ローカル5G,ローカル5g simカード,0.83,bing
2026-10-10,JP,economy,年金 制度,年金 制度 生活 できない,0.83,google
2026-10-10,JP,economy,年金 制度,年金制度基礎調査 遺族年金受給者実態調査,0.827,bing
2026-10-10,JP,science,mRNA ワクチン,mrna ワクチン わかり やすく,0.826,google
2026-10-10,JP,science,F4,f460 interactivo,0.824,bing
2026-10-10,JP,economy,年金 制度,年金 もらえない 20代 知恵袋,0.824,bing
2026-10-10,JP,science,F4,f46 adhesive,0.82,bing
2026-10-10,JP,science,mRNA ワクチン,mrna ワクチン 画像,0.82,google
2026-10-10,JP,it,ローカル5G,ローカル5g typed,0.82,google
2026-10-10,JP,it,ローカル5G,ローカル5g 日本 だけ,0.82,bing
2026-10-10,JP,science,中隔子宮,中隔子宮 双角子宮 鑑別,0.82,google
2026-10-10,JP,other,方言 語源,日本語の方言16種類を解説 各方言の特徴や「訛り」との違いは,0.82,"bing,ddg"
2026-10-10,JP,science,mRNA ワクチン,mrnaワクチン 従来のワクチン 違い,0.817,bing
2026-10-10,JP,it,ローカル5G,ローカル5g ネットワーク構成図,0.816,bing
2026-10-10,JP,economy,年金 制度,確定 拠出 年金 制度 退職 金,0.816,google
2026-10-10,JP,science,F4,f4 キーがないノートパソコン,0.814,bing
2026-10-10,JP,it,コンパイラ 最適化,linux c++ コンパイラ,0.814,bing
2026-10-10,JP,economy,年金 制度,年金制度基礎資料集 厚生労働省,0.814,bing
2026-10-10,JP,other,方言 語源,方言 都道府県 一覧 おいしい,0.814,bing
2026-10-10,JP,economy,年金 制度,年金のことで質問したいのですが、どこに行けばいいですか,0.813,"bing,ddg"
2026-10-10,JP,science,F4,keyboard f4,0.81,google
2026-10-10,JP,science,mRNA ワクチン,mrnaワクチン 承認,0.81,bing
2026-10-10,JP,science,mRNA ワクチン,mrnaワクチン 治験,0.81,bing
2026-10-10,JP,other,方言 語源,ご したい 方言 語源,0.81,google
2026-10-10,JP,economy,年金 制度,基礎 年金 制度 創設,0.81,google
2026-10-10,JP,science,mRNA ワクチン,mrna ワクチン 免疫 低下,0.806,google
2026-10-10,JP,it,ローカル5G,ローカル5g starlink,0.806,bing
2026-10-10,JP,it,ローカル5G,ローカル5g 日立システムズ,0.804,bing
2026-10-10,JP,science,F4,f4 3200c16d 32gtzrx,0.801,google
2026-10-10,JP,science,F4,f4 que utilidad tiene,0.801,bing
2026-10-10,JP,it,コンパイラ 最適化,c++ コンパイラ windows 標準,0.8,"bing,ddg"
2026-10-10,JP,science,F4,f4 key not working,0.8,bing
2026-10-10,JP,science,F4,f4 muv luv,0.8,google
2026-10-10,JP,science,F4,fia-f4 ルール,0.8,google
2026-10-10,JP,science,mRNA ワクチン,mrnaワクチン 国,0.8,bing
2026-10-10,JP,it,webrtc media helper,webrtc-aec,0.8,bing
2026-10-10,JP,other,方言 語源,え すか 方言 語源,0.8,google
2026-10-10,JP,science,mRNA ワクチン,インフルエンザ ワクチン mrna 日本,0.8,"bing,ddg"
2026-10-10,JP,it,ローカル5G,ローカル5g mri,0.8,bing
2026-10-10,JP,it,ローカル5G,ローカル5g nsa,0.8,bing
2026-10-10,JP,economy,年金 制度,年金制度 所得代替率,0.8,bing
2026-10-10,JP,science,F4,f4 music group,0.796,google
2026-10-10,JP,science,mRNA ワクチン,mrna ワクチン は しか,0.796,google
2026-10-10,JP,science,mRNA ワクチン,mrna ワクチン 具体 例,0.796,google
2026-10-10,JP,economy,年金 制度,在職 老齢 年金 制度 なぜ,0.796,google
2026-10-10,JP,it,コンパイラ 最適化,c++ コンパイラ web,0.794,bing
2026-10-10,JP,science,mRNA ワクチン,mrnaワクチン 大量生産,0.794,bing
2026-10-10,JP,science,F4,f4 ユニット 曲,0.79,google
2026-10-10,JP,science,F4,f430 オムロン,0.79,bing
2026-10-10,JP,science,mRNA ワクチン,m-rnaワクチン,0.79,bing
2026-10-10,JP,it,コンパイラ 最適化,windows c++ コンパイラ,0.79,bing
2026-10-10,JP,other,方言 語源,ō、ó、ǒ、ò、o,0.79,bing
2026-10-10,JP,other,方言 語源,おぞい 方言 語源,0.79,google
2026-10-10,JP,it,ローカル5G,ローカル5g 三菱,0.79,bing
2026-10-10,JP,economy,年金 制度,年金 制度 大学生,0.79,google
2026-10-10,JP,science,mRNA ワクチン,mrnaワクチン 初めて,0.784,bing
2026-10-10,JP,economy,年金 制度,年金制度 世界ランキング,0.784,bing
2026-10-10,JP,it,コンパイラ 最適化,インライン展開とはコンパイラの最適化,0.78,"bing,ddg"
2026-10-10,JP,science,中隔子宮,中隔子宮 生理痛,0.78,google
2026-10-10,JP,economy,年金 制度,厚生労働省なぜ公的年金制度は必要なの,0.78,"bing,ddg"
2026-10-10,JP,economy,年金 制度,年金 制度 失敗,0.78,google
2026-10-10,JP,economy,年金 制度,年金 制度 強制,0.78,google
2026-10-10,JP,economy,年金 制度,年金制度 どうするべきか,0.78,bing
2026-10-10,JP,economy,年金 制度,選択 年金 制度,0.78,google
2026-10-10,JP,other,方言 語源,一方的に 言い換え 意味 英語,0.777,bing
2026-10-10,JP,science,mRNA ワクチン,mrna ワクチン 裁判,0.776,google
2026-10-10,JP,it,ローカル5G,ローカル5g 免許 一覧,0.776,google
2026-10-10,JP,it,ローカル5G,ローカル5g 陸上移動局,0.776,bing
2026-10-10,JP,economy,年金 制度,年金 制度 申請 手続き,0.776,google
2026-10-10,JP,science,F4,f4 que hace,0.774,bing
2026-10-10,JP,science,mRNA ワクチン,mrnaワクチン 構造,0.774,bing
2026-10-10,JP,economy,年金 制度,年金制度 支給開始年齢,0.774,bing
2026-10-10,JP,economy,年金 制度,年金だけ では 暮らせない 当たり前,0.771,bing
2026-10-10,JP,economy,年金 制度,確定 拠出 年金 制度 選択 制,0.771,google
2026-10-10,JP,science,F4,f4 68lv,0.77,google
2026-10-10,JP,science,mRNA ワクチン,mrnaワクチン 生ワクチン 違い,0.77,"bing,ddg"
2026-10-10,JP,other,方言 語源,方言 どのよう にし て 生まれた,0.77,"bing,ddg"
2026-10-10,JP,science,F4,f4 キーのランプが消えない,0.767,bing
2026-10-10,JP,it,ローカル5G,ローカル5g サミット,0.766,google
2026-10-10,JP,it,ローカル5G,ローカル5g トンネル,0.766,bing
2026-10-10,JP,economy,年金 制度,企業 年金 制度 相違,0.766,google
2026-10-10,JP,economy,年金 制度,年金 制度 db dc,0.766,google
2026-10-10,JP,economy,年金 制度,野球 選手 年金 制度,0.766,google
2026-10-10,JP,economy,年金 制度,年金制度基礎資料集 2025年9月,0.761,bing
2026-10-10,JP,other,方言 語源,一方的に 言い換え 類義語 英語,0.76,"bing,ddg"
2026-10-10,JP,economy,年金 制度,国民年金 免除 しない 方がいい,0.76,"bing,ddg"
2026-10-10,JP,science,F4,f4 multitrack field recorder,0.758,google
2026-10-10,JP,science,mRNA ワクチン,mrna ワクチン 優れ て いる 点,0.757,google
2026-10-10,JP,science,F4,f4 russian,0.756,google
2026-10-10,JP,science,F4,f4 キー 効かない,0.756,google
2026-10-10,JP,it,ローカル5G,ローカル5g mno,0.756,bing
2026-10-10,JP,science,F4,f4 流星雨的歌詞,0.754,bing
2026-10-10,JP,economy,年金 制度,年金制度 将来予測,0.754,bing
2026-10-10,JP,economy,年金 制度,年金制度 確定申告,0.754,bing
2026-10-10,JP,science,mRNA ワクチン,mrna ワクチン 動物 用,0.751,google
2026-10-10,JP,science,mRNA ワクチン,mrna ワクチン 問題 点,0.751,google
2026-10-10,JP,it,ローカル5G,総務省 ローカル5g 補助金,0.751,google
2026-10-10,JP,economy,年金 制度,適格 年金 制度 なぜ 廃止,0.751,google
2026-10-10,JP,it,コンパイラ 最適化,c++ コンパイラ バージョン,0.75,"bing,ddg"
2026-10-10,JP,science,F4,f4 key function,0.75,"bing,ddg"
2026-10-10,JP,science,F4,f4 비자,0.75,bing
2026-10-10,JP,it,コンパイラ 最適化,オンライン c++ コンパイラ,0.75,"bing,ddg"
2026-10-10,JP,it,ローカル5G,ローカル5g 展示会,0.75,google
2026-10-10,JP,it,ローカル5G,ローカル5g 用途,0.746,bing
2026-10-10,JP,science,F4,f4 曲,0.74,google
2026-10-10,JP,other,方言 語源,音楽用語 f.o,0.74,bing
2026-10-10,JP,science,mRNA ワクチン,mrnaワクチン 成分,0.737,bing
2026-10-10,JP,it,ローカル5G,ローカル5g 免許取得 企業 一覧,0.737,google
2026-10-10,JP,science,F4,f4 600mm,0.736,google
2026-10-10,JP,science,F4,f4 qatar,0.736,google
2026-10-10,JP,economy,年金 制度,年金 制度 起源,0.736,google
2026-10-10,JP,science,F4,f43s32u,0.734,bing
2026-10-10,JP,other,方言 語源,風、薫る 方言,0.734,bing
2026-10-10,JP,it,webrtc media helper,webrtc media helper mypurecloud com,0.733,google
2026-10-10,JP,science,mRNA ワクチン,mrna ワクチン 技術,0.731,google
2026-10-10,JP,it,コンパイラ 最適化,c++ コンパイル 最適化,0.73,"bing,ddg"
2026-10-10,JP,it,webrtc media helper,webrtc-player,0.73,"bing,ddg"
2026-10-10,JP,science,ボルスク予想,ボウト・ベグホルスト 成績,0.73,"bing,ddg"
2026-10-10,JP,it,ローカル5G,ローカル5g type d,0.73,"bing,ddg"
2026-10-10,JP,it,ローカル5G,ローカル5gソリューション,0.73,"bing,ddg"
2026-10-10,JP,science,F4,f4 mute microphone not working,0.729,"bing,ddg"
2026-10-10,JP,it,ローカル5G,ローカル5g 反射板,0.727,bing
2026-10-10,JP,economy,年金 制度,年金制度 責任準備金,0.727,bing
2026-10-10,JP,science,F4,f4 五月天,0.724,bing
2026-10-10,JP,science,mRNA ワクチン,mrna ワクチン は,0.721,google
2026-10-10,JP,economy,年金 制度,年金 制度 基礎 資料,0.721,google
2026-10-10,JP,economy,年金 制度,年金 制度 障害 年金,0.721,google
2026-10-10,JP,science,F4,f4 キャンバス サイズ,0.72,"google,bing"
2026-10-10,JP,science,mRNA ワクチン,mrnaワクチン 日本製,0.72,"bing,ddg"
2026-10-10,JP,economy,年金 制度,年金制度 デメリット,0.72,bing
2026-10-10,JP,other,方言 語源,方言と ○ ○ 弁の違い,0.72,"bing,ddg"
2026-10-10,JP,science,F4,f4 ruvido album,0.717,google
2026-10-10,JP,science,F4,f4 流星花园ii,0.717,bing
2026-10-10,JP,science,mRNA ワクチン,mrna ワクチン 山中 伸弥,0.717,google
2026-10-10,JP,it,ローカル5G,ローカル5g 空港,0.717,bing
2026-10-10,JP,economy,年金 制度,公 的 年金 制度 生活 保護,0.717,google
2026-10-10,JP,science,F4,f4 有 誰,0.716,google
2026-10-10,JP,science,mRNA ワクチン,mrna ワクチン 長期 的 安全 性,0.712,google
2026-10-10,JP,science,F4,f460 bticino,0.711,bing
2026-10-10,JP,science,mRNA ワクチン,mrna-lnpワクチン,0.711,bing
2026-10-10,JP,it,コンパイラ 最適化,cs+ コンパイラ設定,0.71,"bing,ddg"
2026-10-10,JP,science,F4,f4 3200c16d,0.71,"bing,ddg"
2026-10-10,JP,science,mRNA ワクチン,mrnaワクチン 一覧,0.71,"bing,ddg"
2026-10-10,JP,science,mRNA ワクチン,mrnaワクチン 日本,0.71,"bing,ddg"
2026-10-10,JP,science,mRNA ワクチン,mrnaワクチン 普及,0.71,"bing,ddg"
2026-10-10,JP,other,方言 語源,おだつ 方言 語源,0.71,google
2026-10-10,JP,other,方言 語源,さかい 方言 語源,0.71,google
2026-10-10,JP,it,ローカル5G,ローカル5g sony,0.71,"bing,ddg"
2026-10-10,JP,it,ローカル5G,ローカル5g 大塚商会,0.71,"bing,ddg"
2026-10-10,JP,science,F4,f460jeua,0.707,bing
2026-10-10,JP,science,mRNA ワクチン,mrna ワクチン 有 効率,0.707,google
2026-10-10,JP,science,mRNA ワクチン,mrna ワクチン 発明 者,0.707,google
2026-10-10,JP,economy,年金 制度,年金制度 支給額,0.707,bing
2026-10-10,JP,science,F4,f4 3600c18d 32gtzn,0.702,google
2026-10-10,JP,science,mRNA ワクチン,m-rnaワクチンとは,0.701,bing
2026-10-10,JP,science,mRNA ワクチン,mrnaワクチン 企業,0.701,bing
2026-10-10,JP,it,ローカル5G,ローカル5g 上空利用,0.701,bing
2026-10-10,JP,it,ローカル5G,ローカル5g 資格,0.701,google
2026-10-10,JP,economy,年金 制度,年金制度 そもそも,0.701,google
2026-10-10,JP,science,mRNA ワクチン,mrnaワクチン 本,0.7,"bing,ddg"
2026-10-10,JP,it,ローカル5G,ローカル5g mki,0.7,"bing,ddg"
2026-10-10,JP,economy,年金 制度,年金制度 デジタル化,0.7,"bing,ddg"
2026-10-10,JP,other,方言 語源,方言文末「と」の意味,0.7,"bing,ddg"
2026-10-10,JP,science,F4,f4 key on mac,0.697,google
2026-10-10,JP,science,F4,f4 music note,0.697,google
2026-10-10,JP,science,F4,f4 mute,0.697,bing
2026-10-10,JP,science,F4,f430 中古,0.697,bing
2026-10-10,JP,science,mRNA ワクチン,mrna ワクチン 発がん,0.697,google
2026-10-10,JP,economy,年金 制度,年金制度 方式,0.697,bing
2026-10-10,JP,economy,年金 制度,年金制度 沿革,0.697,bing
2026-10-10,JP,science,F4,f4 key in excel,0.693,"bing,ddg"
2026-10-10,JP,it,ローカル5G,ローカル5g sub6 周波数,0.693,"bing,ddg"
2026-10-10,JP,other,方言 語源,一方的に 言い換え 用語 英語,0.693,"bing,ddg"
2026-10-10,JP,science,F4,f4 油彩 額縁,0.691,google
2026-10-10,JP,science,中隔子宮,中隔子宮 出産率,0.691,google
2026-10-10,JP,economy,年金 制度,年金 制度 タイ,0.691,google
2026-10-10,JP,economy,年金 制度,年金 制度 動画,0.691,google
2026-10-10,JP,it,ローカル5G,ローカル5g 日本,0.69,"bing,ddg"
2026-10-10,JP,it,ローカル5G,ローカル5g 点検,0.69,"bing,ddg"
2026-10-10,JP,it,ローカル5G,ローカル5g 行政,0.69,"bing,ddg"
2026-10-10,JP,it,ローカル5G,ローカル5g 鉄道,0.69,google
2026-10-10,JP,economy,年金 制度,年金制度 三階建て,0.69,"bing,ddg"
2026-10-10,JP,science,mRNA ワクチン,mrna ワクチン 牛肉,0.687,google
2026-10-10,JP,it,コンパイラ 最適化,コンパイラ gcc -o,0.684,"bing,ddg"
2026-10-10,JP,it,ローカル5G,ローカル5g 総務省実証,0.684,"google,bing"
2026-10-10,JP,science,mRNA ワクチン,mrnaワクチン 生ワクチン,0.683,"bing,ddg"
2026-10-10,JP,it,ローカル5G,ローカル5g 減免,0.681,bing
2026-10-10,JP,economy,年金 制度,年金制度 世界比較,0.681,bing
2026-10-10,JP,economy,年金 制度,年金制度 賦課方式,0.681,bing
2026-10-10,JP,science,F4,f46是什么材质,0.68,"bing,ddg"
2026-10-10,JP,science,mRNA ワクチン,mrnaワクチン 作り方,0.68,"bing,ddg"
2026-10-10,JP,other,方言 語源,the・方言大全,0.68,"bing,ddg"
2026-10-10,JP,economy,年金 制度,年金制度基礎調査,0.68,"bing,ddg"
2026-10-10,JP,science,F4,f4 que significa en excel,0.679,"bing,ddg"
2026-10-10,JP,science,F4,f4 キャンバス 額縁,0.677,google
2026-10-10,JP,science,F4,f4 万が,0.677,bing
2026-10-10,JP,science,中隔子宮,中隔子宮 出産 ブログ,0.677,google
2026-10-10,JP,economy,年金 制度,年金 制度 デメリット,0.677,google
2026-10-10,JP,economy,年金 制度,年金 制度 相互 扶助,0.677,google
2026-10-10,JP,economy,年金 制度,年金 制度 破綻 なぜ,0.677,google
2026-10-10,JP,science,mRNA ワクチン,mrnaワクチン 明治,0.674,"bing,ddg"
2026-10-10,JP,science,mRNA ワクチン,mrnaワクチン 作用機序,0.673,"bing,ddg"
2026-10-10,JP,science,mRNA ワクチン,mrnaワクチン 生物基礎,0.673,"bing,ddg"
2026-10-10,JP,science,mRNA ワクチン,mrna ワクチン ヨーロッパ,0.672,google
2026-10-10,JP,science,mRNA ワクチン,mrna ワクチン 最新 情報,0.672,google
2026-10-10,JP,economy,年金 制度,年金 制度 他国 と の 比較,0.672,google
2026-10-10,JP,science,F4,f4 63x,0.671,google
2026-10-10,JP,science,F4,f4 rui,0.671,google
2026-10-10,JP,science,F4,f46d4000-fd22-4db4-ac8e-4e1ddde828fe,0.671,"bing,ddg"
2026-10-10,JP,it,コンパイラ 最適化,windows c コンパイラ 標準,0.671,"bing,ddg"
2026-10-10,JP,economy,年金 制度,年金制度 支払い,0.671,bing
2026-10-10,JP,other,方言 語源,o&o 読み方,0.67,"bing,ddg"
2026-10-10,JP,other,方言 語源,rに〇 読み方,0.67,"bing,ddg"
2026-10-10,JP,other,方言 語源,○○さぁ 方言,0.67,"bing,ddg"
2026-10-10,JP,science,中隔子宮,中隔子宮 軽度,0.67,google
2026-10-10,JP,economy,年金 制度,年金制度 損得,0.67,"bing,ddg"
2026-10-10,JP,economy,年金 制度,年金制度 背景,0.67,"bing,ddg"
2026-10-10,JP,economy,年金 制度,年金制度 資格,0.67,"bing,ddg"
2026-10-10,JP,science,F4,f4 mute microphone,0.666,"bing,ddg"
2026-10-10,JP,science,F4,f46f error kyocera,0.666,"bing,ddg"
2026-10-10,JP,it,コンパイラ 最適化,c 言語コンパイラ最適化,0.663,"bing,ddg"
2026-10-10,JP,it,コンパイラ 最適化,c++ コンパイラ 種類,0.663,"bing,ddg"
2026-10-10,JP,science,mRNA ワクチン,mrnaワクチン 実用化,0.663,"bing,ddg"
2026-10-10,JP,science,mRNA ワクチン,mrnaワクチン 開発者,0.663,"bing,ddg"
2026-10-10,JP,science,mRNA ワクチン,mrna ワクチン 開発 者,0.662,google
2026-10-10,JP,science,F4,f4 流星花園,0.661,bing
2026-10-10,JP,economy,年金 制度,年金制度 上限,0.661,bing
2026-10-10,JP,science,F4,f4 吉他谱,0.66,"bing,ddg"
2026-10-10,JP,it,ローカル5G,ローカル5g 通信速度,0.66,google
2026-10-10,JP,science,mRNA ワクチン,mrnaワクチン 日本国内,0.657,"bing,ddg"
2026-10-10,JP,science,mRNA ワクチン,mrnaワクチン 帯状疱疹ワクチン,0.656,"bing,ddg"
2026-10-10,JP,it,ローカル5G,ローカル5g nttドコモビジネス,0.656,"bing,ddg"
2026-10-10,JP,it,ローカル5G,ローカル5g 日鉄ソリューションズ,0.656,"bing,ddg"
2026-10-10,JP,science,F4,f4 qualifying,0.652,google
2026-10-10,JP,economy,年金 制度,年金 制度 少子 高齢 化,0.652,google
2026-10-10,JP,science,F4,f4 水藍,0.65,"bing,ddg"
2026-10-10,JP,science,F4,f4 美作,0.65,"bing,ddg"
2026-10-10,JP,science,F4,f4 金融,0.65,"bing,ddg"
2026-10-10,JP,science,F4,f4 有効にする,0.647,google
2026-10-10,JP,economy,年金 制度,年金 制度 台湾,0.647,google
2026-10-10,JP,economy,年金 制度,年金 制度 申請,0.647,google
2026-10-10,JP,economy,年金 制度,年金 制度 給付,0.647,google
2026-10-10,JP,science,F4,f4 key on laptop,0.646,"bing,ddg"
2026-10-10,JP,it,ローカル5G,ローカル5g tsn,0.643,"bing,ddg"
2026-10-10,JP,economy,年金 制度,在職老齢年金制度なぜ,0.643,"bing,ddg"
2026-10-10,JP,economy,年金 制度,年金制度 できた理由,0.643,"bing,ddg"
2026-10-10,JP,science,F4,f4 rudskogen,0.642,google
2026-10-10,JP,science,mRNA ワクチン,mrna ワクチン 現在,0.642,google
2026-10-10,JP,science,F4,f4 3回,0.641,bing
2026-10-10,JP,science,F4,f4 mute button won't unmute,0.641,"bing,ddg"
2026-10-10,JP,science,F4,f4 岩崎,0.641,bing
2026-10-10,JP,other,方言 語源,が おる 方言 語源,0.64,google
2026-10-10,JP,other,方言 語源,しばれる 方言 語源,0.64,google
2026-10-10,JP,science,mRNA ワクチン,mrna ワクチン は 安全 か,0.638,google
2026-10-10,JP,science,mRNA ワクチン,mrnaワクチン 最初,0.637,"bing,ddg"
2026-10-10,JP,it,ローカル5G,ローカル5g ソニーワイヤレス,0.636,"bing,ddg"
2026-10-10,JP,economy,年金 制度,一度 も年金 払ったこと ない,0.636,"bing,ddg"
2026-10-10,JP,science,F4,f4 3600c16d 32gtznc,0.633,"google,bing,ddg"
2026-10-10,JP,it,コンパイラ 最適化,コンパイラ cs+,0.633,"bing,ddg"
2026-10-10,JP,it,ローカル5G,ローカル5g 屋内,0.633,"bing,ddg"
2026-10-10,JP,it,ローカル5G,ローカル5g 陸特,0.633,"bing,ddg"
2026-10-10,JP,economy,年金 制度,年金制度 セミナー,0.633,"bing,ddg"
2026-10-10,JP,economy,年金 制度,年金制度基礎資料集,0.633,"bing,ddg"
2026-10-10,JP,economy,年金 制度,年金 制度 なぜ ある,0.632,google
2026-10-10,JP,economy,年金 制度,年金 制度 共済 年金,0.632,google
2026-10-10,JP,economy,年金 制度,年金 制度 相談 窓口,0.632,google
2026-10-10,JP,economy,年金 制度,年金 生活 支援 制度,0.632,google
2026-10-10,JP,science,F4,f4q,0.63,"bing,ddg"
2026-10-10,JP,science,mRNA ワクチン,mrnaワクチン 原理,0.63,"bing,ddg"
2026-10-10,JP,it,ローカル5G,ローカル5g ntt西日本,0.63,"google,bing,ddg"
2026-10-10,JP,science,mRNA ワクチン,mrna ワクチン っ て 何,0.628,google
2026-10-10,JP,science,mRNA ワクチン,mrna ワクチン 有害 事象,0.628,google
2026-10-10,JP,science,F4,f4 600,0.627,google
2026-10-10,JP,it,コンパイラ 最適化,multi 7.1.4 コンパイラ2017.1.5,0.621,"bing,ddg"
2026-10-10,JP,it,ローカル5G,ローカル5g 免許申請,0.621,"google,bing"
2026-10-10,JP,it,ローカル5G,ローカル5g ローミング,0.62,google
2026-10-10,JP,it,ローカル5G,ローカル5g 双日テックイノベーション,0.619,"bing,ddg"
2026-10-10,JP,economy,年金 制度,年金 払ってない人 いま すか 知恵袋,0.619,"bing,ddg"
2026-10-10,JP,it,ローカル5G,ローカル5g ソリューション,0.618,google
2026-10-10,JP,economy,年金 制度,年金 制度 世界 ランキング,0.618,google
2026-10-10,JP,science,mRNA ワクチン,mrnaワクチン 低温保存,0.616,"bing,ddg"
2026-10-10,JP,science,F4,f4 mute button not working dell,0.614,"bing,ddg"
2026-10-10,JP,science,F4,f4 流星花园,0.613,"bing,ddg"
2026-10-10,JP,science,mRNA ワクチン,mrna ワクチン 低温 保存 理由,0.613,google
2026-10-10,JP,other,方言 語源,○○だべ 方言,0.613,"bing,ddg"
2026-10-10,JP,other,方言 語源,○○やね 方言,0.613,"bing,ddg"
2026-10-10,JP,economy,年金 制度,年金制度 財源,0.613,"bing,ddg"
2026-10-10,JP,economy,年金 制度,年金制度 資料,0.613,"bing,ddg"
2026-10-10,JP,it,ローカル5G,ローカル5g 装置,0.612,google
2026-10-10,JP,science,中隔子宮,中隔子宮 自然妊娠,0.612,google
2026-10-10,JP,science,F4,f4 3600c19d 32gsxwb レビュー,0.611,"bing,ddg"
2026-10-10,JP,it,ローカル5G,ローカル5g ニュース,0.61,"google,bing,ddg"
2026-10-10,JP,it,ローカル5G,ローカル5g メーカー,0.61,"google,bing,ddg"
2026-10-10,JP,it,コンパイラ 最適化,c+ コンパイラ,0.607,"bing,ddg"
2026-10-10,JP,it,コンパイラ 最適化,iar コンパイラ最適化,0.606,"bing,ddg"
2026-10-10,JP,science,mRNA ワクチン,mrnaワクチン 薬剤名,0.606,"bing,ddg"
2026-10-10,JP,it,ローカル5G,ローカル5g sa 無線,0.606,"bing,ddg"
2026-10-10,JP,science,F4,f4 大きさ,0.603,"bing,ddg"
2026-10-10,JP,economy,年金 制度,年金制度 損,0.603,"bing,ddg"
2026-10-10,JP,science,F4,f4 キー どこ,0.602,google
2026-10-10,JP,economy,年金 制度,年金 制度 dc,0.602,google
2026-10-10,JP,science,mRNA ワクチン,mrnaワクチン 英語,0.601,"bing,ddg"
2026-10-10,JP,science,mRNA ワクチン,mrna ワクチン 作用,0.598,google
2026-10-10,JP,science,mRNA ワクチン,mrna ワクチン 原理,0.598,google
2026-10-10,JP,science,mRNA ワクチン,mrna ワクチン 問題,0.598,google
2026-10-10,JP,other,方言 語源,○○ばい 方言,0.597,"bing,ddg"
2026-10-10,JP,science,F4,f4 3d model,0.596,"bing,ddg"
2026-10-10,JP,science,mRNA ワクチン,mrnaワクチン 海外,0.596,"bing,ddg"
2026-10-10,JP,it,ローカル5G,ローカル5g tdd1,0.596,"bing,ddg"
2026-10-10,JP,science,F4,f468c,0.593,"bing,ddg"
2026-10-10,JP,science,F4,f4 夢 小説,0.592,google
2026-10-10,JP,it,ローカル5G,ローカル5g ロゴ,0.59,"google,bing,ddg"
2026-10-10,JP,economy,年金 制度,年金 制度 仕組み,0.59,"google,bing,ddg"
2026-10-10,JP,economy,年金 制度,年金 制度 企業 年金,0.588,google
2026-10-10,JP,economy,年金 制度,年金 制度 社会 保険,0.588,google
2026-10-10,JP,it,ローカル5G,ローカル5g 帯域幅,0.586,"bing,ddg"
2026-10-10,JP,economy,年金 制度,年金制度 世代間格差,0.586,"bing,ddg"
2026-10-10,JP,economy,年金 制度,適格年金制度なぜ廃止,0.586,"bing,ddg"
2026-10-10,JP,science,mRNA ワクチン,mrna ワクチン 予防 接種,0.583,google
2026-10-10,JP,science,F4,f4 ken,0.582,google
2026-10-10,JP,science,F4,f4-65x,0.582,google
2026-10-10,JP,science,mRNA ワクチン,mrna ワクチン は 何 回目 から,0.579,google
2026-10-10,JP,economy,年金 制度,年金制度 仕組み わかりやすく,0.579,"bing,ddg"
2026-10-10,JP,it,ローカル5G,ローカル5g 作業班,0.578,google
2026-10-10,JP,economy,年金 制度,年金 制度 体系 図,0.578,google
2026-10-10,JP,it,ローカル5G,ローカル5g 大学,0.576,"bing,ddg"
2026-10-10,JP,economy,年金 制度,年金制度 基礎知識,0.576,"bing,ddg"
2026-10-10,JP,science,mRNA ワクチン,mrna ワクチン 癌 治療,0.573,google
2026-10-10,JP,economy,年金 制度,年金 制度 なぜ 始まっ た,0.573,google
2026-10-10,JP,science,F4,f4 キャンバス,0.571,"google,bing"
2026-10-10,JP,science,mRNA ワクチン,mrnaワクチン 再生医療等製品,0.571,"google,bing,ddg"
2026-10-10,JP,it,コンパイラ 最適化,コンパイラによる最適化の主な目的はどれか,0.571,"bing,ddg"
2026-10-10,JP,science,中隔子宮,中隔子宮 検査,0.57,google
2026-10-10,JP,science,mRNA ワクチン,mrna ワクチン が ん に なる,0.569,google
2026-10-10,JP,economy,年金 制度,年金制度 誰が 作った 日本,0.569,"bing,ddg"
2026-10-10,JP,science,F4,f4 quotes,0.568,google
2026-10-10,JP,science,F4,f4 russia,0.568,google
2026-10-10,JP,science,F4,f4 由来 花 男,0.568,google
2026-10-10,JP,science,F4,f4-65xdti,0.568,google
2026-10-10,JP,economy,年金 制度,年金制度 ドイツ,0.566,"bing,ddg"
2026-10-10,JP,economy,年金 制度,年金制度 外国人,0.566,"bing,ddg"
2026-10-10,JP,science,mRNA ワクチン,mrna���クチン 日本企業,0.564,ddg
2026-10-10,JP,it,ローカル5G,ローカル5g マニュアル,0.563,"google,bing,ddg"
2026-10-10,JP,economy,年金 制度,年金 いらない から 払わない 知恵袋,0.561,"bing,ddg"
2026-10-10,JP,science,mRNA ワクチン,mrnaワクチン 日本企業,0.559,"bing,ddg"
2026-10-10,JP,economy,年金 制度,年金 制度 db,0.558,google
2026-10-10,JP,economy,年金 制度,年金 制度 損得,0.558,google
2026-10-10,JP,other,方言 語源,́・ω・ 意味,0.556,"bing,ddg"
2026-10-10,JP,economy,年金 制度,年金制度 信頼,0.556,"bing,ddg"
2026-10-10,JP,economy,年金 制度,年金制度 英語,0.556,"bing,ddg"
2026-10-10,JP,it,ローカル5G,ローカル5g ��ードマップ,0.554,ddg
2026-10-10,JP,science,mRNA ワクチン,mrna ワクチン 廃止,0.553,google
2026-10-10,JP,science,mRNA ワクチン,mrna ワクチン 最初,0.553,google
2026-10-10,JP,economy,年金 制度,年金 制度 どう 変わる,0.553,google
2026-10-10,JP,other,方言 語源,おがる 方言 語源,0.55,google
2026-10-10,JP,science,mRNA ワクチン,mrnaワクチン 代表例,0.549,"bing,ddg"
2026-10-10,JP,science,mRNA ワクチン,mrnaワクチン 具体例,0.549,"bing,ddg"
2026-10-10,JP,science,F4,f4 キャスト,0.548,google
2026-10-10,JP,science,中隔子宮,中隔子宮 逆子,0.548,google
2026-10-10,JP,science,F4,f4 3200c16d 16gtzr,0.547,"google,bing,ddg"
2026-10-10,JP,science,mRNA ワクチン,mrna ワクチン モデルナ ファイザー,0.544,google
2026-10-10,JP,it,ローカル5G,ローカル5g 免許申���,0.544,ddg
2026-10-10,JP,it,ローカル5G,ローカル5g n79,0.543,"google,bing,ddg"
2026-10-10,JP,economy,年金 制度,年金 制度 専業 主婦,0.543,google
2026-10-10,JP,it,ローカル5G,ローカル5g 遅延,0.54,google
2026-10-10,JP,science,F4,f4 キーが機能しない,0.539,"bing,ddg"
2026-10-10,JP,science,mRNA ワクチン,mrnaワクチン 家畜,0.539,"bing,ddg"
2026-10-10,JP,it,ローカル5G,ローカル5g sub6,0.539,"bing,ddg"
2026-10-10,JP,it,ローカル5G,ローカル5g タイプd,0.539,"bing,ddg"
2026-10-10,JP,science,F4,f4 312,0.538,google
2026-10-10,JP,economy,年金 制度,年金制度なぜ,0.538,google
2026-10-10,JP,other,方言 語源,○○だで 方言,0.537,"bing,ddg"
2026-10-10,JP,science,F4,f4 日本,0.536,"bing,ddg"
2026-10-10,JP,science,F4,f4 3600c19d 16gsxwb,0.534,google
2026-10-10,JP,science,mRNA ワクチン,mrnaワ��チン 治験,0.534,ddg
2026-10-10,JP,science,F4,f4 mumbai,0.533,"google,bing,ddg"
2026-10-10,JP,it,ローカル5G,ローカル5g 免許人,0.533,google
2026-10-10,JP,economy,年金 制度,年金 制度 退職 金,0.533,google
2026-10-10,JP,science,mRNA ワクチン,mrna ワクチン 有効 性,0.529,google
2026-10-10,JP,it,コンパイラ 最適化,コンパイラ最適化とは,0.529,"bing,ddg"
2026-10-10,JP,it,ローカル5G,ローカル5g 一体型,0.529,"bing,ddg"
2026-10-10,JP,economy,年金 制度,年金制度 所得再分配,0.529,"bing,ddg"
2026-10-10,JP,science,F4,f4之首,0.526,"bing,ddg"
2026-10-10,JP,science,F4,f4 キーボード,0.523,"google,bing,ddg"
2026-10-10,JP,it,webrtc media helper,webrtc_streamer,0.521,"bing,ddg"
2026-10-10,JP,other,方言 語源,1. 緒言 読み方,0.519,"bing,ddg"
2026-10-10,JP,science,F4,f4之一清冷万人迷,0.519,"bing,ddg"
2026-10-10,JP,it,ローカル5G,ローカル5g ロードマップ,0.519,bing
2026-10-10,JP,it,ローカル5G,ローカル5g 日立,0.519,"bing,ddg"
2026-10-10,JP,it,ローカル5G,ローカル5g 英語,0.519,"bing,ddg"
2026-10-10,JP,economy,年金 制度,年金制度 どうなる,0.519,"bing,ddg"
2026-10-10,JP,economy,年金 制度,年金制度 基礎年金,0.519,"bing,ddg"
2026-10-10,JP,science,F4,f4 mute button not working,0.517,"bing,ddg"
2026-10-10,JP,science,F4,f4 qing fei de yi,0.514,google
2026-10-10,JP,science,F4,f4 que funcion tiene,0.514,"bing,ddg"
2026-10-10,JP,economy,年金 制度,年金 制度 将来,0.513,google
2026-10-10,JP,economy,年金 制度,年金 制度 相談,0.513,google
2026-10-10,JP,economy,年金 制度,年金 制度 金額,0.513,google
2026-10-10,JP,science,F4,f4 ken chu,0.511,"google,bing,ddg"
2026-10-10,JP,science,F4,f4 qing fei de yi lyrics,0.511,"google,bing,ddg"
2026-10-10,JP,science,mRNA ワクチン,mrna ワクチン 転写,0.509,google
2026-10-10,JP,economy,年金 制度,年金制度 男女差,0.509,"bing,ddg"
2026-10-10,JP,economy,年金 制度,年金��度 始まり,0.504,ddg
2026-10-10,JP,science,F4,f4 3回押す,0.503,google
2026-10-10,JP,economy,年金 制度,年金制度で自営業などの会社員でない人が加入することができない保険,0.5,"bing,ddg"
2026-10-10,JP,science,F4,f46 bmw,0.499,"bing,ddg"
2026-10-10,JP,economy,年金 制度,年金 制度 なぜ 必要,0.499,google
2026-10-10,JP,economy,年金 制度,年金 制度設計,0.499,"bing,ddg"
2026-10-10,JP,it,ローカル5G,ローカル5g ソフトバンク,0.497,"google,bing,ddg"
2026-10-10,JP,science,F4,f4 qartulad,0.496,"google,bing,ddg"
2026-10-10,JP,it,ローカル5G,ローカル5g メリット,0.496,"google,bing,ddg"
2026-10-10,JP,science,mRNA ワクチン,mrna ワクチン 添付 文書,0.494,google
2026-10-10,JP,economy,年金 制度,年金��度 外国,0.494,ddg
2026-10-10,JP,science,F4,f4 rum,0.493,google
2026-10-10,JP,science,F4,f4 油彩額,0.493,google
2026-10-10,JP,science,F4,f4-66x,0.493,google
2026-10-10,JP,science,F4,f4 3600c19d 32gsxwb,0.49,google
2026-10-10,JP,science,F4,f4 66x トーナメントバーサタイル,0.49,google
2026-10-10,JP,it,ローカル5G,ローカル5g 端末,0.49,google
2026-10-10,JP,economy,年金 制度,年金 制度 どうなる,0.489,google
2026-10-10,JP,economy,年金 制度,年金 制度 給付 金,0.489,google
2026-10-10,JP,science,F4,f4 (ユニット) メンバー,0.484,google
2026-10-10,JP,science,F4,f4 3400c16d 16gtz,0.484,"bing,ddg"
2026-10-10,JP,science,mRNA ワクチン,mrna ワクチン 予防効果,0.484,google
2026-10-10,JP,it,ローカル5G,ローカル5g necネッツエスアイ,0.484,"bing,ddg"
2026-10-10,JP,economy,年金 制度,年金 制度 なぜ やめ ない,0.484,google
2026-10-10,JP,science,F4,f4 村田,0.483,google
2026-10-10,JP,science,F4,f4 keyboard,0.481,"bing,ddg"
2026-10-10,JP,science,mRNA ワクチン,mrnaワクチン 現在,0.481,"bing,ddg"
2026-10-10,JP,it,ローカル5G,ローカル5g 大阪ガス,0.481,"bing,ddg"
2026-10-10,JP,economy,年金 制度,年金制度 何歳から払う,0.481,"bing,ddg"
2026-10-10,JP,other,方言 語源,に しゃ 方言 語源,0.48,google
2026-10-10,JP,other,方言 語源,沖縄 の 方言 語源,0.48,google
2026-10-10,JP,science,F4,f4 (ユニット),0.479,google
2026-10-10,JP,science,F4,f4 66x 中古,0.479,google
2026-10-10,JP,science,mRNA ワクチン,mrna ワクチン が ん,0.474,google
2026-10-10,JP,economy,年金 制度,年金 制度 誰が 作っ た,0.474,google
2026-10-10,JP,other,方言 語源,方言 一覧 都道府県別 美味しい,0.474,"bing,ddg"
2026-10-10,JP,it,ローカル5G,ローカル5g tdd,0.471,"bing,ddg"
2026-10-10,JP,other,方言 語源,r&r 読み方,0.47,"bing,ddg"
2026-10-10,JP,science,中隔子宮,中隔子宮 確率,0.47,google
2026-10-10,JP,economy,年金 制度,年金 制度 世界,0.469,google
2026-10-10,JP,economy,年金 制度,年金 制度 体系,0.469,google
2026-10-10,JP,economy,年金 制度,年金 制度 総論,0.469,google
2026-10-10,JP,science,mRNA ワクチン,mrna ワクチン 最新,0.464,google
2026-10-10,JP,science,mRNA ワクチン,mrna ワクチン 麻疹,0.464,google
2026-10-10,JP,economy,年金 制度,年金 いらない から 払わない,0.464,"bing,ddg"
2026-10-10,JP,science,F4,f4 機能,0.461,"google,bing,ddg"
2026-10-10,JP,it,コンパイラ 最適化,コンパイラ c++,0.461,"bing,ddg"
2026-10-10,JP,it,ローカル5G,ローカル5g 屋外,0.461,"bing,ddg"
2026-10-10,JP,it,ローカル5G,ローカル5g 病院,0.461,"bing,ddg"
2026-10-10,JP,other,方言 語源,一方で、 言い換え,0.461,"bing,ddg"
2026-10-10,JP,economy,年金 制度,年金制度 新聞記事,0.461,"bing,ddg"
2026-10-10,JP,science,mRNA ワクチン,mrna ワクチン は いつから,0.46,google
2026-10-10,JP,economy,年金 制度,年金 制度 説明 会 オンライン,0.46,google
2026-10-10,JP,economy,年金 制度,年金 制度 誰が 作っ た 日本,0.46,google
2026-10-10,JP,economy,年金 制度,年金 制度 基礎 調査,0.454,google
2026-10-10,JP,economy,年金 制度,年金制度 始まり,0.453,bing
2026-10-10,JP,economy,年金 制度,年金制度 積立金,0.451,"bing,ddg"
2026-10-10,JP,science,mRNA ワクチン,mrna ワクチン 定期 接種,0.45,google
2026-10-10,JP,science,mRNA ワクチン,mrna ワクチン 村上 康文,0.45,google
2026-10-10,JP,science,mRNA ワクチン,mrnaワクチンはいつから,0.444,"bing,ddg"
2026-10-10,JP,economy,年金 制度,年金 制度 対象 者,0.444,google
2026-10-10,JP,economy,年金 制度,年金 制度 説明 会,0.444,google
2026-10-10,JP,economy,年金 制度,年金制度 何歳からもらえる,0.444,"bing,ddg"
2026-10-10,JP,economy,年金 制度,年金制度 外国,0.443,bing
2026-10-10,JP,other,方言 語源,f.o. 意味,0.441,"bing,ddg"
2026-10-10,JP,economy,年金 制度,年金制度 dc,0.441,"bing,ddg"
2026-10-10,JP,economy,年金 制度,年金制度 将来,0.441,"bing,ddg"
2026-10-10,JP,economy,年金 制度,年金制度 起源,0.441,"bing,ddg"
2026-10-10,JP,science,mRNA ワクチン,mrna ワクチン モデルナ,0.44,google
2026-10-10,JP,science,mRNA ワクチン,mrna ワクチン 作用機序,0.44,google
2026-10-10,JP,it,ローカル5G,ローカル5g nec,0.44,"google,bing,ddg"
2026-10-10,JP,it,コンパイラ 最適化,基本情報 コンパイラ 最適化,0.44,google
2026-10-10,JP,science,F4,f4 るい,0.439,google
2026-10-10,JP,science,F4,f4 無効,0.439,google
2026-10-10,JP,science,F4,f4 結果,0.439,google
2026-10-10,JP,science,F4,f4 3000c16d 16gisb,0.437,"bing,ddg"
2026-10-10,JP,science,F4,f4 610gt3,0.434,google
2026-10-10,JP,it,ローカル5G,ローカル5g typee,0.434,"bing,ddg"
2026-10-10,JP,science,mRNA ワクチン,mrna ワクチン 読み方,0.43,google
2026-10-10,JP,economy,年金 制度,年金 制度 なぜ でき た,0.43,google
2026-10-10,JP,economy,年金 制度,年金 制度 基礎 資料 集,0.43,google
2026-10-10,JP,economy,年金 制度,年金 制度 所得 再 分配,0.43,google
2026-10-10,JP,economy,年金 制度,年金 制度 維持 できない,0.43,google
2026-10-10,JP,economy,年金 制度,年金 かけ て ない人は どうなる,0.427,"bing,ddg"
2026-10-10,JP,it,ローカル5G,ローカル5g ソニー,0.422,"google,bing,ddg"
2026-10-10,JP,science,F4,f4 阿信,0.421,"bing,ddg"
2026-10-10,JP,science,mRNA ワクチン,mrnaワクチンは不活化ワクチン,0.417,"bing,ddg"
2026-10-10,JP,economy,年金 制度,年金 制度 損,0.414,google
2026-10-10,JP,science,F4,f4幽靈,0.411,"bing,ddg"
2026-10-10,JP,it,ローカル5G,ローカル5g ロボット,0.41,google
2026-10-10,JP,it,ローカル5G,ローカル5g 対応端末,0.41,"google,bing,ddg"
2026-10-10,JP,it,コンパイラ 最適化,コンパイラの最適化,0.404,"bing,ddg"
2026-10-10,JP,it,ローカル5G,ローカル5g 距離,0.404,"bing,ddg"
2026-10-10,JP,economy,年金 制度,年金制度 dcとは,0.404,"bing,ddg"
2026-10-10,JP,science,F4,f4 music,0.402,"google,bing,ddg"
2026-10-10,JP,science,mRNA ワクチン,mrnaワクチン 作成方法,0.401,"google,bing,ddg"
2026-10-10,JP,it,ローカル5G,ローカル5g ntt東日本,0.401,"google,bing,ddg"
2026-10-10,JP,economy,年金 制度,年金 制度 創設 者,0.4,google
2026-10-10,JP,economy,年金 制度,年金制度 積立方式と賦課方式,0.397,"bing,ddg"
2026-10-10,JP,science,F4,f4 息子,0.394,google
2026-10-10,JP,economy,年金 制度,年金制度 説明会,0.394,"bing,ddg"
2026-10-10,JP,economy,年金 制度,年金制度 高齢者,0.394,"bing,ddg"
2026-10-10,JP,other,方言 語源,で ら 方言 語源,0.39,google
2026-10-10,JP,science,中隔子宮,中隔子宮 ミレーナ,0.39,google
2026-10-10,JP,science,中隔子宮,中隔子宮 弓状子宮,0.39,google
2026-10-10,JP,science,mRNA ワクチン,mrnaワクチン 帯状疱疹,0.387,"bing,ddg"
2026-10-10,JP,science,mRNA ワクチン,mrnaワクチン 持続期間,0.387,"bing,ddg"
2026-10-10,JP,science,F4,f4 類,0.384,google
2026-10-10,JP,economy,年金 制度,年金制度 記事,0.384,"bing,ddg"
2026-10-10,JP,science,中隔子宮,中隔子宮 妊娠率,0.38,google
2026-10-10,JP,economy,年金 制度,年金 制度 他国,0.38,google
2026-10-10,JP,it,ローカル5G,ローカル5g マップ,0.378,"google,bing,ddg"
2026-10-10,JP,science,F4,f4 流星雨,0.374,"bing,ddg"
2026-10-10,JP,science,F4,f4 遊台灣,0.374,"bing,ddg"
2026-10-10,JP,science,F4,f464cw,0.374,"bing,ddg"
2026-10-10,JP,science,中隔子宮,中隔子宮読み方,0.37,google
2026-10-10,JP,science,F4,f4 ルール,0.36,google
2026-10-10,JP,science,F4,f4 runtime,0.357,"bing,ddg"
2026-10-10,JP,economy,年金 制度,年金制度 なぜできた,0.357,"bing,ddg"
2026-10-10,JP,economy,年金 制度,年金制度 仕組み 図,0.357,"bing,ddg"
2026-10-10,JP,science,mRNA ワクチン,mrnaワクチン モダリティ,0.354,"google,bing,ddg"
2026-10-10,JP,economy,年金 制度,年金 制度 種類,0.351,"bing,ddg,google"
2026-10-10,JP,science,F4,f4 武藤,0.35,google
2026-10-10,JP,science,F4,f4 競馬,0.35,google
2026-10-10,JP,science,mRNA ワクチン,mrnaワクチン ガイドライン,0.35,"bing,ddg"
2026-10-10,JP,it,ローカル5G,ローカル5g 変更,0.347,"bing,ddg"
2026-10-10,JP,economy,年金 制度,年金制度 dbとは,0.347,"bing,ddg"
2026-10-10,JP,science,mRNA ワクチン,mrnaワクチンは生ワクチン,0.34,"bing,ddg"
2026-10-10,JP,science,F4,f4 key,0.338,"google,bing,ddg"
2026-10-10,JP,economy,年金 制度,年金制度 高齢化,0.337,"bing,ddg"
2026-10-10,JP,it,コンパイラ 最適化,最適化コンパイラ,0.337,"bing,ddg"
2026-10-10,JP,it,ローカル5G,ローカル5g sim,0.333,"google,bing,ddg"
2026-10-10,JP,science,mRNA ワクチン,mrnaワクチン モデルナ,0.33,"bing,ddg"
2026-10-10,JP,science,ボルスク予想,ブルスク 0%から進まない,0.33,"bing,ddg"
2026-10-10,JP,economy,年金 制度,年金制度 基本,0.327,"bing,ddg"
2026-10-10,JP,science,F4,f4 qaryak,0.323,"google,bing,ddg"
2026-10-10,JP,it,ローカル5G,ローカル5g 速度,0.323,"google,bing,ddg"
2026-10-10,JP,science,mRNA ワクチン,mrnaワクチン 読み方,0.32,"bing,ddg"
2026-10-10,JP,science,F4,f4 ケンチュウ,0.313,"google,bing,ddg"
2026-10-10,JP,it,ローカル5G,ローカル5g lpwa,0.31,"bing,ddg"
2026-10-10,JP,it,ローカル5G,ローカル5g 帯域,0.304,"bing,ddg,google"
2026-10-10,JP,it,ローカル5G,ローカル5g 兵庫県,0.3,"bing,ddg"
2026-10-10,JP,economy,年金 制度,年金制度 dc db,0.3,"bing,ddg"
2026-10-10,JP,science,F4,f460,0.297,"bing,ddg"
2026-10-10,JP,science,F4,f4 quartz,0.29,"bing,ddg"
2026-10-10,JP,it,ローカル5G,ローカル5g 論文,0.29,"bing,ddg"
2026-10-10,JP,economy,年金 制度,年金制度 なぜ必要,0.29,"bing,ddg"
2026-10-10,JP,economy,年金 制度,年金制度 企業年金,0.29,"bing,ddg"
2026-10-10,JP,economy,年金 制度,年金制度 相互扶助,0.29,"bing,ddg"
2026-10-10,JP,science,F4,f4 ユニパック,0.28,"bing,ddg"
2026-10-10,JP,it,コンパイラ 最適化,コンパイラ最適化,0.28,"bing,ddg"
2026-10-10,JP,it,ローカル5G,ローカル5g ntt,0.28,"google,bing,ddg"
2026-10-10,JP,other,方言 語源,一方、 言い換え,0.28,"bing,ddg"
2026-10-10,JP,science,F4,4runner,0.27,"bing,ddg"
2026-10-10,JP,other,方言 語源,r $ 使い方,0.27,"bing,ddg"
2026-10-10,JP,economy,年金 制度,年金制度 世界,0.27,"bing,ddg"
2026-10-10,JP,economy,年金 制度,年金制度 対策,0.27,"bing,ddg"
2026-10-10,JP,it,ローカル5G,ローカル5g lte,0.257,"google,bing,ddg"
2026-10-10,JP,it,ローカル5G,ローカル5g ミリ波,0.257,"google,bing,ddg"
2026-10-10,JP,science,F4,f4 キー,0.239,"google,bing,ddg"
2026-10-10,JP,science,F4,f46,0.23,"bing,ddg"
2026-10-10,JP,science,F4,f4 由来,0.207,"google,bing,ddg"
2026-10-10,JP,science,F4,f4 検索,0.194,"google,bing,ddg"
2026-10-10,JP,it,ローカル5G,ローカル5g とは,0.19,"google,bing,ddg"
2026-10-10,KR,science,외계행성,문명6 외계행성 탐험대 가속,0.85,google
2026-10-10,KR,it,오버리프,오버리프 bibtex 사용법,0.85,google
2026-10-10,KR,science,외계행성,나사 외계행성 아카이브,0.82,google
2026-10-10,KR,economy,공매도,폭스 바겐 공매도 사건,0.82,google
2026-10-10,KR,economy,공급망,에너지 공급망 다변화,0.81,google
2026-10-10,KR,economy,공매도,금융 감독원 공매도 가이드 라인,0.803,google
2026-10-10,KR,economy,공매도,공매도 박살나라 뜻,0.8,naver
2026-10-10,KR,economy,공매도,공매도랑 매도 차이,0.8,naver
2026-10-10,KR,it,오버리프,오버리프 학생 계정,0.8,google
2026-10-10,KR,economy,공매도,인버스 공매도 차이,0.8,google
2026-10-10,KR,economy,공급망,미국 희토류 공급망 다변화,0.796,google
2026-10-10,KR,economy,공매도,공매도 상환 확인,0.79,google
2026-10-10,KR,economy,공매도,공매도상환확인방법,0.79,naver
2026-10-10,KR,economy,공매도,마이클버리 공매도,0.79,google
2026-10-10,KR,economy,공매도,샤오 아이 공매도,0.79,google
2026-10-10,KR,economy,공급망,현대 자동차 공급망 관리,0.786,google
2026-10-10,KR,economy,공매도,공매도 잔고현황,0.78,google
2026-10-10,KR,economy,공급망,공급망 아이콘,0.77,google
2026-10-10,KR,economy,공매도,공매도 장단점,0.77,naver
2026-10-10,KR,economy,공매도,라쿠텐 공매도,0.77,google
2026-10-10,KR,economy,공매도,공매도마진콜,0.76,naver
2026-10-10,KR,economy,공급망,자원 공급망,0.76,google
2026-10-10,KR,economy,공매도,트럼프 아들 공매도,0.756,google
2026-10-10,KR,economy,공매도,공매도차트,0.75,naver
2026-10-10,KR,economy,공매도,공매도 잔량 확인,0.746,naver
2026-10-10,KR,economy,공매도,선물 공매도 차이,0.746,google
2026-10-10,KR,economy,공매도,폭스 바겐 공매도,0.746,google
2026-10-10,KR,economy,공급망,공급망 안정화법,0.736,google
2026-10-10,KR,economy,공매도,공매도 잔고 뜻,0.736,google
2026-10-10,KR,economy,공매도,공매도 상환 방법,0.733,naver
2026-10-10,KR,economy,공매도,대차 거래 공매도 차이,0.731,google
2026-10-10,KR,economy,공매도,아이온 큐 공매도 현황,0.731,google
2026-10-10,KR,economy,공급망,공급망 안정화 기금 수출입은행,0.727,google
2026-10-10,KR,economy,공매도,공매도 마감일,0.726,google
2026-10-10,KR,economy,공급망,공급망 다각화 영어로,0.721,google
2026-10-10,KR,science,외계행성,가장 추운 외계행성,0.72,google
2026-10-10,KR,economy,공매도,공매도 상폐,0.716,google
2026-10-10,KR,economy,공급망,현대 자동차 공급망,0.711,google
2026-10-10,KR,economy,공매도,바이 낸스 공매도,0.701,google
2026-10-10,KR,economy,공매도,공매도 마이너스,0.691,google
2026-10-10,KR,economy,공매도,공매도많은종목,0.69,naver
2026-10-10,KR,economy,공매도,공매도 잔고 확인 미국,0.687,naver
2026-10-10,KR,economy,공매도,공매도 찾는방법,0.68,naver
2026-10-10,KR,economy,공급망,공급망 안보,0.671,google
2026-10-10,KR,economy,공매도,공매도 잔량,0.671,google
2026-10-10,KR,economy,공매도,공매도 차입 수수료,0.667,google
2026-10-10,KR,economy,공매도,바탈리언오일 공매도,0.667,google
2026-10-10,KR,economy,공매도,아이렌 공매도 비율,0.667,google
2026-10-10,KR,economy,공급망,자동차 산업 공급망,0.667,google
2026-10-10,KR,economy,공매도,허벌 라이프 공매도,0.667,google
2026-10-10,KR,economy,공급망,공급망 안정화 지원 기본법,0.662,google
2026-10-10,KR,economy,공매도,공매도란 무엇인가,0.657,naver
2026-10-10,KR,science,외계행성,가장 차가운 외계행성,0.65,google
2026-10-10,KR,economy,공매도,공매도 상장폐지,0.647,google
2026-10-10,KR,economy,공매도,공매도 많은 주식 디시,0.642,google
2026-10-10,KR,economy,공매도,아이온 큐 공매도 비율,0.642,google
2026-10-10,KR,economy,공매도,이뮤니티 바이오 공매도,0.642,google
2026-10-10,KR,economy,공급망,공급망 다원화,0.637,google
2026-10-10,KR,economy,공매도,공매도 잔고 보는 법,0.632,google
2026-10-10,KR,economy,공매도,공매도 많다는 뜻,0.63,naver
2026-10-10,KR,economy,공매도,공매도 만화,0.627,google
2026-10-10,KR,economy,공매도,공매도 반환,0.627,naver
2026-10-10,KR,economy,공급망,공급망 다변화 전략,0.622,google
2026-10-10,KR,economy,공급망,자동차 부품 공급망,0.622,google
2026-10-10,KR,economy,공급망,공급망 안정화 대국민 정책연구대회,0.613,google
2026-10-10,KR,economy,공매도,공매도 차익 거래,0.612,google
2026-10-10,KR,economy,공매도,아이온 큐 공매도 리포트,0.608,google
2026-10-10,KR,economy,공급망,공급망 안정화 정책,0.6,naver
2026-10-10,KR,economy,공매도,스트 라이브 공매도,0.6,google
2026-10-10,KR,it,오버리프,오버리프 사진 넣기,0.6,google
2026-10-10,KR,economy,공매도,공매도 잔고 확인 방법,0.598,google
2026-10-10,KR,economy,공매도,공매도 장점,0.582,naver
2026-10-10,KR,economy,공매도,공매도 차입비용,0.58,naver
2026-10-10,KR,economy,공매도,공매도 상환기간 없는 이유,0.573,google
2026-10-10,KR,economy,공매도,공매도 반환 기간,0.568,google
2026-10-10,KR,economy,공매도,공매도 상위 종목,0.568,google
2026-10-10,KR,economy,공급망,중국 희토류 공급망 자립,0.563,google
2026-10-10,KR,science,외계행성,가장가까운 외계행성,0.56,google
2026-10-10,KR,economy,공매도,공매도 상환기일,0.551,naver
2026-10-10,KR,economy,공매도,공매도 마진콜,0.548,google
2026-10-10,KR,economy,공급망,자동차 공급망,0.548,google
2026-10-10,KR,economy,공매도,공매도 자격,0.538,naver
2026-10-10,KR,economy,공매도,공매도 차량,0.538,google
2026-10-10,KR,economy,공매도,hlb 공매도 잔고,0.533,naver
2026-10-10,KR,economy,공급망,공급망 다변화 사례,0.533,google
2026-10-10,KR,economy,공매도,공매도 가이드 라인,0.533,google
2026-10-10,KR,economy,공매도,공매도란 무엇인가요,0.533,naver
2026-10-10,KR,economy,공매도,공매도 막는법,0.53,naver
2026-10-10,KR,economy,공매도,공매도 잔고 확인 krx,0.519,naver
2026-10-10,KR,economy,공매도,공매도 반대매매,0.513,google
2026-10-10,KR,economy,공급망,공급망 다변화 영어로,0.51,"naver,google"
2026-10-10,KR,economy,공급망,공급망 안정화 기본법,0.51,naver
2026-10-10,KR,economy,공매도,아이렌 공매도,0.503,google
2026-10-10,KR,economy,공매도,공매도 잔고가 많으면,0.499,google
2026-10-10,KR,economy,공급망,공급망 관리 자격증,0.489,google
2026-10-10,KR,economy,공급망,공급망 안정화 기금,0.489,google
2026-10-10,KR,economy,공매도,공매도 차트 보는법,0.489,google
2026-10-10,KR,science,외계행성,가장 작은 외계행성,0.48,google
2026-10-10,KR,economy,공매도,공매도 많은 주식,0.479,google
2026-10-10,KR,economy,공매도,아이온 큐 공매도,0.479,google
2026-10-10,KR,economy,공매도,공매도 란 무엇 인가,0.477,google
2026-10-10,KR,economy,공급망,공급망 안정화 선도사업자,0.474,google
2026-10-10,KR,economy,공매도,공매도 상위,0.474,naver
2026-10-10,KR,economy,공매도,공매도 반대말,0.459,google
2026-10-10,KR,economy,공매도,공매도 사이트,0.459,google
2026-10-10,KR,economy,공매도,부산 공매도 아파트,0.444,google
2026-10-10,KR,economy,공급망,공급망 안정화 기본계획,0.42,google
2026-10-10,KR,it,오버리프,오버리프 각주 넣는 법,0.42,naver
2026-10-10,KR,economy,공급망,공급망 다각화,0.414,google
2026-10-10,KR,economy,공급망,공급망 자립화,0.414,google
2026-10-10,KR,economy,공매도,공매도 반대,0.404,google
2026-10-10,KR,economy,공매도,공매도 차트,0.404,google
2026-10-10,KR,economy,공매도,공매도 잔고 순위,0.401,"naver,google"
2026-10-10,KR,science,외계행성,가장 큰 외계행성,0.39,google
2026-10-10,KR,economy,공매도,개인 공매도 방법,0.39,naver
2026-10-10,KR,it,오버리프,오버리프 타임아웃,0.39,google
2026-10-10,KR,science,외계행성,외계행성 아틀라스,0.39,google
2026-10-10,KR,economy,공매도,공매도 상환일,0.381,"naver,google"
2026-10-10,KR,economy,공급망,공급망 자격증,0.37,google
2026-10-10,KR,economy,공매도,공매도 만기일,0.37,google
2026-10-10,KR,economy,공매도,공매도 암살자,0.37,google
2026-10-10,KR,economy,공매도,공매도 참교육,0.37,google
2026-10-10,KR,science,외계행성,나사 외계행성,0.37,google
2026-10-10,KR,economy,공급망,바이오 공급망,0.37,google
2026-10-10,KR,science,외계행성,외계행성 발견,0.37,google
2026-10-10,KR,economy,공급망,공급망 마비,0.36,google
2026-10-10,KR,economy,공매도,공매도 차단,0.36,naver
2026-10-10,KR,economy,공매도,공매도 란,0.35,google
2026-10-10,KR,economy,공매도,공매도 상환 뜻,0.309,"naver,google"
2026-10-10,KR,economy,공급망,공급망 다변화 뜻,0.29,"naver,google"
2026-10-10,KR,economy,공급망,공급망 안정화,0.248,"naver,google"
2026-10-10,KR,economy,공매도,공매도 만기,0.193,"naver,google"
2026-10-10,KR,economy,공매도,공매도 방법,0.193,"naver,google"
2026-10-10,KR,economy,공매도,공매도 차입,0.193,"naver,google"
2026-10-10,KR,economy,공매도,공매도 많으면,0.15,"naver,google"
2026-10-10,KR,economy,공매도,공매도 상환,0.117,"naver,google"
2026-10-10,KR,economy,공매도,공매도 상환기간,0.08,"naver,google"
2026-10-10,RU,science,CRISPR,cheese flowing crisp фикс прайс,1.0,yandex
2026-10-10,RU,science,CRISPR,crisp луговая ул вл20ас1 отзывы,1.0,yandex
2026-10-10,RU,economy,рынок электроэнергии,выход на оптовый рынок электроэнергии,1.0,yandex
2026-10-10,RU,economy,рынок электроэнергии,единый рынок электроэнергии еаэс,1.0,google
2026-10-10,RU,economy,что такое ввп,знак указатель рейда на ввп что означает,1.0,yandex
2026-10-10,RU,economy,рынок электроэнергии,как выйти на оптовый рынок электроэнергии,1.0,google
2026-10-10,RU,economy,рынок электроэнергии,как выйти на оптовый рынок электроэнергии и мощности,1.0,yandex
2026-10-10,RU,economy,рынок электроэнергии,как работает рынок электроэнергии в украине,1.0,google
2026-10-10,RU,economy,курс рубля,курс рубля онлайн в режиме реального времени,1.0,yandex
2026-10-10,RU,economy,курс рубля,курс рубля усть-каменогорск на сегодня,1.0,google
2026-10-10,RU,it,ядро Linux,матвеева ядро linux сборка настройка управление,1.0,google
2026-10-10,RU,science,CRISPR,насадка аэрогриль extra crisp tefal,1.0,yandex
2026-10-10,RU,economy,рынок электроэнергии,оптовый рынок электроэнергии на предприятии,1.0,yandex
2026-10-10,RU,economy,курс рубля,почему курс рубля к доллару падает,1.0,google
2026-10-10,RU,economy,рынок электроэнергии,розничный рынок электроэнергии это,1.0,google
2026-10-10,RU,science,Томатин,тимати feat. busta rhymes mariya love you,1.0,yandex
2026-10-10,RU,science,Томатин,тимати respect fromcourchevel.,1.0,yandex
2026-10-10,RU,economy,что такое ввп,что означает ввп на душу населения,1.0,yandex
2026-10-10,RU,economy,что такое ввп,что отражает ввп на душу населения,1.0,google
2026-10-10,RU,economy,что такое ввп,что такое ввп в географии 10 класс,1.0,yandex
2026-10-10,RU,economy,что такое ввп,что такое ввп география 8 класс,1.0,yandex
2026-10-10,RU,economy,что такое ввп,что такое ввп и от чего зависит,1.0,google
2026-10-10,RU,it,ядро Linux,ядро linux описание разработки роберт лав,1.0,google
2026-10-10,RU,it,ядро Linux,как поменять ядро astra linux,0.99,yandex
2026-10-10,RU,science,CRISPR,crispr cas9 генная инженерия,0.98,yandex
2026-10-10,RU,economy,что такое ввп,что такое ввп на украинском,0.97,google
2026-10-10,RU,it,ядро Linux,kali linux обновление ядра,0.96,yandex
2026-10-10,RU,economy,курс рубля,курс рубля обменники семей,0.96,google
2026-10-10,RU,science,CRISPR,crispr cas9 что это простыми словами,0.956,yandex
2026-10-10,RU,it,ядро Linux,как поменять основное ядро linux arch,0.956,yandex
2026-10-10,RU,economy,курс рубля,курс рубля ош сегодня компаньон банк,0.956,google
2026-10-10,RU,economy,курс рубля,курс рубля центральный банк россии,0.956,google
2026-10-10,RU,economy,курс рубля,почему курс рубля растет к тенге на сегодня,0.956,yandex
2026-10-10,RU,science,Томатин,тимати vs баста битва фанклубов,0.956,yandex
2026-10-10,RU,economy,что такое ввп,что такое ввп на душу населения простыми словами кратко и понятно,0.956,yandex
2026-10-10,RU,science,CRISPR,crispr cas9 когда открыли,0.95,yandex
2026-10-10,RU,it,ядро Linux,обновление ядра alt linux,0.95,yandex
2026-10-10,RU,economy,что такое ввп,что показывает ввп на душу населения,0.943,google
2026-10-10,RU,economy,что такое ввп,что такое уровень ввп на душу населения,0.943,google
2026-10-10,RU,science,CRISPR,crispr cas9 як читається,0.94,google
2026-10-10,RU,science,Томатин,тимати vahue текст песни,0.94,yandex
2026-10-10,RU,science,CRISPR,солод crisp для виски купить,0.936,yandex
2026-10-10,RU,science,Томатин,tomatin legacy алкотека,0.93,google
2026-10-10,RU,economy,курс рубля,курс рубля лидер рудный,0.93,google
2026-10-10,RU,economy,курс рубля,курс рубля центробанка,0.92,yandex
2026-10-10,RU,economy,что такое ввп,что такое матрос с ввп,0.92,google
2026-10-10,RU,economy,курс рубля,курс рубля за месяц график,0.916,google
2026-10-10,RU,science,CRISPR,crispr cas9 нобелевская премия,0.911,yandex
2026-10-10,RU,it,ядро Linux,посмотреть версию ядра astra linux,0.911,yandex
2026-10-10,RU,economy,курс рубля,почему курс рубля в казахстане падает,0.911,yandex
2026-10-10,RU,economy,что такое ввп,что такое ввп в обществознании,0.911,yandex
2026-10-10,RU,science,CRISPR,crispr cas9 як працює,0.91,google
2026-10-10,RU,science,Томатин,купити tomatin legacy,0.91,google
2026-10-10,RU,economy,курс рубля,курс рубля цб армении,0.91,google
2026-10-10,RU,science,CRISPR,crispr cas9 синдром дауна,0.906,google
2026-10-10,RU,science,Томатин,виски томатин 12 лет цена,0.906,yandex
2026-10-10,RU,science,Томатин,виски томатин легаси 0.7 цена,0.901,yandex
2026-10-10,RU,science,Томатин,уиски томатин легаси,0.9,google
2026-10-10,RU,science,CRISPR,crispr cas9 лечение,0.89,google
2026-10-10,RU,economy,курс рубля,рубль японская йена,0.89,yandex
2026-10-10,RU,economy,что такое ввп,что такое ввп внп и ппс,0.886,yandex
2026-10-10,RU,economy,курс рубля,курс рубля центральный банк,0.881,google
2026-10-10,RU,science,CRISPR,honey crisp яблоня,0.88,yandex
2026-10-10,RU,economy,курс рубля,курс рубля могилев,0.88,google
2026-10-10,RU,it,Silver Pines,пинус силвър крест,0.88,google
2026-10-10,RU,science,CRISPR,anna faggio cafe crisp,0.876,yandex
2026-10-10,RU,economy,курс рубля,курс рубля за 3 месяца,0.876,yandex
2026-10-10,RU,economy,курс рубля,курс рубля январь 2021,0.876,google
2026-10-10,RU,science,Томатин,тимати forever аккорды,0.876,yandex
2026-10-10,RU,it,ядро Linux,как пересобрать ядро linux,0.871,yandex
2026-10-10,RU,economy,курс рубля,курс рубля злотый польский,0.871,yandex
2026-10-10,RU,science,CRISPR,crispr кто создал,0.87,google
2026-10-10,RU,economy,курс рубля,курс рубля завтра,0.87,google
2026-10-10,RU,economy,курс рубля,курс рубля к воне,0.87,yandex
2026-10-10,RU,economy,курс рубля,курс рубля майфин,0.87,yandex
2026-10-10,RU,economy,курс рубля,курс рубля якутск,0.87,google
2026-10-10,RU,it,ядро Linux,как выбрать ядро при загрузке linux,0.867,yandex
2026-10-10,RU,it,ядро Linux,как собрать ядро linux под arm,0.867,google
2026-10-10,RU,economy,курс рубля,курс рубля лисаковск на сегодня,0.867,google
2026-10-10,RU,economy,курс рубля,курс рубля относительно доллара,0.867,google
2026-10-10,RU,economy,рынок электроэнергии,оптовый рынок электроэнергии это,0.867,google
2026-10-10,RU,economy,курс рубля,почему курс рубля такой низкий к другим валютам,0.867,yandex
2026-10-10,RU,science,Томатин,тимати forever feat mario winans перевод,0.867,yandex
2026-10-10,RU,science,CRISPR,crispr когда появился,0.866,google
2026-10-10,RU,it,ядро Linux,посмотреть ядро linux,0.866,google
2026-10-10,RU,economy,курс рубля,курс рубля москва сегодня,0.861,yandex
2026-10-10,RU,science,CRISPR,crispr гэж юу вэ,0.86,google
2026-10-10,RU,economy,курс рубля,курс рубля зайза,0.86,yandex
2026-10-10,RU,science,CRISPR,чипсы crisp wave,0.86,yandex
2026-10-10,RU,economy,курс рубля,курс рубля уральск на сегодня,0.857,google
2026-10-10,RU,economy,курс рубля,курс рубль японская йена,0.851,yandex
2026-10-10,RU,economy,рынок электроэнергии,оптовый рынок электроэнергии в казахстане,0.85,google
2026-10-10,RU,economy,курс рубля,почему курс рубля резко упал,0.847,google
2026-10-10,RU,science,CRISPR,crispr простыми словами,0.841,google
2026-10-10,RU,science,CRISPR,crispr какво е,0.84,google
2026-10-10,RU,science,CRISPR,crispr кассета,0.84,google
2026-10-10,RU,science,Томатин,tomatin 8 цена,0.84,google
2026-10-10,RU,economy,рынок электроэнергии,выход на оптовый рынок электроэнергии условия,0.84,yandex
2026-10-10,RU,economy,курс рубля,курс рубля лей,0.84,yandex
2026-10-10,RU,it,ядро Linux,astra linux 1.8 версия ядра,0.837,yandex
2026-10-10,RU,economy,курс рубля,курс рубля лунинец,0.836,google
2026-10-10,RU,economy,курс рубля,курс рубля узб сум,0.836,google
2026-10-10,RU,science,CRISPR,crispr як читається,0.833,google
2026-10-10,RU,science,Томатин,тимати forever перевод,0.831,yandex
2026-10-10,RU,it,ядро Linux,linux монолитное ядро,0.83,google
2026-10-10,RU,science,Томатин,тимати xzibit,0.83,yandex
2026-10-10,RU,science,CRISPR,crispr қалай жұмыс істейді,0.827,yandex
2026-10-10,RU,economy,курс рубля,курс рубля минфин,0.826,yandex
2026-10-10,RU,economy,курс рубля,курс рубля москва,0.826,google
2026-10-10,RU,science,Томатин,томатин дабл каск,0.826,google
2026-10-10,RU,science,CRISPR,яблоки honey crisp,0.823,yandex
2026-10-10,RU,economy,курс рубля,курс рубля лира турецкая в турции на сегодня,0.822,yandex
2026-10-10,RU,economy,курс рубля,курс рубля обменники петропавловск,0.822,google
2026-10-10,RU,economy,курс рубля,почему курс рубля падает в казахстане,0.822,google
2026-10-10,RU,science,Томатин,тимати feat. рекорд оркестр баклажан лада седан скачать,0.822,yandex
2026-10-10,RU,economy,что такое ввп,что такое ввп на душу населения в россии,0.822,yandex
2026-10-10,RU,it,ядро Linux,ядро linux описание процесса разработки роберт лав,0.822,google
2026-10-10,RU,science,CRISPR,crisp как переводится,0.821,yandex
2026-10-10,RU,science,Томатин,уиски томатин мнения,0.82,google
2026-10-10,RU,it,ядро Linux,astra linux ядра,0.816,yandex
2026-10-10,RU,economy,курс рубля,курс рубля ослаб,0.816,yandex
2026-10-10,RU,economy,курс рубля,курс рубля обменники костаная,0.812,yandex
2026-10-10,RU,science,Томатин,tomatin виски купить,0.811,google
2026-10-10,RU,economy,что такое ввп,что такое ввп на сво,0.811,yandex
2026-10-10,RU,it,Silver Pines,пинус сильвер крест,0.81,google
2026-10-10,RU,science,Томатин,tomatin 12 цена,0.806,google
2026-10-10,RU,economy,курс рубля,курс рубль юань,0.806,yandex
2026-10-10,RU,economy,курс рубля,курс рубля упал,0.806,yandex
2026-10-10,RU,science,CRISPR,гейхера apple crisp,0.801,yandex
2026-10-10,RU,economy,курс рубля,курс рубля за 5 лет,0.801,google
2026-10-10,RU,it,star wars bounty,star wars bounty hunter скачать торрент,0.8,yandex
2026-10-10,RU,economy,что такое ввп,что такое уровень ввп,0.796,google
2026-10-10,RU,science,CRISPR,crispr конференция,0.791,google
2026-10-10,RU,science,Томатин,tomatin 8 лет цена,0.791,google
2026-10-10,RU,science,CRISPR,crisp луговая ул вл20ас1 меню,0.79,yandex
2026-10-10,RU,science,CRISPR,extra crisp tefal,0.79,yandex
2026-10-10,RU,science,CRISPR,акции crispr therapeutics,0.79,yandex
2026-10-10,RU,it,ядро Linux,обновить ядро линукс минт,0.79,google
2026-10-10,RU,economy,курс рубля,курс рубля за 2025 год,0.787,yandex
2026-10-10,RU,economy,курс рубля,курс рубля январь 2023,0.787,google
2026-10-10,RU,economy,курс рубля,курс рубля моссовет бишкек,0.782,yandex
2026-10-10,RU,economy,курс рубля,почему курс рубля поднялся,0.782,yandex
2026-10-10,RU,economy,курс рубля,курс рубля магнат,0.781,google
2026-10-10,RU,economy,курс рубля,курс рубля январь,0.781,google
2026-10-10,RU,it,Silver Pines,silver pines купить ключ,0.78,google
2026-10-10,RU,it,ядро Linux,лучшее ядро линукс,0.78,google
2026-10-10,RU,economy,курс рубля,курс рубля золотая корона на сегодня,0.778,google
2026-10-10,RU,economy,курс рубля,курс рубля онлайн в реальном времени,0.778,yandex
2026-10-10,RU,science,Томатин,"тимати feat. l'one, джиган варчун крэк карандаш tattoo текст",0.778,yandex
2026-10-10,RU,it,ядро Linux,ядро linux описание процесса разработки pdf,0.778,google
2026-10-10,RU,science,CRISPR,crispr cas технология,0.777,yandex
2026-10-10,RU,economy,что такое ввп,что такое ввп в армии,0.777,yandex
2026-10-10,RU,economy,курс рубля,рубль доллар,0.776,yandex
2026-10-10,RU,economy,курс рубля,курс рубля от цб,0.771,yandex
2026-10-10,RU,economy,курс рубля,курс рубля относительно тенге,0.768,google
2026-10-10,RU,science,Томатин,тимати vs егор крид звездопад,0.768,yandex
2026-10-10,RU,economy,курс рубля,курс рубля цб график,0.767,google
2026-10-10,RU,science,Томатин,тимати vahue слушать,0.767,yandex
2026-10-10,RU,economy,что такое ввп,что такое ввп в море,0.767,google
2026-10-10,RU,science,CRISPR,яблоня honey crisp,0.766,yandex
2026-10-10,RU,science,CRISPR,как работает crispr cas9,0.762,yandex
2026-10-10,RU,economy,курс рубля,курс рубля цб узбекистан,0.762,google
2026-10-10,RU,economy,курс рубля,курс рубля орша,0.761,google
2026-10-10,RU,economy,рынок электроэнергии,как устроен рынок электроэнергии,0.76,google
2026-10-10,RU,it,ядро Linux,лучшее ядро линукс для игр,0.76,google
2026-10-10,RU,science,CRISPR,насадка-аэрогриль tefal extra crisp ey150830,0.76,yandex
2026-10-10,RU,economy,рынок электроэнергии,рынок на сутки вперед электроэнергии это,0.76,yandex
2026-10-10,RU,science,CRISPR,crispr как выглядит,0.757,google
2026-10-10,RU,economy,что такое ввп,что такое ввп в авиации,0.752,yandex
2026-10-10,RU,economy,курс рубля,курс рубля лея,0.751,google
2026-10-10,RU,economy,курс рубля,курс рубля цбр,0.751,yandex
2026-10-10,RU,science,CRISPR,crispr на людях,0.75,google
2026-10-10,RU,it,ядро Linux,обновление ядра astra linux,0.748,yandex
2026-10-10,RU,science,CRISPR,chunfu crisp angle,0.747,yandex
2026-10-10,RU,science,Томатин,виски томатин цена,0.747,yandex
2026-10-10,RU,economy,курс рубля,курс рубля молдова,0.747,google
2026-10-10,RU,science,CRISPR,система crispr cas,0.747,google
2026-10-10,RU,economy,курс рубля,курс рубль японский ен,0.742,yandex
2026-10-10,RU,economy,курс рубля,курс рубля январь 2024,0.742,google
2026-10-10,RU,science,CRISPR,фиалка raspberry crisp,0.742,yandex
2026-10-10,RU,economy,что такое ввп,что такое ввп у стран,0.739,google
2026-10-10,RU,science,Томатин,tomatin 12 купить,0.737,google
2026-10-10,RU,economy,курс рубля,курс рубля к бату,0.737,yandex
2026-10-10,RU,economy,курс рубля,курс рубля оптима,0.737,yandex
2026-10-10,RU,economy,рынок электроэнергии,балансирующий рынок электроэнергии это,0.733,google
2026-10-10,RU,economy,рынок электроэнергии,как устроен рынок электроэнергии в казахстане,0.733,yandex
2026-10-10,RU,economy,курс рубля,курс рубля у белорусскому рублю,0.733,yandex
2026-10-10,RU,economy,курс рубля,почему курс рубля падает по отношению к тенге,0.733,yandex
2026-10-10,RU,economy,курс рубля,почему курс рубля падает сегодня,0.733,google
2026-10-10,RU,science,Томатин,тимати feat. егор крид где ты где я скачать,0.733,yandex
2026-10-10,RU,it,ядро Linux,alt linux версия ядра,0.732,yandex
2026-10-10,RU,science,Томатин,купить tomatin legacy,0.732,google
2026-10-10,RU,economy,курс рубля,курс рубля цб на дату,0.732,yandex
2026-10-10,RU,science,Томатин,альфа томатин,0.73,google
2026-10-10,RU,economy,курс рубля,курс рубля золотая корона,0.728,yandex
2026-10-10,RU,economy,курс рубля,курс рубля к тенге онлайн,0.728,yandex
2026-10-10,RU,science,CRISPR,технология crispr что это,0.728,yandex
2026-10-10,RU,science,CRISPR,финские хлебцы finn crisp,0.728,yandex
2026-10-10,RU,it,ядро Linux,альт линукс ядро,0.727,yandex
2026-10-10,RU,it,ядро Linux,alt linux удалить старые ядра,0.723,yandex
2026-10-10,RU,economy,курс рубля,курс рубля узбекистан сегодня,0.723,google
2026-10-10,RU,science,Томатин,тимати vahue скачать,0.722,yandex
2026-10-10,RU,science,Томатин,уиски tomatin цена,0.72,google
2026-10-10,RU,science,CRISPR,crispr для чайников,0.719,google
2026-10-10,RU,science,CRISPR,crispr cas9 купить набор,0.718,yandex
2026-10-10,RU,economy,курс рубля,курс рубля узбекский сум,0.718,google
2026-10-10,RU,economy,что такое ввп,что такое ввп в колледже,0.718,yandex
2026-10-10,RU,it,ядро Linux,ядро линукс последняя версия,0.713,yandex
2026-10-10,RU,science,CRISPR,система crispr cas9,0.712,google
2026-10-10,RU,science,CRISPR,crispzone в холодильнике,0.711,yandex
2026-10-10,RU,science,Томатин,тимати vk,0.701,yandex
2026-10-10,RU,economy,что такое ввп,что такое ввп у военных,0.701,google
2026-10-10,RU,economy,курс рубля,почему курс рубля такой низкий,0.7,"yandex,google"
2026-10-10,RU,economy,что такое ввп,что такое ввп горячего водоснабжения,0.7,"yandex,google"
2026-10-10,RU,economy,курс рубля,курс рубля январь 2022,0.698,google
2026-10-10,RU,science,CRISPR,crisp что это,0.697,yandex
2026-10-10,RU,economy,курс рубля,курс рубля за год,0.692,google
2026-10-10,RU,economy,курс рубля,курс рубля у лире,0.692,yandex
2026-10-10,RU,it,ядро Linux,как поменять основное ядро linux,0.689,yandex
2026-10-10,RU,science,Томатин,тимати welcome to st tropez скачать,0.689,yandex
2026-10-10,RU,science,Томатин,тимати клипы,0.687,yandex
2026-10-10,RU,economy,курс рубля,курс рубля мбанк,0.682,google
2026-10-10,RU,science,CRISPR,что такое crispr,0.682,yandex
2026-10-10,RU,science,CRISPR,crispr 2025 ереван,0.68,google
2026-10-10,RU,science,CRISPR,crispr лечение вич,0.68,google
2026-10-10,RU,economy,рынок электроэнергии,как работает рынок электроэнергии,0.68,google
2026-10-10,RU,economy,курс рубля,курс рубля цб казахстана,0.673,yandex
2026-10-10,RU,science,CRISPR,crispr компания,0.672,google
2026-10-10,RU,economy,курс рубля,курс рубля лида,0.672,google
2026-10-10,RU,economy,курс рубля,рубль юань,0.667,yandex
2026-10-10,RU,economy,курс рубля,курс рубля за все время,0.663,google
2026-10-10,RU,science,Томатин,томатин алкоголь,0.66,google
2026-10-10,RU,economy,курс рубля,курс рубля усть-каменогорск,0.659,google
2026-10-10,RU,economy,курс рубля,курс рубля оптима банк,0.653,google
2026-10-10,RU,economy,курс рубля,курс рубля центркредит,0.653,google
2026-10-10,RU,economy,рынок электроэнергии,как устроен рынок электроэнергии в россии,0.65,"yandex,google"
2026-10-10,RU,economy,курс рубля,почему курс рубля укрепляется,0.646,"yandex,google"
2026-10-10,RU,science,CRISPR,crispr что это простыми словами,0.644,yandex
2026-10-10,RU,economy,курс рубля,почему курс рубля к тенге падает,0.644,google
2026-10-10,RU,economy,что такое ввп,что такое ввп у матроса,0.644,google
2026-10-10,RU,economy,курс рубля,курс рубля миг алматы,0.643,google
2026-10-10,RU,it,ядро Linux,лучшее ядро для linux,0.643,yandex
2026-10-10,RU,science,Томатин,томатин уиски цена,0.64,google
2026-10-10,RU,it,ядро Linux,ядро linux матвеев,0.64,google
2026-10-10,RU,science,CRISPR,crispr сколько стоит,0.633,google
2026-10-10,RU,it,Silver Pines,silver pines ключ,0.63,google
2026-10-10,RU,economy,курс рубля,курс рубля лиры турецкие,0.629,yandex
2026-10-10,RU,science,CRISPR,crispr сингапур,0.628,google
2026-10-10,RU,science,Томатин,томатин легаси цена,0.623,google
2026-10-10,RU,economy,рынок электроэнергии,как работает оптовый рынок электроэнергии,0.62,"yandex,google"
2026-10-10,RU,economy,что такое ввп,что такое дефлятор ввп,0.62,google
2026-10-10,RU,science,CRISPR,crispr как произносится,0.619,yandex
2026-10-10,RU,science,CRISPR,crispzone,0.619,yandex
2026-10-10,RU,it,ядро Linux,версия ядра astra linux,0.619,yandex
2026-10-10,RU,science,Томатин,tomatin купити,0.618,google
2026-10-10,RU,science,Томатин,тимати welcome,0.618,yandex
2026-10-10,RU,it,ядро Linux,ядро linux простыми словами,0.614,google
2026-10-10,RU,economy,что такое ввп,что такое ввп на душу,0.61,"yandex,google"
2026-10-10,RU,it,ядро Linux,ядро linux роберт лав,0.61,google
2026-10-10,RU,economy,что такое ввп,что такое ввп в россии,0.609,yandex
2026-10-10,RU,science,CRISPR,crispr кто открыл,0.603,google
2026-10-10,RU,economy,курс рубля,курс рубля липецк,0.603,yandex
2026-10-10,RU,it,ядро Linux,astra linux ядро по умолчанию,0.601,"yandex,google"
2026-10-10,RU,science,CRISPR,crisp zone что это crispzone в холодильнике,0.6,yandex
2026-10-10,RU,economy,рынок электроэнергии,атс оптовый рынок электроэнергии,0.6,yandex
2026-10-10,RU,it,ядро Linux,как модифицировать ядро линукс,0.6,yandex
2026-10-10,RU,economy,рынок электроэнергии,общий рынок электроэнергии еаэс,0.6,google
2026-10-10,RU,it,ядро Linux,последнее ядро linux,0.6,"yandex,google"
2026-10-10,RU,economy,что такое ввп,что такое ввп и зачем он нужен,0.6,google
2026-10-10,RU,economy,курс рубля,курс рубля ош сегодня,0.599,google
2026-10-10,RU,economy,курс рубля,курс рубля центробанк,0.599,yandex
2026-10-10,RU,it,ядро Linux,ядро линукс последнее,0.599,google
2026-10-10,RU,science,CRISPR,crispr кухня,0.598,google
2026-10-10,RU,science,CRISPR,crispr cas9 как читается,0.596,"yandex,google"
2026-10-10,RU,it,ядро Linux,alt linux обновление ядра,0.594,yandex
2026-10-10,RU,science,CRISPR,honey crisp яблоки,0.594,yandex
2026-10-10,RU,economy,курс рубля,курс рубля тенге,0.593,yandex
2026-10-10,RU,science,CRISPR,crispr синдром дауна,0.589,google
2026-10-10,RU,economy,курс рубля,курс рубля зыряновск,0.589,yandex
2026-10-10,RU,science,Томатин,тимати forever текст,0.589,yandex
2026-10-10,RU,science,Томатин,томатин каск стренгс,0.589,google
2026-10-10,RU,science,Томатин,виски томатин 8 лет цена,0.584,yandex
2026-10-10,RU,economy,курс рубля,курс рубля онлайн форекс,0.584,yandex
2026-10-10,RU,economy,курс рубля,курс рубля лада,0.583,google
2026-10-10,RU,economy,курс рубля,курс рубля озон,0.583,yandex
2026-10-10,RU,science,Томатин,тимати rockstar,0.583,yandex
2026-10-10,RU,it,star wars bounty,star wars bounty hunter читы,0.58,google
2026-10-10,RU,science,Томатин,томатин виски цена,0.58,"yandex,google"
2026-10-10,RU,science,Томатин,tomatin legacy цена,0.579,google
2026-10-10,RU,economy,курс рубля,курс рубля май 2026,0.579,yandex
2026-10-10,RU,science,CRISPR,crisp and hazy,0.573,yandex
2026-10-10,RU,science,Томатин,tomatin коньяк,0.573,google
2026-10-10,RU,science,Томатин,тимати молодой,0.573,yandex
2026-10-10,RU,it,ядро Linux,astra linux обновление ядра,0.57,yandex
2026-10-10,RU,economy,курс рубля,курс рубля за 10 лет график,0.57,google
2026-10-10,RU,science,Томатин,тимати welcome to st tropez,0.57,yandex
2026-10-10,RU,economy,курс рубля,курс рубля у драму,0.569,yandex
2026-10-10,RU,economy,что такое ввп,что такое ввп украины,0.567,google
2026-10-10,RU,science,Томатин,тимати forever скачать,0.564,yandex
2026-10-10,RU,science,Томатин,tomatin алкоголь,0.56,google
2026-10-10,RU,economy,курс рубля,почему курс рубля растет,0.551,"yandex,google"
2026-10-10,RU,science,CRISPR,crispr technology,0.55,yandex
2026-10-10,RU,it,Silver Pines,silver pines коды,0.55,google
2026-10-10,RU,it,ядро Linux,как посмотреть ядро linux,0.55,yandex
2026-10-10,RU,economy,что такое ввп,что такое ввп гвс,0.55,yandex
2026-10-10,RU,economy,курс рубля,курс рубля минск,0.549,google
2026-10-10,RU,economy,рынок электроэнергии,атс рынок электроэнергии,0.54,google
2026-10-10,RU,it,ядро Linux,ядро линукс минт,0.54,google
2026-10-10,RU,economy,курс рубля,курс рубля омск,0.539,yandex
2026-10-10,RU,science,CRISPR,crisp zone что это,0.537,yandex
2026-10-10,RU,economy,курс рубля,курс рубля уральск,0.536,"yandex,google"
2026-10-10,RU,economy,что такое ввп,что такое ввп номинальный,0.536,"yandex,google"
2026-10-10,RU,science,Томатин,тимати vahue текст,0.524,yandex
2026-10-10,RU,economy,курс рубля,курс рубля узбекистан,0.521,"yandex,google"
2026-10-10,RU,economy,курс рубля,курс рубля за 2026 год,0.52,yandex
2026-10-10,RU,it,ядро Linux,ядро linux 3 е издание,0.52,google
2026-10-10,RU,it,ядро Linux,ядро линукс монолитное,0.52,google
2026-10-10,RU,science,CRISPR,crispr купить,0.519,google
2026-10-10,RU,economy,что такое ввп,что такое ввп государства,0.517,"yandex,google"
2026-10-10,RU,economy,курс рубля,курс рубля лисаковск,0.511,"yandex,google"
2026-10-10,RU,economy,курс рубля,курс рубля у доллару,0.511,"yandex,google"
2026-10-10,RU,science,CRISPR,crispr cas9 гэж юу вэ,0.51,google
2026-10-10,RU,science,Томатин,tomatin уиски,0.51,google
2026-10-10,RU,economy,что такое ввп,что такое мировой ввп,0.51,google
2026-10-10,RU,science,Томатин,томатин ку бокан,0.504,google
2026-10-10,RU,it,ядро Linux,ядро линукс лицензия,0.5,google
2026-10-10,RU,science,CRISPR,crisp apple,0.499,yandex
2026-10-10,RU,science,CRISPR,crispr скрининг,0.494,google
2026-10-10,RU,science,CRISPR,crispr cas что это,0.491,"yandex,google"
2026-10-10,RU,science,Томатин,тимати x guf москва,0.49,yandex
2026-10-10,RU,science,Томатин,тимати мем,0.489,yandex
2026-10-10,RU,economy,курс рубля,курс рубля миг,0.484,google
2026-10-10,RU,science,Томатин,тимати el problema,0.48,yandex
2026-10-10,RU,science,Томатин,тимати rolls royce,0.48,yandex
2026-10-10,RU,it,ядро Linux,ядро линукс гитхаб,0.48,google
2026-10-10,RU,economy,что такое ввп,что такое ввп на человека,0.479,"yandex,google"
2026-10-10,RU,science,CRISPR,crisp air перевод,0.47,yandex
2026-10-10,RU,it,ядро Linux,астра линукс ядро,0.47,yandex
2026-10-10,RU,economy,курс рубля,курс рубля за 10 лет,0.467,"yandex,google"
2026-10-10,RU,science,Томатин,tomatin цена,0.464,google
2026-10-10,RU,science,CRISPR,crispr-cas9 фото,0.46,google
2026-10-10,RU,economy,курс рубля,курс рубля манат,0.46,google
2026-10-10,RU,science,Томатин,томатин алкалоид,0.46,google
2026-10-10,RU,economy,что такое ввп,что такое ввп география 9 класс,0.46,"yandex,google"
2026-10-10,RU,economy,курс рубля,курс рубля лиры,0.45,yandex
2026-10-10,RU,science,Томатин,томатин что это,0.45,google
2026-10-10,RU,economy,курс рубля,курс рубля цб рф на сегодня,0.448,"yandex,google"
2026-10-10,RU,science,Томатин,томатин 8 лет цена,0.447,"yandex,google"
2026-10-10,RU,science,CRISPR,crispr лечение,0.44,google
2026-10-10,RU,science,CRISPR,crispr система,0.44,google
2026-10-10,RU,science,Томатин,tomatin купить,0.44,google
2026-10-10,RU,science,Томатин,тимати forever,0.44,yandex
2026-10-10,RU,science,CRISPR,crisp air,0.434,yandex
2026-10-10,RU,science,CRISPR,crispr ереван,0.43,google
2026-10-10,RU,economy,курс рубля,курс рубля ош,0.43,google
2026-10-10,RU,science,Томатин,томатин уиски,0.43,google
2026-10-10,RU,economy,курс рубля,курс рубля цб рк,0.427,"yandex,google"
2026-10-10,RU,economy,курс рубля,курс рубля за неделю,0.422,"yandex,google"
2026-10-10,RU,science,Томатин,тимати vahue,0.42,yandex
2026-10-10,RU,science,Томатин,томатин цена,0.42,google
2026-10-10,RU,economy,курс рубля,курс рубля лира,0.417,"yandex,google"
2026-10-10,RU,science,CRISPR,crispr cas9 что это,0.412,"yandex,google"
2026-10-10,RU,science,Томатин,томатин 12 лет цена,0.412,"yandex,google"
2026-10-10,RU,science,Томатин,томатин яд,0.4,google
2026-10-10,RU,economy,курс рубля,почему курс рубля упал,0.398,"yandex,google"
2026-10-10,RU,economy,что такое ввп,что такое ввп номинал,0.381,"yandex,google"
2026-10-10,RU,economy,курс рубля,курс рубля японской йене,0.373,"yandex,google"
2026-10-10,RU,economy,курс рубля,курс рубля моссовет,0.368,"yandex,google"
2026-10-10,RU,economy,что такое ввп,что такое ввп у моряков,0.363,"google,yandex"
2026-10-10,RU,economy,курс рубля,курс рубля лиговка,0.358,"yandex,google"
2026-10-10,RU,economy,курс рубля,курс рубля январь 2025,0.353,"yandex,google"
2026-10-10,RU,economy,курс рубля,курс рубля январь 2026,0.309,"yandex,google"
2026-10-10,RU,science,CRISPR,crispr как читается,0.304,"google,yandex"
2026-10-10,RU,science,CRISPR,crispr лечение рака,0.29,"yandex,google"
2026-10-10,RU,economy,что такое ввп,что такое ввп для моряков,0.25,"yandex,google"
2026-10-10,RU,economy,курс рубля,почему курс рубля падает,0.24,"yandex,google"
2026-10-10,RU,economy,курс рубля,курс рубля за месяц,0.234,"yandex,google"
2026-10-10,RU,economy,что такое ввп,что такое ввп география,0.23,"yandex,google"
2026-10-10,RU,economy,курс рубля,курс рубля онлайн,0.214,"yandex,google"
2026-10-10,RU,economy,курс рубля,курс рубля цб рф,0.204,"yandex,google"
2026-10-10,RU,economy,курс рубля,курс рубля лари,0.194,"yandex,google"
2026-10-10,RU,science,CRISPR,crispr как работает,0.19,"yandex,google"
2026-10-10,RU,economy,курс рубля,курс рубля яндекс,0.17,"yandex,google"
2026-10-10,RU,economy,курс рубля,курс рубля цб,0.13,"yandex,google"
2026-10-10,US,economy,alternative activities,activity monitor windows alternative,1.0,bing
2026-10-10,US,economy,alternative activities,alternative activities building,1.0,yahoo
2026-10-10,US,economy,alternative activities,alternative activities with children,1.0,yahoo
2026-10-10,US,economy,alternative activities,alternative activities without reading,1.0,yahoo
2026-10-10,US,economy,alternative activities,alternative youth activities coos bay,1.0,bing
2026-10-10,US,science,stem cells,can you live without stem cells,1.0,google
2026-10-10,US,it,classical homomorphic,classical homomorphic youtube music,1.0,yahoo
2026-10-10,US,economy,crypto tax,crypto tax consultant near me online,1.0,bing
2026-10-10,US,economy,crypto tax,crypto tax long term capital gains,1.0,google
2026-10-10,US,economy,crypto tax,crypto tax percentage in india,1.0,google
2026-10-10,US,it,edge ai,edge ai computing breakthrough 2026,1.0,bing
2026-10-10,US,it,edge ai,edge ai nvidia jetson real-time sensor git,1.0,bing
2026-10-10,US,it,edge ai,edge ai solutions homestead pa,1.0,bing
2026-10-10,US,science,climate model,global energy and climate model 2024,1.0,google
2026-10-10,US,science,climate model,healthy climate humidifier model hcwp3 18,1.0,google
2026-10-10,US,science,climate model,healthy solutions climate model hcwb3-17,1.0,yahoo
2026-10-10,US,economy,alternative activities,how alternative activities influence,1.0,yahoo
2026-10-10,US,economy,Hylaeus certus,hylaeus certus alternative energy,1.0,yahoo
2026-10-10,US,it,edge ai,microsoft edge ai browser download free,1.0,yahoo
2026-10-10,US,science,stem cells,stem cells pancreas diabetes type 1,1.0,google
2026-10-10,US,science,stem cells,stem cells versus hip replacement,1.0,yahoo
2026-10-10,US,science,stem cells,why stem cells should not be used,1.0,yahoo
2026-10-10,US,economy,alternative activities,alternative events birmingham,0.99,google
2026-10-10,US,it,classical homomorphic,classical homomorphic culture,0.99,yahoo
2026-10-10,US,it,classical homomorphic,classical homomorphic ukulele,0.99,yahoo
2026-10-10,US,it,classical homomorphic,classical homomorphic version,0.99,yahoo
2026-10-10,US,it,edge ai,edge ai questions and answers,0.99,yahoo
2026-10-10,US,economy,crypto tax,how cryptocurrency is created,0.99,bing
2026-10-10,US,economy,crypto tax,how is crypto taxed in the us,0.99,google
2026-10-10,US,economy,tariff,tariff refunds for businesses,0.99,bing
2026-10-10,US,economy,alternative activities,winter alternative activities,0.99,bing
2026-10-10,US,economy,alternative activities,alternative events melbourne,0.98,google
2026-10-10,US,it,classical homomorphic,classical homomorphic 6 inch,0.98,yahoo
2026-10-10,US,science,climate model,why are climate models wrong,0.98,google
2026-10-10,US,science,climate model,why climate model definition,0.98,yahoo
2026-10-10,US,economy,tariff,tariff history of the united states,0.975,bing
2026-10-10,US,economy,alternative activities,alternative activities math,0.97,yahoo
2026-10-10,US,it,classical homomorphic,classical homomorphic zones,0.97,yahoo
2026-10-10,US,science,stem cells,stem cells vs regular cells,0.97,bing
2026-10-10,US,economy,crypto tax,crypto tax consultant near me fees,0.967,bing
2026-10-10,US,it,edge ai,ai edge torch quantization,0.96,google
2026-10-10,US,economy,crypto tax,blockchain crypto tax prep,0.96,bing
2026-10-10,US,economy,crypto tax,crypto tax lawyer brisbane,0.96,bing
2026-10-10,US,it,edge ai,cutting edge ai technology,0.96,yahoo
2026-10-10,US,economy,Hylaeus certus,hylaeus certus dental care,0.96,yahoo
2026-10-10,US,science,stem cells,stem cells diabetes type 1,0.96,yahoo
2026-10-10,US,science,stem cells,stem cells vs normal cells,0.96,google
2026-10-10,US,economy,crypto tax,best crypto tax accountant near me,0.956,bing
2026-10-10,US,economy,tariff,energy tariff without standing charge,0.956,google
2026-10-10,US,science,climate model,healthy climate humidifier model hcwb3 17,0.956,google
2026-10-10,US,science,climate model,michelin crossclimate 2 for model 3,0.956,google
2026-10-10,US,it,edge ai,microsoft edge ai browser pause,0.956,yahoo
2026-10-10,US,science,stem cells,stem cells straightening hair treatment,0.956,yahoo
2026-10-10,US,economy,alternative activities,unusual activities were detected,0.956,google
2026-10-10,US,economy,alternative activities,weekend alternative activities,0.956,bing
2026-10-10,US,economy,alternative activities,alternative wedding ideas,0.95,google
2026-10-10,US,it,classical homomorphic,classical homomorphic 3 d,0.95,yahoo
2026-10-10,US,science,climate model,climate change model news,0.95,google
2026-10-10,US,economy,crypto tax,crypto tax free countries,0.95,google
2026-10-10,US,it,edge ai,edge ai texas instruments,0.95,bing
2026-10-10,US,economy,tariff,export tariff without mcs,0.95,google
2026-10-10,US,economy,Hylaeus certus,hylaeus certus accounting,0.95,yahoo
2026-10-10,US,science,stem cells,stem cells parkinson's treatment,0.947,bing
2026-10-10,US,economy,alternative activities,alternative events manchester,0.946,google
2026-10-10,US,science,stem cells,why stem cell therapy is done,0.946,google
2026-10-10,US,it,edge ai,edge ai background generator,0.944,bing
2026-10-10,US,science,stem cells,stem cells for diabetes type 1,0.943,yahoo
2026-10-10,US,science,stem cells,why stem cells are controversial in terms,0.943,yahoo
2026-10-10,US,it,classical homomorphic,classical homomorphic kc,0.94,yahoo
2026-10-10,US,economy,crypto tax,cryptocurrency tax japan,0.94,google
2026-10-10,US,it,edge ai,edge ai devices examples,0.94,bing
2026-10-10,US,science,stem cells,stem cells in california,0.94,bing
2026-10-10,US,economy,tariff,tariff status canada usa,0.94,bing
2026-10-10,US,economy,tariff,tariff updates july 2026,0.94,google
2026-10-10,US,economy,tariff,tariffs without congress,0.94,yahoo
2026-10-10,US,economy,crypto tax,crypto tax before april 2022,0.936,google
2026-10-10,US,science,stem cells,stem cells institute tijuana,0.936,yahoo
2026-10-10,US,science,stem cells,stem cells in dentistry,0.93,yahoo
2026-10-10,US,science,stem cells,stem cells philadelphia,0.93,bing
2026-10-10,US,economy,tariff,tariff handel og kontor 2026,0.93,bing
2026-10-10,US,economy,tariff,tariff rates by country,0.93,yahoo
2026-10-10,US,economy,tariff,tariff tax relief check,0.93,yahoo
2026-10-10,US,economy,tariff,tariff with south korea,0.93,bing
2026-10-10,US,science,stem cells,stem cells storage methods,0.929,bing
2026-10-10,US,science,climate model,climate modeling advancements 2025,0.927,bing
2026-10-10,US,science,climate model,climate master model number,0.926,google
2026-10-10,US,economy,alternative activities,unusual activities budapest,0.926,google
2026-10-10,US,economy,tariff,tariff hotell og restaurant 2026,0.925,bing
2026-10-10,US,science,stem cells,can stem cells divide without limit,0.92,google
2026-10-10,US,science,stem cells,why stem cell donation,0.92,google
2026-10-10,US,science,stem cells,stem cells in charlotte,0.913,bing
2026-10-10,US,science,climate model,climate macroeconomic modelling handbook,0.911,google
2026-10-10,US,science,climate model,climate master model number lookup,0.911,google
2026-10-10,US,economy,crypto tax,crypto tax loss harvesting rules,0.911,google
2026-10-10,US,economy,tariff,electricity tariff without standing charge,0.911,google
2026-10-10,US,science,climate model,global energy and climate model 2025,0.911,google
2026-10-10,US,science,stem cells,stem cells lung repair regeneration,0.911,google
2026-10-10,US,science,stem cells,why stem cell transplant for lymphoma,0.911,google
2026-10-10,US,science,climate model,climate model labeled,0.91,yahoo
2026-10-10,US,economy,crypto tax,crypto tax bill today,0.91,google
2026-10-10,US,it,edge ai,edge ai solutions inc,0.91,google
2026-10-10,US,economy,crypto tax,how to get crypto tax,0.91,yahoo
2026-10-10,US,economy,Hylaeus certus,hylaeus certus jurnal,0.91,yahoo
2026-10-10,US,economy,tariff,tariff hs code lookup,0.91,google
2026-10-10,US,economy,tariff,tariff sport event system,0.91,bing
2026-10-10,US,economy,tariff,tariff winners and losers,0.906,yahoo
2026-10-10,US,economy,alternative activities,alternative aerobic activities,0.9,"bing,ddg"
2026-10-10,US,economy,crypto tax,best crypto tax software reddit,0.9,"bing,ddg"
2026-10-10,US,economy,alternative activities,big sur activity monitor alternative,0.9,"bing,ddg"
2026-10-10,US,science,climate model,climate model performance evaluation,0.9,"bing,ddg"
2026-10-10,US,science,climate model,climate model validation techniques,0.9,"bing,ddg"
2026-10-10,US,science,climate model,climate modelling course to get a certificate,0.9,"bing,ddg"
2026-10-10,US,economy,crypto tax,crypto tax consultant near me reviews,0.9,"bing,ddg"
2026-10-10,US,economy,crypto tax,crypto tax explained,0.9,google
2026-10-10,US,economy,crypto tax,crypto tax professional near me reviews,0.9,"bing,ddg"
2026-10-10,US,economy,alternative activities,dune buggy alternative activities,0.9,"bing,ddg"
2026-10-10,US,economy,crypto tax,how cryptocurrency linked to gold,0.9,"bing,ddg"
2026-10-10,US,science,climate model,latest climate model,0.9,google
2026-10-10,US,economy,alternative activities,passive activities vs alternative minimum tax,0.9,"bing,ddg"
2026-10-10,US,science,stem cells,stem cells in panama,0.9,google
2026-10-10,US,science,stem cells,stem cells in regenerative medicine,0.9,bing
2026-10-10,US,science,stem cells,stem cells san diego,0.9,bing
2026-10-10,US,science,stem cells,stem cells with the most potential,0.9,"bing,ddg"
2026-10-10,US,economy,tariff,tariff heading codes,0.9,bing
2026-10-10,US,economy,tariff,tariff tracking software,0.9,bing
2026-10-10,US,economy,alternative activities,whoop alternative activity tracker,0.9,"bing,ddg"
2026-10-10,US,science,climate model,why do scientists use climate models,0.9,"bing,ddg"
2026-10-10,US,it,edge ai,edge ai engineer roadmap,0.896,google
2026-10-10,US,science,stem cells,stem cells lung fibrosis,0.896,yahoo
2026-10-10,US,science,stem cells,stem cells panama city,0.893,bing
2026-10-10,US,economy,tariff,tariff wars in history,0.893,bing
2026-10-10,US,economy,crypto tax,quebec crypto tax calculator,0.891,google
2026-10-10,US,economy,tariff,tariff refunds for consumers,0.891,google
2026-10-10,US,economy,alternative activities,unusual activities barcelona,0.891,google
2026-10-10,US,science,climate model,climate model notes,0.89,yahoo
2026-10-10,US,economy,crypto tax,crypto tax consultant near me,0.89,"bing,ddg"
2026-10-10,US,economy,crypto tax,crypto tax question,0.89,yahoo
2026-10-10,US,economy,crypto tax,crypto tax x relief,0.89,yahoo
2026-10-10,US,economy,tariff,tariff horse racing,0.89,yahoo
2026-10-10,US,economy,tariff,tariff updates this week,0.89,bing
2026-10-10,US,it,edge ai,edge ai day japan 2026,0.889,bing
2026-10-10,US,it,edge ai,forward edge ai quantum,0.886,google
2026-10-10,US,economy,crypto tax,how crypto wallets work,0.886,bing
2026-10-10,US,economy,crypto tax,is cryptocurrency taxed,0.886,google
2026-10-10,US,economy,tariff,tariff hikes definition,0.886,yahoo
2026-10-10,US,economy,tariff,tariff how does it work,0.886,google
2026-10-10,US,science,stem cells,why stem cells are important in tissue repair,0.886,yahoo
2026-10-10,US,economy,crypto tax,crypto tax percent,0.88,yahoo
2026-10-10,US,economy,tariff,tariff handbook zimbabwe pdf,0.88,"bing,ddg"
2026-10-10,US,science,stem cells,stem cells vs stromal cells,0.878,bing
2026-10-10,US,science,stem cells,stem cells in houston,0.877,bing
2026-10-10,US,economy,tariff,tariff ucas calculator,0.876,yahoo
2026-10-10,US,it,edge ai,edge ai newcastle uni,0.874,bing
2026-10-10,US,science,stem cells,stem cells in menstrual blood,0.873,bing
2026-10-10,US,economy,alternative activities,alternative games with uno,0.871,google
2026-10-10,US,it,edge ai,edge ai hackathon qualcomm,0.871,google
2026-10-10,US,science,stem cells,stem cells puerto vallarta,0.871,google
2026-10-10,US,economy,tariff,tariff refunds for individuals,0.871,"bing,yahoo"
2026-10-10,US,economy,crypto tax,crypto tax amount,0.87,google
2026-10-10,US,economy,crypto tax,crypto tax breaks,0.87,yahoo
2026-10-10,US,economy,crypto tax,crypto tax girl safe harbor,0.87,"bing,ddg"
2026-10-10,US,economy,crypto tax,crypto tax losses,0.87,yahoo
2026-10-10,US,it,edge ai,edge ai benchmark,0.87,google
2026-10-10,US,it,edge ai,edge ai challenge,0.87,yahoo
2026-10-10,US,it,edge ai,edge ai etf funds,0.87,yahoo
2026-10-10,US,economy,Hylaeus certus,hylaeus certus 03,0.87,yahoo
2026-10-10,US,economy,tariff,tariff 9903.81.90,0.87,yahoo
2026-10-10,US,economy,tariff,tariff smoot hawley,0.87,bing
2026-10-10,US,economy,tariff,tariff unscramble,0.87,yahoo
2026-10-10,US,science,climate model,why are climate models used,0.87,google
2026-10-10,US,economy,alternative activities,alternative activities based on,0.867,yahoo
2026-10-10,US,economy,alternative activities,alternative activities middle school,0.867,yahoo
2026-10-10,US,economy,alternative activities,alternative activities without drugs,0.867,yahoo
2026-10-10,US,economy,alternative activities,alternative activities worksheet,0.867,yahoo
2026-10-10,US,economy,alternative activities,alternative games with pokemon cards,0.867,google
2026-10-10,US,it,classical homomorphic,classical homomorphic 6 string,0.867,yahoo
2026-10-10,US,it,classical homomorphic,classical homomorphic concepts,0.867,yahoo
2026-10-10,US,it,classical homomorphic,classical homomorphic kindergarten,0.867,yahoo
2026-10-10,US,science,climate model,climate technology model 43154,0.867,google
2026-10-10,US,economy,alternative activities,how alternative activities impact,0.867,yahoo
2026-10-10,US,economy,Hylaeus certus,hylaeus certus alternative crossword clue,0.867,yahoo
2026-10-10,US,science,stem cells,stem cells international impact factor,0.867,bing
2026-10-10,US,science,stem cells,why stem cell transplant for multiple myeloma,0.867,google
2026-10-10,US,economy,tariff,tariff updates canada,0.866,google
2026-10-10,US,economy,alternative activities,alternative ideas meaning,0.861,google
2026-10-10,US,economy,crypto tax,crypto tax lifo fifo hifo,0.861,yahoo
2026-10-10,US,it,edge ai,microsoft edge ai browser,0.861,yahoo
2026-10-10,US,science,stem cells,stem cells varicose veins,0.861,yahoo
2026-10-10,US,economy,tariff,tariff with germany,0.861,bing
2026-10-10,US,science,climate model,climate model 40,0.86,yahoo
2026-10-10,US,science,climate model,climate model 80,0.86,yahoo
2026-10-10,US,science,climate model,climate model xe,0.86,yahoo
2026-10-10,US,it,edge ai,edge ai embedded,0.86,google
2026-10-10,US,it,edge ai,edge ai startups,0.86,yahoo
2026-10-10,US,it,edge ai,raiser's edge ai tool,0.86,yahoo
2026-10-10,US,science,stem cells,stem cells là gì,0.86,yahoo
2026-10-10,US,economy,tariff,tariff usa china,0.86,bing
2026-10-10,US,it,classical homomorphic,classical homomorphic 3 point,0.857,yahoo
2026-10-10,US,science,stem cells,stem cells spinal cord injury,0.857,yahoo
2026-10-10,US,economy,alternative activities,unusual activities manchester,0.857,google
2026-10-10,US,science,climate model,lorenz climate model,0.856,google
2026-10-10,US,science,stem cells,stem cells look like,0.856,google
2026-10-10,US,science,stem cells,stem cells pregnancy,0.856,google
2026-10-10,US,science,stem cells,stem cells vs plasma,0.856,google
2026-10-10,US,science,climate model,climate modeling companies,0.851,bing
2026-10-10,US,science,stem cells,stem cells lotioncrafter,0.851,yahoo
2026-10-10,US,economy,tariff,tariff warhammer youtube,0.851,yahoo
2026-10-10,US,science,climate model,cross climate 2 model x,0.85,google
2026-10-10,US,economy,crypto tax,crypto tax koin,0.85,bing
2026-10-10,US,it,edge ai,edge ai box-ex3,0.85,bing
2026-10-10,US,it,edge ai,edge ai explain,0.85,bing
2026-10-10,US,science,stem cells,stem cell 10970,0.85,bing
2026-10-10,US,science,stem cells,stem cell 19851,0.85,google
2026-10-10,US,economy,tariff,tariff 99030220,0.85,bing
2026-10-10,US,science,stem cells,why are stem cells useful,0.85,"bing,ddg"
2026-10-10,US,science,stem cells,stem cells vs t cells,0.848,bing
2026-10-10,US,it,classical homomorphic,classical homomorphic zillow,0.847,yahoo
2026-10-10,US,science,climate model,cold climate model heat pump,0.847,google
2026-10-10,US,it,edge ai,edge ai smart camera,0.847,bing
2026-10-10,US,economy,crypto tax,crypto tax portugal,0.846,google
2026-10-10,US,it,edge ai,edge ai summit 2026,0.846,google
2026-10-10,US,science,stem cells,stem cells specialized functions,0.846,bing
2026-10-10,US,economy,tariff,tariff usa canada,0.845,bing
2026-10-10,US,economy,alternative activities,alternative word for activities,0.843,"bing,ddg"
2026-10-10,US,economy,alternative activities,alternative youth activities coos bay oregon,0.843,"bing,ddg"
2026-10-10,US,economy,crypto tax,how cryptocurrency wallets work,0.843,"bing,ddg"
2026-10-10,US,science,stem cells,stem cells in arizona,0.843,bing
2026-10-10,US,science,stem cells,why are stem cells useful in medicine,0.843,"bing,ddg"
2026-10-10,US,science,stem cells,stem cells in skin care,0.841,yahoo
2026-10-10,US,economy,tariff,tariff urban dictionary,0.841,yahoo
2026-10-10,US,science,climate model,climate models history,0.84,yahoo
2026-10-10,US,economy,crypto tax,crypto tax 760,0.84,yahoo
2026-10-10,US,it,edge ai,edge ai device,0.84,yahoo
2026-10-10,US,it,edge ai,edge ai ticker,0.84,google
2026-10-10,US,science,climate model,healthy solutions climate model hcf16-11,0.84,yahoo
2026-10-10,US,science,stem cells,stem cells for knees without cartilage,0.84,google
2026-10-10,US,science,stem cells,stem cells in texas,0.84,bing
2026-10-10,US,economy,tariff,tariff timeline 2025,0.84,bing
2026-10-10,US,science,stem cells,stem cells vs somatic cells,0.839,"google,bing"
2026-10-10,US,science,stem cells,stem cells self renewal,0.838,bing
2026-10-10,US,science,stem cells,stem cells synthesis,0.838,bing
2026-10-10,US,it,classical homomorphic,classical homomorphic voice,0.837,yahoo
2026-10-10,US,it,edge ai,edge ai interview questions,0.837,google
2026-10-10,US,it,edge ai,edge ai translate,0.837,bing
2026-10-10,US,science,stem cells,stem cells and diabetes 1,0.836,yahoo
2026-10-10,US,economy,crypto tax,best crypto tax software 2025,0.833,"bing,ddg"
2026-10-10,US,science,climate model,climate modelling uni hamburg,0.833,"bing,ddg"
2026-10-10,US,economy,tariff,tariff with denmark,0.833,bing
2026-10-10,US,science,stem cells,stem cells pluripotent,0.831,yahoo
2026-10-10,US,it,edge ai,edge ai conference 2026,0.83,"google,bing"
2026-10-10,US,economy,tariff,tariff status,0.83,google
2026-10-10,US,science,stem cells,stem cells leukemia,0.828,bing
2026-10-10,US,economy,alternative activities,alternative events bristol,0.827,google
2026-10-10,US,economy,crypto tax,how crypto taxed in canada,0.827,google
2026-10-10,US,science,stem cells,stem cells in florida,0.827,bing
2026-10-10,US,economy,tariff,tariff history with canada,0.827,google
2026-10-10,US,economy,tariff,tariff white house,0.827,bing
2026-10-10,US,economy,crypto tax,bitcoin tax japan,0.826,google
2026-10-10,US,economy,crypto tax,crypto tax calculator india,0.826,"google,bing"
2026-10-10,US,it,edge ai,edge ai box price,0.826,google
2026-10-10,US,it,edge ai,edge ai core eufy,0.826,google
2026-10-10,US,economy,tariff,tariff 9903.05.31,0.826,yahoo
2026-10-10,US,economy,tariff,tariff update canada,0.825,bing
2026-10-10,US,economy,crypto tax,crypto tax harvesting,0.824,bing
2026-10-10,US,it,edge ai,edge ai security camera,0.823,bing
2026-10-10,US,economy,alternative activities,alternative games with mahjong tiles,0.822,google
2026-10-10,US,science,climate model,climate modelling machine learning,0.822,google
2026-10-10,US,it,edge ai,edge ai box for video analytics,0.822,google
2026-10-10,US,economy,tariff,tariff refunds for working families act,0.822,google
2026-10-10,US,science,stem cells,why stem cell transplant is done,0.822,google
2026-10-10,US,it,edge ai,edge ai nvidia jetson,0.821,google
2026-10-10,US,science,stem cells,stem cell 18783,0.821,bing
2026-10-10,US,science,stem cells,stem cells in tijuana,0.821,google
2026-10-10,US,economy,crypto tax,crypto tax laws 2024,0.82,bing
2026-10-10,US,economy,crypto tax,how much is crypto tax,0.82,yahoo
2026-10-10,US,it,edge ai,starkey edge ai tv streamer,0.82,yahoo
2026-10-10,US,economy,tariff,tariff stimulus check 2026,0.82,bing
2026-10-10,US,economy,tariff,tariff surcharge meaning,0.82,bing
2026-10-10,US,science,stem cells,why stem cells are beneficial,0.819,yahoo
2026-10-10,US,economy,crypto tax,crypto tax lawyer near me,0.817,google
2026-10-10,US,economy,tariff,ev tariff without charger,0.817,google
2026-10-10,US,it,edge ai,edge ai software,0.816,yahoo
2026-10-10,US,science,stem cells,stem cells isaac,0.816,google
2026-10-10,US,economy,alternative activities,unusual activities birmingham,0.812,google
2026-10-10,US,it,edge ai,edge ai stock symbol,0.811,yahoo
2026-10-10,US,science,stem cells,stem cells vs knee replacement,0.811,"google,yahoo"
2026-10-10,US,it,edge ai,edge ai enabled,0.81,bing
2026-10-10,US,it,edge ai,edge ai data processing,0.807,bing
2026-10-10,US,science,stem cells,stem cells los algodones,0.807,yahoo
2026-10-10,US,it,edge ai,edge ai diagram,0.806,google
2026-10-10,US,science,climate model,lucie climate model,0.801,google
2026-10-10,US,it,edge ai,cutting edge ai technology stock,0.8,yahoo
2026-10-10,US,science,stem cells,stem cells in bone marrow,0.8,bing
2026-10-10,US,science,stem cells,stem cells las vegas,0.8,"google,bing"
2026-10-10,US,science,stem cells,stem cells skin care,0.8,"google,yahoo"
2026-10-10,US,science,stem cells,stem cells video ks4,0.8,"bing,ddg"
2026-10-10,US,economy,tariff,tariff refund agency,0.8,"google,bing"
2026-10-10,US,economy,tariff,tariff uppcl 2025 26,0.8,bing
2026-10-10,US,economy,tariff,tariff war meaning,0.8,bing
2026-10-10,US,science,climate model,why is climate modeling so difficult,0.8,google
2026-10-10,US,it,edge ai,edge ai bedeutung,0.797,bing
2026-10-10,US,it,edge ai,edge ai newcastle,0.797,bing
2026-10-10,US,science,stem cells,stem cells pdf,0.796,yahoo
2026-10-10,US,economy,tariff,tariff revenue,0.796,google
2026-10-10,US,economy,tariff,tariff tantrum,0.796,google
2026-10-10,US,economy,tariff,tariff with turkey,0.794,bing
2026-10-10,US,economy,crypto tax,crypto tax guide fidelity,0.793,"bing,ddg"
2026-10-10,US,economy,crypto tax,crypto tax scam,0.793,bing
2026-10-10,US,science,stem cells,stem cell 17977,0.793,bing
2026-10-10,US,economy,tariff,tariff simulator flexport,0.793,"bing,ddg"
2026-10-10,US,economy,crypto tax,crypto tax bill us,0.791,google
2026-10-10,US,economy,crypto tax,crypto tax jamaica,0.791,google
2026-10-10,US,science,stem cells,stem cells simple definition,0.791,"google,yahoo"
2026-10-10,US,economy,crypto tax,crypto tax girl llc,0.79,"bing,ddg"
2026-10-10,US,it,edge ai,edge ai not working,0.79,"bing,ddg"
2026-10-10,US,it,edge ai,edge ai quick guide,0.79,"bing,ddg"
2026-10-10,US,it,edge ai,edge ai studio ti,0.79,bing
2026-10-10,US,science,stem cells,stem cells pictures,0.79,"bing,ddg"
2026-10-10,US,science,stem cells,stem cells placenta,0.79,"google,yahoo"
2026-10-10,US,economy,tariff,tariff 97,0.79,google
2026-10-10,US,science,stem cells,stem cells los angeles,0.789,"google,bing"
2026-10-10,US,science,climate model,climate model ensemble,0.787,"bing,ddg"
2026-10-10,US,it,edge ai,edge ai tennis twitter,0.787,google
2026-10-10,US,science,stem cells,stem cells labrum tear,0.787,google
2026-10-10,US,science,stem cells,stem cells video gcse,0.787,bing
2026-10-10,US,economy,tariff,tariff revenue tracker,0.787,yahoo
2026-10-10,US,economy,tariff,tariff war with canada,0.787,yahoo
2026-10-10,US,economy,crypto tax,crypto tax professional near me online,0.786,"bing,ddg"
2026-10-10,US,it,edge ai,edge ai tools,0.786,google
2026-10-10,US,science,stem cells,why are stem cells important in medicine,0.786,"bing,ddg"
2026-10-10,US,economy,tariff,tariff 9807,0.785,bing
2026-10-10,US,it,edge ai,edge ai explained,0.781,google
2026-10-10,US,economy,crypto tax,how bitcoin taxed,0.781,google
2026-10-10,US,economy,tariff,tariff high court,0.781,yahoo
2026-10-10,US,it,classical homomorphic,classical classic difference,0.78,google
2026-10-10,US,economy,crypto tax,crypto tax laws uk,0.78,"bing,ddg"
2026-10-10,US,science,stem cells,stem cell 100-0276,0.78,"bing,ddg"
2026-10-10,US,science,stem cells,stem cells spanish,0.78,"google,yahoo"
2026-10-10,US,economy,tariff,tariff section 338,0.78,bing
2026-10-10,US,economy,tariff,tariff treatment,0.78,bing
2026-10-10,US,economy,crypto tax,crypto tax legislation house vote,0.778,google
2026-10-10,US,it,edge ai,edge ai day japan,0.778,bing
2026-10-10,US,economy,crypto tax,how crypto tax calculated in india,0.778,google
2026-10-10,US,science,stem cells,stem cells lesson,0.778,bing
2026-10-10,US,economy,tariff,tariff history between us and canada,0.778,google
2026-10-10,US,economy,alternative activities,unusual activities were detected ssdc,0.778,google
2026-10-10,US,science,stem cells,why stem cell research is controversial,0.778,google
2026-10-10,US,science,climate model,climate model library,0.777,yahoo
2026-10-10,US,science,climate model,climate model nursing,0.777,yahoo
2026-10-10,US,it,edge ai,microsoft edge ai bot,0.777,yahoo
2026-10-10,US,economy,crypto tax,qatar crypto tax rate,0.777,google
2026-10-10,US,economy,tariff,tariff whiplash table,0.777,bing
2026-10-10,US,it,edge ai,edge ai node,0.776,google
2026-10-10,US,economy,tariff,tariff hts code list,0.775,bing
2026-10-10,US,science,stem cells,stem cells serum for face,0.772,yahoo
2026-10-10,US,economy,tariff,tariff with canada update,0.772,google
2026-10-10,US,it,edge ai,edge ai benefits,0.771,google
2026-10-10,US,economy,tariff,tariff 93 aurora,0.771,google
2026-10-10,US,economy,tariff,tariff to canada,0.771,google
2026-10-10,US,it,classical homomorphic,classical homomorphic young,0.77,yahoo
2026-10-10,US,economy,tariff,tariff heading meaning,0.77,bing
2026-10-10,US,economy,tariff,tariff supreme court ruling,0.77,"google,bing,yahoo"
2026-10-10,US,economy,tariff,tariff system,0.77,bing
2026-10-10,US,economy,tariff,tariff tax credit,0.77,"bing,yahoo"
2026-10-10,US,economy,tariff,tariff trump news,0.77,bing
2026-10-10,US,science,climate model,climate modelling jobs london,0.768,google
2026-10-10,US,economy,tariff,ev tariff without smart meter,0.768,google
2026-10-10,US,science,climate model,why climate modeling,0.767,yahoo
2026-10-10,US,economy,alternative activities,alternative night activities,0.766,"bing,ddg"
2026-10-10,US,science,climate model,climate modelling queensland,0.766,"bing,ddg"
2026-10-10,US,economy,crypto tax,crypto tax hearing,0.766,bing
2026-10-10,US,economy,tariff,tariff 9800,0.766,google
2026-10-10,US,economy,tariff,tariff with taiwan,0.766,bing
2026-10-10,US,science,climate model,climate health modelling,0.762,google
2026-10-10,US,economy,crypto tax,crypto tax brackets 2026,0.762,google
2026-10-10,US,economy,crypto tax,quebec crypto tax reddit,0.762,google
2026-10-10,US,economy,alternative activities,unusual activity meaning,0.762,google
2026-10-10,US,economy,crypto tax,crypto tax in india,0.761,"google,bing"
2026-10-10,US,science,stem cells,stem cell 17954,0.761,google
2026-10-10,US,science,climate model,climate models have missed the water cycles,0.76,yahoo
2026-10-10,US,economy,crypto tax,crypto tax japan,0.76,"google,yahoo"
2026-10-10,US,economy,crypto tax,crypto tax loopholes,0.76,"google,bing"
2026-10-10,US,economy,crypto tax,how to pay crypto tax,0.76,yahoo
2026-10-10,US,science,stem cells,stem cell therapy without chemotherapy,0.76,google
2026-10-10,US,economy,tariff,tariff 9803,0.76,bing
2026-10-10,US,economy,tariff,tariff us canada,0.76,"bing,ddg"
2026-10-10,US,it,edge ai,edge ai starkey hearing aids,0.758,yahoo
2026-10-10,US,science,climate model,climate niche model,0.757,google
2026-10-10,US,economy,crypto tax,crypto tax loophole,0.757,yahoo
2026-10-10,US,economy,crypto tax,crypto tax pakistan,0.757,google
2026-10-10,US,it,edge ai,edge ai taipei 2025,0.757,bing
2026-10-10,US,science,climate model,local climate model,0.757,google
2026-10-10,US,science,stem cells,stem cells in human body,0.757,bing
2026-10-10,US,science,stem cells,stem cells properties,0.753,"bing,ddg"
2026-10-10,US,science,climate model,climate modelling nptel,0.752,google
2026-10-10,US,science,climate model,cross climate 2 model 3,0.752,google
2026-10-10,US,economy,crypto tax,crypto tax japan reddit,0.752,google
2026-10-10,US,it,edge ai,retail edge ai qualcomm,0.752,google
2026-10-10,US,economy,tariff,tariff 9505.10,0.751,yahoo
2026-10-10,US,science,climate model,climate model hindcasting,0.75,"bing,ddg,google"
2026-10-10,US,economy,crypto tax,crypto tax platform,0.75,"google,bing"
2026-10-10,US,science,stem cells,stem cells spin,0.75,"bing,ddg"
2026-10-10,US,economy,crypto tax,crypto tax january,0.747,google
2026-10-10,US,economy,Hylaeus certus,hylaeus certus job,0.747,yahoo
2026-10-10,US,science,stem cells,stem cells london,0.747,bing
2026-10-10,US,economy,crypto tax,best crypto tax calculator,0.746,"bing,ddg"
2026-10-10,US,it,edge ai,edge ai deployment process,0.746,"bing,ddg"
2026-10-10,US,science,stem cells,stem cell 19853a,0.746,bing
2026-10-10,US,science,stem cells,stem cells vs specialized cells,0.746,"bing,yahoo"
2026-10-10,US,it,edge ai,edge ai san diego,0.743,"bing,yahoo"
2026-10-10,US,science,stem cells,stem cells in animals,0.743,bing
2026-10-10,US,economy,tariff,tariff relief portal,0.743,"bing,ddg"
2026-10-10,US,it,edge ai,edge ai chip companies,0.742,google
2026-10-10,US,it,edge ai,edge ai sports betting,0.742,google
2026-10-10,US,science,stem cells,stem cells panama cost,0.742,yahoo
2026-10-10,US,it,edge ai,edge ai chip,0.74,bing
2026-10-10,US,it,edge ai,edge ai e2ip,0.74,bing
2026-10-10,US,it,edge ai,edge ai tinyml,0.74,"bing,ddg"
2026-10-10,US,science,stem cells,stem cells lab,0.74,"bing,ddg"
2026-10-10,US,economy,tariff,tariff schedule 2026,0.74,bing
2026-10-10,US,economy,tariff,tariff trade war,0.74,"bing,yahoo"
2026-10-10,US,economy,tariff,tariff updates 2026,0.74,bing
2026-10-10,US,economy,tariff,tariff with eu,0.74,"bing,ddg"
2026-10-10,US,economy,tariff,tariffs without a 90 day,0.74,yahoo
2026-10-10,US,economy,alternative activities,alternative action meaning,0.738,google
2026-10-10,US,science,stem cells,stem cells legal in the us,0.738,google
2026-10-10,US,economy,tariff,tariff tax credit 2026 car,0.738,google
2026-10-10,US,science,climate model,climate model 4 -,0.737,yahoo
2026-10-10,US,science,climate model,climate model 8th,0.737,yahoo
2026-10-10,US,science,climate model,climate model xyz,0.737,yahoo
2026-10-10,US,economy,crypto tax,crypto tax 7 year,0.737,yahoo
2026-10-10,US,economy,crypto tax,crypto tax person,0.737,yahoo
2026-10-10,US,it,edge ai,edge ai questions,0.737,yahoo
2026-10-10,US,economy,Hylaeus certus,hylaeus certus 01,0.737,yahoo
2026-10-10,US,science,stem cells,stem cells poster,0.737,bing
2026-10-10,US,economy,tariff,tariff refund news,0.737,bing
2026-10-10,US,economy,tariff,tariff war update,0.737,google
2026-10-10,US,economy,tariff,tariff with sweden,0.737,bing
2026-10-10,US,economy,tariff,tariff 9805,0.735,bing
2026-10-10,US,economy,tariff,tariff uk to usa,0.735,bing
2026-10-10,US,economy,alternative activities,alternative activities mental health,0.733,yahoo
2026-10-10,US,economy,alternative activities,alternative activities without electricity,0.733,yahoo
2026-10-10,US,economy,alternative activities,alternative activities worksheets,0.733,yahoo
2026-10-10,US,economy,alternative activities,alternative events bournemouth,0.733,google
2026-10-10,US,economy,alternative activities,alternative mental activities meaning in urdu,0.733,google
2026-10-10,US,science,climate model,climate technology model 43103,0.733,google
2026-10-10,US,economy,crypto tax,crypto tax preparation services,0.733,yahoo
2026-10-10,US,it,edge ai,edge ai diagnostics,0.733,"bing,ddg"
2026-10-10,US,economy,alternative activities,how alternative activities help,0.733,yahoo
2026-10-10,US,economy,Hylaeus certus,hylaeus certus alternative medicine,0.733,yahoo
2026-10-10,US,science,stem cells,stem cells south park,0.732,google
2026-10-10,US,economy,crypto tax,crypto tax professional,0.73,"google,bing,yahoo"
2026-10-10,US,economy,crypto tax,how to avoid crypto tax,0.73,yahoo
2026-10-10,US,economy,tariff,tariff handel og kontor,0.73,"bing,yahoo"
2026-10-10,US,economy,tariff,tariff thailand,0.73,bing
2026-10-10,US,economy,crypto tax,how crypto prediction markets work,0.729,"bing,ddg"
2026-10-10,US,economy,tariff,tariff reimbursement,0.729,bing
2026-10-10,US,science,stem cells,why are stem cells controversial,0.729,"bing,ddg"
2026-10-10,US,economy,crypto tax,crypto tax prep companies,0.728,yahoo
2026-10-10,US,science,stem cells,stem cells price,0.727,google
2026-10-10,US,economy,crypto tax,crypto tax bit,0.726,yahoo
2026-10-10,US,economy,alternative activities,alternative to games workshop,0.723,google
2026-10-10,US,it,edge ai,edge ai background,0.723,"bing,ddg"
2026-10-10,US,science,stem cells,stem cells in wiki,0.723,"bing,ddg"
2026-10-10,US,economy,crypto tax,crypto tax platforms,0.722,yahoo
2026-10-10,US,it,edge ai,edge ai darrell mays,0.722,google
2026-10-10,US,economy,tariff,ev tariff without ev,0.722,google
2026-10-10,US,economy,tariff,tariff hockey sticks,0.722,google
2026-10-10,US,it,edge ai,edge ai expo,0.72,"bing,ddg"
2026-10-10,US,economy,tariff,tariff rates,0.72,"bing,ddg"
2026-10-10,US,economy,tariff,tariff today,0.72,"google,yahoo"
2026-10-10,US,science,climate model,climate hazard modelling,0.718,google
2026-10-10,US,science,stem cells,stem cells loading shirt,0.718,yahoo
2026-10-10,US,it,edge ai,edge ai development board,0.717,"google,bing"
2026-10-10,US,science,stem cells,stem cell 10971,0.717,google
2026-10-10,US,economy,tariff,tariff 99030125,0.717,yahoo
2026-10-10,US,science,climate model,climate models examples,0.716,"bing,ddg"
2026-10-10,US,economy,crypto tax,crypto tax girl reviews,0.716,"bing,ddg"
2026-10-10,US,economy,crypto tax,how crypto mining works,0.716,"bing,ddg"
2026-10-10,US,science,climate model,climate models uchicago,0.715,bing
2026-10-10,US,science,stem cells,stem cells cure for diabetes 1,0.714,yahoo
2026-10-10,US,science,stem cells,why stem cells are so expensive,0.714,yahoo
2026-10-10,US,economy,alternative activities,alternative activities based,0.713,yahoo
2026-10-10,US,it,classical homomorphic,classical homomorphic 6 step,0.713,yahoo
2026-10-10,US,it,classical homomorphic,classical homomorphic center,0.713,yahoo
2026-10-10,US,it,classical homomorphic,classical homomorphic zoning,0.713,yahoo
2026-10-10,US,economy,tariff,tariff hike meaning,0.712,yahoo
2026-10-10,US,it,edge ai,edge ai sewer camera,0.711,"google,yahoo"
2026-10-10,US,science,climate model,climate model rcp 8.5,0.71,google
2026-10-10,US,it,edge ai,edge ai day,0.71,"bing,ddg"
2026-10-10,US,it,edge ai,edge ai soc,0.71,"bing,ddg"
2026-10-10,US,economy,crypto tax,how crypto taxed,0.71,"google,yahoo"
2026-10-10,US,economy,tariff,tariff 9898,0.71,"bing,ddg"
2026-10-10,US,economy,tariff,tariff 9899,0.71,bing
2026-10-10,US,economy,tariff,tariff wolf,0.71,"bing,ddg"
2026-10-10,US,science,climate model,xdi climate model,0.71,google
2026-10-10,US,economy,alternative activities,alternative ocean activities,0.709,"bing,ddg"
2026-10-10,US,it,edge ai,edge ai engineer salary,0.708,google
2026-10-10,US,economy,crypto tax,crypto tax hmrc,0.707,bing
2026-10-10,US,it,edge ai,edge ai nordic,0.707,google
2026-10-10,US,it,edge ai,edge ai summit,0.707,yahoo
2026-10-10,US,science,stem cells,stem cell 10981,0.707,bing
2026-10-10,US,science,stem cells,stem cell 17953,0.706,"google,bing"
2026-10-10,US,science,stem cells,stem cells limitations,0.706,"bing,ddg"
2026-10-10,US,science,stem cells,stem cells liver,0.706,bing
2026-10-10,US,economy,tariff,tariff tax credit 2025,0.706,"bing,ddg"
2026-10-10,US,it,classical homomorphic,classical homomorphic 3 way,0.703,yahoo
2026-10-10,US,science,climate model,climate master model lookup,0.703,google
2026-10-10,US,economy,Hylaeus certus,hylaeus certus pest control,0.703,yahoo
2026-10-10,US,economy,tariff,tariff unit cost,0.703,"bing,ddg"
2026-10-10,US,economy,tariff,tariff wall,0.703,bing
2026-10-10,US,economy,tariff,tariff 97 tasmania,0.702,google
2026-10-10,US,economy,crypto tax,crypto tax program,0.7,"bing,yahoo"
2026-10-10,US,it,edge ai,cutting edge ai news,0.7,yahoo
2026-10-10,US,science,climate model,model of why turkey has the climate it does,0.7,"bing,ddg"
2026-10-10,US,it,edge ai,starkey edge ai technology levels,0.7,yahoo
2026-10-10,US,science,stem cells,stem cells in humans,0.7,bing
2026-10-10,US,economy,tariff,tariff tnb,0.7,"bing,ddg"
2026-10-10,US,economy,tariff,tariff treatment codes,0.7,bing
2026-10-10,US,science,stem cells,stem cells type 1,0.699,yahoo
2026-10-10,US,economy,tariff,tariff with japan,0.699,bing
2026-10-10,US,science,climate model,crossclimate 2 model y,0.698,google
2026-10-10,US,economy,crypto tax,quebec crypto tax form,0.698,google
2026-10-10,US,it,edge ai,edge ai stock,0.697,bing
2026-10-10,US,economy,tariff,tariff unconstitutional,0.697,"google,yahoo"
2026-10-10,US,it,edge ai,edge ai browser guide,0.696,"bing,ddg"
2026-10-10,US,science,stem cells,stem cells production,0.696,"bing,ddg"
2026-10-10,US,economy,tariff,tariff synonym,0.696,"google,yahoo"
2026-10-10,US,it,classical homomorphic,classical homomorphic kids,0.693,yahoo
2026-10-10,US,it,classical homomorphic,classical homomorphic view,0.693,yahoo
2026-10-10,US,science,climate model,climate change models 2050,0.693,google
2026-10-10,US,it,edge ai,edge ai nagarro,0.693,"bing,ddg"
2026-10-10,US,it,edge ai,edge ai training,0.693,"google,bing"
2026-10-10,US,science,stem cells,stem cell 18000,0.693,"bing,ddg"
2026-10-10,US,economy,tariff,tariff 9903.02.26,0.692,yahoo
2026-10-10,US,science,climate model,model x climate control,0.69,google
2026-10-10,US,economy,tariff,tariff taiwan,0.69,bing
2026-10-10,US,economy,alternative activities,alternative games with uno cards,0.689,google
2026-10-10,US,economy,alternative activities,alternative meaningful activities,0.689,google
2026-10-10,US,economy,crypto tax,crypto tax warning letters hmrc,0.689,google
2026-10-10,US,it,edge ai,microsoft edge ai browser download,0.689,yahoo
2026-10-10,US,economy,alternative activities,alternate action band,0.688,google
2026-10-10,US,science,stem cells,stem cells vs progenitor cells,0.686,"google,bing,ddg"
2026-10-10,US,economy,tariff,tariff relief,0.686,"google,yahoo"
2026-10-10,US,economy,tariff,tariff 9700,0.685,bing
2026-10-10,US,it,edge ai,ai edge quantizer nightly,0.683,google
2026-10-10,US,science,climate model,climate model lesson plan,0.683,yahoo
2026-10-10,US,it,edge ai,edge ai defense symposium,0.683,google
2026-10-10,US,it,edge ai,edge ai system,0.683,"bing,ddg"
2026-10-10,US,science,stem cells,stem cells llc,0.683,"bing,ddg"
2026-10-10,US,economy,tariff,tariff used in a sentence,0.683,yahoo
2026-10-10,US,economy,tariff,tariff with uk,0.683,"bing,ddg"
2026-10-10,US,it,edge ai,edge ai computer,0.682,yahoo
2026-10-10,US,science,stem cells,stem cells virus,0.682,yahoo
2026-10-10,US,economy,Hylaeus certus,hylaeus certus air,0.68,yahoo
2026-10-10,US,science,stem cells,stem cell transplant without chemotherapy,0.68,google
2026-10-10,US,economy,tariff,tariff section 122,0.68,"google,bing,ddg"
2026-10-10,US,science,climate model,climate modelling meaning,0.679,"bing,ddg"
2026-10-10,US,economy,crypto tax,crypto tax expert near me,0.679,"bing,ddg"
2026-10-10,US,economy,crypto tax,how crypto tax works in india,0.679,google
2026-10-10,US,science,climate model,model climate laws initiative,0.679,google
2026-10-10,US,science,stem cells,stem cell 17851,0.679,bing
2026-10-10,US,economy,crypto tax,crypto tax bill 38-5,0.678,google
2026-10-10,US,economy,crypto tax,crypto tax liability,0.678,yahoo
2026-10-10,US,it,edge ai,edge ai box qualcomm,0.678,google
2026-10-10,US,economy,tariff,tariff handbook 2022,0.678,yahoo
2026-10-10,US,it,edge ai,edge ai def,0.677,yahoo
2026-10-10,US,economy,tariff,tariff 9000,0.677,google
2026-10-10,US,economy,crypto tax,crypto tax preparation,0.676,"bing,yahoo,ddg"
2026-10-10,US,it,edge ai,starkey edge ai brochure,0.673,yahoo
2026-10-10,US,science,stem cells,stem cells louisville ky,0.673,yahoo
2026-10-10,US,economy,tariff,tariff what does it mean,0.673,yahoo
2026-10-10,US,science,stem cells,why stem cell transplant,0.673,google
2026-10-10,US,science,stem cells,stem cell 17952,0.672,google
2026-10-10,US,economy,crypto tax,crypto tax professional near me fees,0.671,"bing,ddg"
2026-10-10,US,economy,tariff,tariff wikipedia,0.671,"google,yahoo"
2026-10-10,US,science,climate model,climate control tesla model x,0.67,google
2026-10-10,US,it,edge ai,edge ai stm32,0.67,bing
2026-10-10,US,science,climate model,itrace climate model he et al,0.67,yahoo
2026-10-10,US,economy,tariff,tariff 9903.01.25,0.67,bing
2026-10-10,US,economy,tariff,tariff with india,0.67,"bing,ddg,yahoo"
2026-10-10,US,economy,crypto tax,best crypto tax software,0.669,"bing,ddg"
2026-10-10,US,economy,tariff,tariff with canada today,0.669,"bing,ddg"
2026-10-10,US,economy,crypto tax,crypto tax preparer,0.668,google
2026-10-10,US,it,edge ai,edge ai chip makers,0.668,yahoo
2026-10-10,US,science,stem cells,stem cells in mexico,0.667,"google,bing"
2026-10-10,US,economy,tariff,tariff with mexico,0.666,"bing,ddg"
2026-10-10,US,economy,crypto tax,crypto tax philippines,0.663,"google,bing,ddg"
2026-10-10,US,science,stem cells,stem cells vs peptides,0.663,"google,bing,ddg"
2026-10-10,US,economy,tariff,tariff table,0.663,"bing,ddg"
2026-10-10,US,economy,tariff,tariff rebates,0.662,yahoo
2026-10-10,US,economy,tariff,tariff refunds,0.662,google
2026-10-10,US,it,edge ai,cutting edge ai tools,0.66,yahoo
2026-10-10,US,it,edge ai,edge ai book pdf,0.66,"google,bing,ddg"
2026-10-10,US,it,edge ai,edge ai diy kits,0.66,yahoo
2026-10-10,US,it,edge ai,edge ai download,0.66,"google,bing,yahoo"
2026-10-10,US,economy,crypto tax,crypto tax hq,0.659,bing
2026-10-10,US,science,stem cells,stem cells lombard illinois,0.659,yahoo
2026-10-10,US,science,stem cells,stem cells and diabetes type 1,0.657,yahoo
2026-10-10,US,science,stem cells,stem cells vitamins,0.657,"google,yahoo"
2026-10-10,US,science,climate model,climate model 8 review,0.653,yahoo
2026-10-10,US,economy,crypto tax,crypto tax bill passed,0.653,google
2026-10-10,US,economy,Hylaeus certus,hylaeus certus jewelry,0.653,yahoo
2026-10-10,US,economy,tariff,tariff hike,0.653,"bing,ddg"
2026-10-10,US,economy,tariff,tariff hong kong to us,0.653,google
2026-10-10,US,science,climate model,why climate model data,0.653,yahoo
2026-10-10,US,economy,tariff,without tariff meaning,0.653,google
2026-10-10,US,science,stem cells,why are stem cells important,0.651,"bing,ddg"
2026-10-10,US,it,edge ai,edge ai network,0.65,"google,bing,ddg"
2026-10-10,US,economy,crypto tax,how much will i owe in crypto tax,0.65,yahoo
2026-10-10,US,it,edge ai,microsoft edge ai theme generator,0.65,yahoo
2026-10-10,US,economy,tariff,tariff tax credit 2026,0.649,"bing,ddg"
2026-10-10,US,economy,alternative activities,unusual activities bristol,0.649,google
2026-10-10,US,economy,crypto tax,crypto tax jersey,0.648,google
2026-10-10,US,science,stem cells,stem cells stroke,0.648,yahoo
2026-10-10,US,economy,crypto tax,crypto tax belgium,0.647,"google,yahoo"
2026-10-10,US,it,edge ai,edge ai tutorial,0.646,"bing,ddg"
2026-10-10,US,economy,alternative activities,alternative activities manchester,0.644,google
2026-10-10,US,economy,alternative activities,alternative birthday activities,0.644,google
2026-10-10,US,economy,alternative activities,alternative wedding activities,0.644,google
2026-10-10,US,science,stem cells,stem cells liver cirrhosis treatment,0.644,yahoo
2026-10-10,US,economy,crypto tax,crypto tax japan 2026,0.643,google
2026-10-10,US,it,edge ai,edge ai sewer,0.643,bing
2026-10-10,US,science,stem cells,stem cells injections,0.643,yahoo
2026-10-10,US,economy,tariff,tariff watch,0.642,yahoo
2026-10-10,US,economy,crypto tax,how to report crypto tax,0.64,yahoo
2026-10-10,US,economy,tariff,tariff talks,0.64,bing
2026-10-10,US,economy,tariff,tariff website,0.64,"google,bing,ddg"
2026-10-10,US,it,edge ai,edge ai starkey,0.636,"bing,ddg"
2026-10-10,US,science,stem cells,stem cell 19852,0.636,"bing,ddg"
2026-10-10,US,science,stem cells,stem cells surgery,0.636,"google,bing,ddg"
2026-10-10,US,economy,tariff,tariff us china,0.636,"bing,ddg"
2026-10-10,US,economy,tariff,tariff war news,0.636,"bing,ddg"
2026-10-10,US,economy,tariff,tariff 90 day pause,0.633,"bing,yahoo,ddg"
2026-10-10,US,science,climate model,climate modelling software,0.631,"bing,ddg"
2026-10-10,US,science,stem cells,stem cells la,0.63,"google,bing,ddg"
2026-10-10,US,economy,tariff,tariff with china update,0.629,yahoo
2026-10-10,US,it,edge ai,edge ai courses,0.628,google
2026-10-10,US,it,edge ai,edge ai startup,0.628,google
2026-10-10,US,economy,tariff,tariff 99038209,0.628,yahoo
2026-10-10,US,economy,tariff,tariff uk to us,0.628,google
2026-10-10,US,science,stem cells,stem cells pills,0.627,"google,yahoo"
2026-10-10,US,science,stem cells,stem cells ppt,0.627,bing
2026-10-10,US,economy,crypto tax,crypto tax ledger,0.626,"bing,yahoo,ddg"
2026-10-10,US,science,stem cells,stem cells international,0.626,"bing,yahoo,ddg"
2026-10-10,US,economy,tariff,tariff with china,0.626,"bing,ddg,google"
2026-10-10,US,economy,crypto tax,how crypto tax is calculated,0.624,google
2026-10-10,US,science,climate model,climate model names,0.623,google
2026-10-10,US,economy,crypto tax,crypto tax bracket,0.623,"bing,yahoo,ddg"
2026-10-10,US,it,edge ai,edge ai stock price,0.623,google
2026-10-10,US,science,stem cells,stem cells products,0.623,yahoo
2026-10-10,US,economy,tariff,tariff us to canada,0.623,google
2026-10-10,US,economy,tariff,tariff wiki,0.623,bing
2026-10-10,US,it,edge ai,edge ai news,0.62,"google,bing,yahoo"
2026-10-10,US,economy,tariff,tariff 9903.88.03,0.62,"bing,yahoo"
2026-10-10,US,economy,tariff,tariff trade,0.62,bing
2026-10-10,US,economy,tariff,tariff word origin,0.62,"google,bing"
2026-10-10,US,science,stem cells,stem cells period blood,0.619,google
2026-10-10,US,it,edge ai,edge ai systems,0.617,"google,yahoo"
2026-10-10,US,science,stem cells,stem cells in plants,0.617,bing
2026-10-10,US,economy,tariff,tariff spelling,0.617,"google,bing"
2026-10-10,US,economy,tariff,tariff stimulus,0.617,"bing,yahoo"
2026-10-10,US,economy,tariff,tariff rebate,0.616,"bing,ddg"
2026-10-10,US,science,stem cells,why stem cells are not widely used yet,0.614,"bing,ddg"
2026-10-10,US,it,edge ai,edge ai california,0.613,yahoo
2026-10-10,US,it,edge ai,edge ai computing,0.613,"google,bing,ddg"
2026-10-10,US,economy,Hylaeus certus,hylaeus certus 000,0.613,yahoo
2026-10-10,US,science,climate model,model climate hvac,0.613,google
2026-10-10,US,science,stem cells,stem cells parkinson's,0.613,"google,bing,yahoo"
2026-10-10,US,economy,tariff,tariffs definition,0.613,yahoo
2026-10-10,US,economy,tariff,tariff ucas,0.61,bing
2026-10-10,US,economy,crypto tax,crypto tax jobs remote,0.609,google
2026-10-10,US,science,stem cells,stem cells process,0.609,"bing,ddg"
2026-10-10,US,it,edge ai,edge ai nedir,0.608,google
2026-10-10,US,it,edge ai,edge ai embedded systems,0.607,"google,bing,ddg"
2026-10-10,US,science,stem cells,stem cells vs bone marrow,0.606,"google,bing,yahoo,ddg"
2026-10-10,US,economy,tariff,tariff uncertainty,0.605,"bing,yahoo"
2026-10-10,US,science,stem cells,stem cells leukemia treatment,0.604,"bing,ddg"
2026-10-10,US,economy,tariff,tariff tax credit 2025 car,0.604,yahoo
2026-10-10,US,economy,crypto tax,crypto tax log in,0.603,yahoo
2026-10-10,US,economy,crypto tax,quicko crypto tax,0.603,google
2026-10-10,US,economy,tariff,tariff 9966.00.00,0.603,yahoo
2026-10-10,US,economy,tariff,tariff what is it,0.603,google
2026-10-10,US,it,edge ai,edge ai bot,0.601,"bing,yahoo"
2026-10-10,US,it,edge ai,edge ai development,0.601,"google,bing,ddg"
2026-10-10,US,science,stem cells,stem cells vs graphting,0.601,"bing,ddg"
2026-10-10,US,economy,alternative activities,alternative activities between charleston,0.6,yahoo
2026-10-10,US,economy,alternative activities,alternative activities vs therapeutic,0.6,yahoo
2026-10-10,US,economy,alternative activities,alternative activities with kids,0.6,yahoo
2026-10-10,US,economy,alternative activities,alternative activities without alcohol,0.6,yahoo
2026-10-10,US,it,classical homomorphic,classical homomorphic computing,0.6,yahoo
2026-10-10,US,it,classical homomorphic,classical homomorphic university,0.6,yahoo
2026-10-10,US,science,climate model,climate technology model 43054,0.6,google
2026-10-10,US,economy,crypto tax,crypto tax questions,0.6,"google,yahoo"
2026-10-10,US,science,climate model,edenpure 360 super climate model 200,0.6,yahoo
2026-10-10,US,science,climate model,healthy climate model hcwp3-18 filter,0.6,yahoo
2026-10-10,US,economy,alternative activities,how alternative activities affect,0.6,yahoo
2026-10-10,US,economy,Hylaeus certus,hylaeus certus defensive driving,0.6,yahoo
2026-10-10,US,science,stem cells,stem cells patches,0.6,"google,bing,yahoo"
2026-10-10,US,science,stem cells,stem cells specialized function,0.6,google
2026-10-10,US,economy,tariff,tariff without standing charge,0.6,google
2026-10-10,US,it,edge ai,turn off edge ai notifications,0.6,yahoo
2026-10-10,US,science,stem cells,what is unique about stem cells (1 point),0.6,yahoo
2026-10-10,US,science,climate model,climate model history,0.599,google
2026-10-10,US,science,climate model,climate model nudging,0.599,google
2026-10-10,US,science,stem cells,stem cells california,0.599,google
2026-10-10,US,science,stem cells,stem cells location in body,0.599,"bing,yahoo,ddg"
2026-10-10,US,science,stem cells,stem cells supplements,0.597,"google,bing,yahoo"
2026-10-10,US,economy,tariff,tariff hmrc,0.596,"bing,ddg"
2026-10-10,US,economy,tariff,tariff 9903.01.24,0.595,"bing,yahoo"
2026-10-10,US,science,climate model,climate model 44,0.593,yahoo
2026-10-10,US,science,climate model,climate model x1,0.593,yahoo
2026-10-10,US,it,edge ai,edge ai question,0.593,yahoo
2026-10-10,US,science,stem cells,stem cells shots,0.593,google
2026-10-10,US,science,stem cells,stem cells spine,0.593,yahoo
2026-10-10,US,economy,alternative activities,alternative activities berlin,0.59,google
2026-10-10,US,it,classical homomorphic,classical homomorphic 3 phase,0.59,yahoo
2026-10-10,US,it,classical homomorphic,classical homomorphic 6 steps,0.59,yahoo
2026-10-10,US,it,classical homomorphic,classical homomorphic kitchen,0.59,yahoo
2026-10-10,US,economy,crypto tax,crypto tax bill 2026,0.589,google
2026-10-10,US,it,edge ai,edge ai quantization,0.589,google
2026-10-10,US,science,stem cells,stem cell 19851a,0.589,"bing,ddg"
2026-10-10,US,economy,tariff,tariff war canada us,0.589,google
2026-10-10,US,economy,tariff,tariffs without congressional approval,0.589,"google,yahoo"
2026-10-10,US,it,edge ai,edge ai etf fact sheet,0.587,yahoo
2026-10-10,US,science,climate model,climate modelling,0.585,"bing,ddg"
2026-10-10,US,it,edge ai,edge ai tennis,0.583,"google,bing,ddg"
2026-10-10,US,economy,tariff,tariff 93 rates,0.583,google
2026-10-10,US,economy,tariff,tariff tax refund,0.581,"google,bing,yahoo"
2026-10-10,US,it,edge ai,edge ai technology,0.58,"google,bing,yahoo"
2026-10-10,US,economy,Hylaeus certus,hylaeus certus at mount dora,0.58,yahoo
2026-10-10,US,economy,tariff,tariff types,0.58,bing
2026-10-10,US,economy,crypto tax,crypto tax help,0.579,"bing,ddg"
2026-10-10,US,economy,tariff,tariff handbook,0.579,"bing,ddg"
2026-10-10,US,economy,tariff,tariff whiplash,0.579,"bing,ddg"
2026-10-10,US,it,edge ai,edge ai ti,0.578,google
2026-10-10,US,science,stem cells,stem cells injection,0.578,"google,bing"
2026-10-10,US,science,climate model,climate model hierarchy,0.574,google
2026-10-10,US,economy,crypto tax,crypto tax break,0.574,yahoo
2026-10-10,US,economy,crypto tax,crypto tax 700,0.573,yahoo
2026-10-10,US,science,stem cells,stem cells side effects,0.573,"google,bing,yahoo,ddg"
2026-10-10,US,economy,tariff,tariff hearing,0.573,yahoo
2026-10-10,US,science,stem cells,stem cells potential,0.571,"bing,ddg"
2026-10-10,US,science,stem cells,stem cells structure,0.571,"bing,ddg"
2026-10-10,US,economy,alternative activities,activities alternative word,0.57,google
2026-10-10,US,it,classical homomorphic,classical homomorphic views,0.57,yahoo
2026-10-10,US,it,edge ai,edge ai developer hackathon,0.57,yahoo
2026-10-10,US,it,edge ai,edge ai engineer tuyển dụng,0.57,yahoo
2026-10-10,US,economy,crypto tax,how to calculate crypto tax,0.57,yahoo
2026-10-10,US,economy,Hylaeus certus,hylaeus certus alternatives,0.57,yahoo
2026-10-10,US,it,edge ai,edge ai taiwan,0.569,"bing,ddg"
2026-10-10,US,science,stem cells,stem cell 100 plus,0.569,google
2026-10-10,US,science,stem cells,stem cells picture,0.569,yahoo
2026-10-10,US,economy,tariff,tariff 90 days,0.569,"bing,ddg"
2026-10-10,US,science,stem cells,stem cells storage,0.566,"google,bing,ddg"
2026-10-10,US,economy,tariff,tariff section 232,0.566,"google,bing,ddg"
2026-10-10,US,it,edge ai,edge ai books,0.563,google
2026-10-10,US,economy,alternative activities,alternative activities 3rd,0.56,yahoo
2026-10-10,US,economy,alternative activities,alternative activities 5th,0.56,yahoo
2026-10-10,US,it,classical homomorphic,classical homomorphic yang,0.56,yahoo
2026-10-10,US,it,classical homomorphic,classical homomorphic zone,0.56,yahoo
2026-10-10,US,economy,crypto tax,crypto tax calculator xero,0.56,google
2026-10-10,US,economy,crypto tax,how crypto taxes work,0.56,"google,yahoo"
2026-10-10,US,it,edge ai,edge ai board,0.559,"bing,ddg"
2026-10-10,US,science,climate model,climate model news,0.558,"google,yahoo"
2026-10-10,US,economy,tariff,tariff supreme court,0.556,"google,bing,yahoo,ddg"
2026-10-10,US,economy,crypto tax,how cryptocurrency works,0.554,"bing,ddg"
2026-10-10,US,economy,crypto tax,crypto tax germany,0.551,"bing,ddg"
2026-10-10,US,science,climate model,climate model limitations,0.55,google
2026-10-10,US,science,climate model,nobel prize climate model,0.55,google
2026-10-10,US,science,climate model,what is climate modelling,0.55,google
2026-10-10,US,economy,crypto tax,crypto tax qatar,0.549,google
2026-10-10,US,it,edge ai,edge ai note,0.549,"bing,ddg"
2026-10-10,US,economy,tariff,tariff harmonized code,0.545,"google,bing"
2026-10-10,US,science,climate model,climate model nvidia,0.544,google
2026-10-10,US,science,climate model,climate modeling lab,0.544,google
2026-10-10,US,economy,tariff,tariff with china today,0.544,"bing,ddg"
2026-10-10,US,science,stem cells,why stem cells are controversial,0.544,"google,yahoo"
2026-10-10,US,economy,crypto tax,crypto tax percentage,0.543,"google,yahoo"
2026-10-10,US,science,stem cells,stem cell 1,0.543,google
2026-10-10,US,economy,crypto tax,1040 crypto tax question,0.54,yahoo
2026-10-10,US,it,edge ai,edge ai engineer jobs,0.539,"google,bing,ddg"
2026-10-10,US,it,edge ai,edge ai trading,0.539,google
2026-10-10,US,economy,tariff,tariff 93 times,0.539,google
2026-10-10,US,science,stem cells,why stem cells are important,0.537,"google,yahoo"
2026-10-10,US,science,climate model,climate modelling jobs,0.534,"bing,ddg"
2026-10-10,US,science,climate model,climate models 2026,0.534,google
2026-10-10,US,it,edge ai,edge ai data center,0.534,google
2026-10-10,US,economy,tariff,tariff update today,0.534,yahoo
2026-10-10,US,science,climate model,climate modeling,0.531,"bing,ddg"
2026-10-10,US,economy,crypto tax,how crypto works,0.531,"bing,ddg"
2026-10-10,US,science,stem cells,why stem cells are special,0.531,"bing,yahoo,ddg"
2026-10-10,US,science,climate model,climate model 8th grade,0.53,yahoo
2026-10-10,US,science,stem cells,stem cell without chemo,0.53,yahoo
2026-10-10,US,economy,tariff,tariff refund checks,0.529,"bing,yahoo,ddg"
2026-10-10,US,economy,crypto tax,crypto tax laws 2026,0.522,"google,bing,ddg"
2026-10-10,US,science,stem cells,stem cell 19762,0.521,"bing,ddg"
2026-10-10,US,economy,Hylaeus certus,hylaeus certus journal,0.52,yahoo
2026-10-10,US,economy,Hylaeus certus,hylaeus certus premier,0.52,yahoo
2026-10-10,US,it,edge ai,edge ai chips,0.519,google
2026-10-10,US,it,edge ai,edge ai chatbot,0.517,"bing,yahoo,ddg"
2026-10-10,US,it,edge ai,edge ai server,0.511,"bing,ddg"
2026-10-10,US,it,edge ai,edge ai deployment,0.509,"google,bing,ddg"
2026-10-10,US,economy,tariff,tariff search,0.508,"bing,yahoo"
2026-10-10,US,economy,tariff,tariff refunds 2026,0.504,"bing,ddg"
2026-10-10,US,economy,tariff,tariff uk,0.501,"google,bing,ddg"
2026-10-10,US,science,climate model,climate model number,0.5,yahoo
2026-10-10,US,science,stem cells,stem cells no brasil,0.5,google
2026-10-10,US,science,climate model,why are climate models important,0.5,"google,bing,ddg"
2026-10-10,US,economy,crypto tax,crypto tax preparer near me,0.499,"google,bing,yahoo,ddg"
2026-10-10,US,economy,tariff,tariff 9100,0.496,"google,bing,ddg"
2026-10-10,US,economy,crypto tax,crypto tax lawyers,0.494,"bing,ddg"
2026-10-10,US,science,stem cells,stem cells sources,0.494,"bing,ddg"
2026-10-10,US,economy,tariff,tariff who pays,0.494,yahoo
2026-10-10,US,economy,crypto tax,crypto tax x credit,0.49,yahoo
2026-10-10,US,economy,Hylaeus certus,hylaeus certus bank,0.49,yahoo
2026-10-10,US,economy,crypto tax,crypto tax bill package,0.487,"bing,ddg"
2026-10-10,US,science,stem cells,stem cells preservation,0.487,"bing,ddg"
2026-10-10,US,economy,tariff,tariff uppcl,0.487,"bing,yahoo,ddg"
2026-10-10,US,it,edge ai,edge ai que es,0.484,google
2026-10-10,US,economy,tariff,tariff war canada,0.484,"bing,ddg"
2026-10-10,US,economy,tariff,without tariff,0.484,google
2026-10-10,US,economy,crypto tax,how crypto taxed in india,0.483,"google,bing,ddg"
2026-10-10,US,economy,tariff,tariff tool,0.481,"bing,ddg"
2026-10-10,US,economy,alternative activities,alternative activity meaning,0.48,"bing,ddg"
2026-10-10,US,science,climate model,climate model 2050,0.48,google
2026-10-10,US,economy,crypto tax,crypto tax 7 years,0.48,yahoo
2026-10-10,US,economy,Hylaeus certus,hylaeus certus 0.5,0.48,yahoo
2026-10-10,US,economy,Hylaeus subconstrictus,hylaeus floridanus,0.48,yahoo
2026-10-10,US,science,climate model,why climate models,0.48,yahoo
2026-10-10,US,economy,tariff,tariff us,0.479,google
2026-10-10,US,science,stem cells,stem cells liss expert,0.477,"bing,ddg"
2026-10-10,US,science,climate model,climate model 4.0,0.47,yahoo
2026-10-10,US,science,climate model,climate model 8.5,0.47,google
2026-10-10,US,science,climate model,climate model lab,0.47,yahoo
2026-10-10,US,economy,crypto tax,crypto tax quebec,0.47,google
2026-10-10,US,economy,Hylaeus subconstrictus,hylaeus longiceps,0.47,yahoo
2026-10-10,US,science,stem cells,why stem cells are preserved,0.469,"google,bing,ddg"
2026-10-10,US,it,edge ai,edge ai taipei 2026,0.461,"google,bing,ddg"
2026-10-10,US,economy,tariff,tariff schedule,0.461,"google,bing,yahoo,ddg"
2026-10-10,US,science,climate model,climate model x5,0.46,yahoo
2026-10-10,US,economy,crypto tax,crypto tax lawyer,0.459,"google,yahoo"
2026-10-10,US,economy,crypto tax,crypto tax professional near me,0.457,"google,bing,ddg"
2026-10-10,US,it,edge ai,edge ai course,0.454,"bing,ddg"
2026-10-10,US,it,edge ai,edge ai etf,0.453,"google,bing,yahoo,ddg"
2026-10-10,US,economy,tariff,tariff trump,0.453,"google,yahoo"
2026-10-10,US,economy,tariff,tariff 93 tasmania,0.451,"google,bing,ddg"
2026-10-10,US,economy,tariff,tariff with canada,0.451,"bing,ddg,google"
2026-10-10,US,science,climate model,climate x model,0.45,google
2026-10-10,US,it,edge ai,edge ai twitter,0.45,google
2026-10-10,US,economy,crypto tax,crypto tax legislation,0.449,"google,bing,yahoo,ddg"
2026-10-10,US,economy,crypto tax,how crypto is taxed,0.447,"bing,ddg"
2026-10-10,US,it,edge ai,edge ai examples,0.446,"google,bing,yahoo,ddg"
2026-10-10,US,it,edge ai,edge ai theme,0.444,"bing,ddg"
2026-10-10,US,science,stem cells,stem cells images,0.441,"bing,yahoo,ddg"
2026-10-10,US,it,edge ai,edge ai boards,0.44,google
2026-10-10,US,economy,crypto tax,crypto tax experts,0.437,"bing,ddg"
2026-10-10,US,science,stem cells,stem cells vs prp,0.437,"google,bing,yahoo,ddg"
2026-10-10,US,economy,crypto tax,crypto tax brackets,0.434,"google,yahoo"
2026-10-10,US,it,edge ai,edge ai npu,0.432,"google,bing,ddg"
2026-10-10,US,economy,crypto tax,crypto tax basis,0.431,"bing,yahoo,ddg"
2026-10-10,US,economy,tariff,tariff surcharge,0.431,"google,bing,ddg"
2026-10-10,US,science,stem cells,stem cell 100,0.43,google
2026-10-10,US,economy,tariff,tariff update,0.43,yahoo
2026-10-10,US,science,stem cells,stem cell 19359,0.428,"google,bing,ddg"
2026-10-10,US,science,stem cells,stem cells stages,0.427,"bing,ddg"
2026-10-10,US,it,edge ai,edge ai quiz,0.42,yahoo
2026-10-10,US,economy,crypto tax,crypto tax login,0.417,"bing,ddg"
2026-10-10,US,economy,tariff,tariff timeline,0.417,"google,bing,yahoo,ddg"
2026-10-10,US,economy,tariff,tariff history,0.415,"google,bing,yahoo"
2026-10-10,US,it,edge ai,edge ai bd,0.414,"bing,ddg"
2026-10-10,US,science,stem cells,stem cells location,0.412,"google,bing,yahoo,ddg"
2026-10-10,US,science,stem cells,stem cells 101,0.411,"bing,yahoo,ddg"
2026-10-10,US,science,stem cells,stem cells planarians,0.41,"bing,ddg"
2026-10-10,US,economy,crypto tax,crypto tax 2025,0.407,"bing,ddg"
2026-10-10,US,science,climate model,climate models 2025,0.404,"google,bing,ddg"
2026-10-10,US,economy,tariff,tariff ruling,0.401,"bing,yahoo,ddg"
2026-10-10,US,it,edge ai,edge ai book,0.398,"bing,yahoo,ddg"
2026-10-10,US,science,stem cells,stem cells vs exosomes,0.398,"google,bing,yahoo,ddg"
2026-10-10,US,it,edge ai,edge ai design,0.397,"bing,ddg"
2026-10-10,US,economy,crypto tax,crypto tax planning,0.39,"bing,ddg"
2026-10-10,US,science,stem cells,stem cells panama,0.384,"google,bing,ddg"
2026-10-10,US,it,edge ai,edge ai nxp,0.381,"google,bing,ddg"
2026-10-10,US,science,stem cells,stem cells with ms,0.38,"bing,ddg"
2026-10-10,US,economy,tariff,tariff hts codes,0.374,"google,bing,ddg"
2026-10-10,US,it,edge ai,edge ai extension,0.37,"bing,ddg"
2026-10-10,US,economy,tariff,tariff 9903.03.01,0.37,"bing,ddg"
2026-10-10,US,economy,tariff,tariff 9703,0.367,"bing,ddg"
2026-10-10,US,science,stem cells,stem cells study,0.36,"bing,ddg"
2026-10-10,US,economy,tariff,tariff updates today,0.357,"google,bing,ddg"
2026-10-10,US,it,edge ai,edge ai esp32,0.352,"google,bing,yahoo,ddg"
2026-10-10,US,it,edge ai,edge ai definition,0.351,"google,bing,yahoo,ddg"
2026-10-10,US,economy,crypto tax,crypto tax 2026,0.35,"bing,ddg"
2026-10-10,US,economy,crypto tax,crypto tax jobs,0.35,"google,yahoo"
2026-10-10,US,it,edge ai,edge ai studio,0.329,"google,bing,ddg"
2026-10-10,US,economy,tariff,tariff usa,0.322,"google,bing,yahoo,ddg"
2026-10-10,US,economy,tariff,tariff tracker,0.318,"google,bing,yahoo,ddg"
2026-10-10,US,it,edge ai,edge ai name,0.309,"google,bing,ddg"
2026-10-10,US,science,stem cells,stem cell 17951,0.307,"google,bing,ddg"
2026-10-10,US,science,stem cells,stem cells video,0.304,"bing,yahoo,ddg"
2026-10-10,US,economy,tariff,tariff 93,0.304,"google,bing,ddg"
2026-10-10,US,economy,tariff,tariff hts,0.3,"bing,ddg"
2026-10-10,US,it,edge ai,edge ai nvidia,0.297,"google,bing,ddg"
2026-10-10,US,it,edge ai,edge ai engineer,0.293,"google,bing,yahoo,ddg"
2026-10-10,US,it,edge ai,edge ai qualcomm,0.26,"google,bing,ddg"
2026-10-10,US,economy,tariff,tariff updates,0.24,"google,bing,ddg"
2026-10-10,US,economy,tariff,tariff tax,0.233,"google,bing,yahoo,ddg"
2026-10-10,US,economy,crypto tax,crypto tax bill,0.207,"google,bing,yahoo,ddg"
2026-10-10,US,economy,crypto tax,crypto tax laws,0.194,"google,bing,yahoo,ddg"
2026-10-10,US,it,edge ai,edge ai box,0.167,"google,bing,yahoo,ddg"
